time_s,azimuth_target,azimuth_true,azimuth_enc,azimuth_ahrs,azimuth_fused,azimuth_c_enc,azimuth_c_ahrs,azimuth_err_enc,azimuth_err_ahrs,azimuth_err_fused,elevation_target,elevation_true,elevation_enc,elevation_ahrs,elevation_fused,elevation_c_enc,elevation_c_ahrs,elevation_err_enc,elevation_err_ahrs,elevation_err_fused,polarization_target,polarization_true,polarization_enc,polarization_ahrs,polarization_fused,polarization_c_enc,polarization_c_ahrs,polarization_err_enc,polarization_err_ahrs,polarization_err_fused,theta_true_deg,theta_enc_deg,theta_ahrs_deg,theta_fused_deg,conf_enc,conf_ahrs,error_enc_deg,error_ahrs_deg,error_fused_deg
0.020000,87.000000,0.000562,0.360681,0.107039,0.180704,0.290428,0.709572,0.360119,0.106478,0.180142,44.000000,0.000562,-0.348420,-0.022350,-0.110604,0.270660,0.729340,-0.348982,-0.022912,-0.111166,45.000000,0.000562,-0.914163,0.511080,0.321335,0.133134,0.866866,-0.914725,0.510519,0.320773,0.000562,0.360681,0.107039,0.180704,0.290428,0.709572,0.360119,0.106478,0.180142
0.040000,87.000000,0.001105,0.625192,0.165870,0.286735,0.263139,0.736861,0.624087,0.164765,0.285630,44.000000,0.001105,0.248060,-0.095284,0.037154,0.385730,0.614270,0.246955,-0.096389,0.036049,45.000000,0.001105,0.209345,0.223653,0.220826,0.197562,0.802438,0.208240,0.222548,0.219721,0.001105,0.625192,0.165870,0.286735,0.263139,0.736861,0.624087,0.164765,0.285630
0.060000,87.000000,0.001629,0.160634,0.567182,0.427817,0.342801,0.657199,0.159004,0.565553,0.426188,44.000000,0.001629,-0.751701,0.078406,-0.158545,0.285448,0.714552,-0.753331,0.076777,-0.160175,45.000000,0.001629,0.331055,-0.162883,-0.027815,0.273452,0.726548,0.329426,-0.164513,-0.029444,0.001629,0.160634,0.567182,0.427817,0.342801,0.657199,0.159004,0.565553,0.426188
0.080000,87.000000,0.002136,0.093163,0.436071,0.304024,0.385081,0.614919,0.091027,0.433936,0.301888,44.000000,0.002136,-0.056498,0.498041,0.352655,0.262174,0.737826,-0.058634,0.495905,0.350519,45.000000,0.002136,0.113696,-0.435489,-0.251671,0.334710,0.665290,0.111561,-0.437624,-0.253807,0.002136,0.093163,0.436071,0.304024,0.385081,0.614919,0.091027,0.433936,0.301888
0.100000,87.000000,0.002624,-0.013402,-0.442914,-0.284964,0.367744,0.632256,-0.016026,-0.445539,-0.287588,44.000000,0.002624,-0.262821,-0.354182,-0.327276,0.294502,0.705498,-0.265445,-0.356806,-0.329900,45.000000,0.002624,-0.713299,0.118114,-0.120318,0.286780,0.713220,-0.715923,0.115490,-0.122942,0.002624,-0.013402,-0.442914,-0.284964,0.367744,0.632256,-0.016026,-0.445539,-0.287588
0.120000,87.000000,0.003094,0.488099,0.117166,0.244496,0.343268,0.656732,0.485005,0.114072,0.241402,44.000000,0.003094,0.158460,0.450232,0.364628,0.293394,0.706606,0.155366,0.447138,0.361534,45.000000,0.003094,0.039460,0.165768,0.128311,0.296555,0.703445,0.036366,0.162674,0.125217,0.003094,0.488099,0.117166,0.244496,0.343268,0.656732,0.485005,0.114072,0.241402
0.140000,87.000000,0.003546,0.330615,-0.735901,-0.413787,0.302026,0.697974,0.327069,-0.739447,-0.417333,44.000000,0.003546,0.037983,-0.000502,0.011285,0.306276,0.693724,0.034437,-0.004048,0.007739,45.000000,0.003546,-0.002342,0.514389,0.364599,0.289880,0.710120,-0.005888,0.510843,0.361053,0.003546,0.330615,-0.735901,-0.413787,0.302026,0.697974,0.327069,-0.739447,-0.417333
0.160000,87.000000,0.003980,0.207528,-0.548049,-0.333963,0.283342,0.716658,0.203548,-0.552029,-0.337943,44.000000,0.003980,0.437706,0.496662,0.478247,0.312349,0.687651,0.433725,0.492682,0.474267,45.000000,0.003980,0.805307,0.049783,0.296552,0.326620,0.673380,0.801327,0.045803,0.292572,0.003980,0.207528,-0.548049,-0.333963,0.283342,0.716658,0.203548,-0.552029,-0.337943
0.180000,87.000000,0.004396,0.135679,0.223362,0.196929,0.301460,0.698540,0.131283,0.218966,0.192533,44.000000,0.004396,0.466502,-0.109496,0.088954,0.344533,0.655467,0.462105,-0.113893,0.084557,45.000000,0.004396,-0.162766,0.501482,0.297419,0.307209,0.692791,-0.167163,0.497086,0.293023,0.004396,0.135679,0.223362,0.196929,0.301460,0.698540,0.131283,0.218966,0.192533
0.200000,87.000000,0.004794,-0.928586,0.125181,-0.233406,0.340292,0.659708,-0.933381,0.120387,-0.238201,44.000000,0.004794,0.523895,-0.447116,-0.061983,0.396631,0.603369,0.519100,-0.451910,-0.066778,45.000000,0.004794,0.234533,0.248452,0.244095,0.313065,0.686935,0.229739,0.243658,0.239300,0.004794,-0.928586,0.125181,-0.233406,0.340292,0.659708,-0.933381,0.120387,-0.238201
0.220000,87.000000,0.005179,-0.702091,0.072115,-0.216500,0.372789,0.627211,-0.707271,0.066936,-0.221679,44.000000,0.005179,0.173521,0.227292,0.206148,0.393219,0.606781,0.168342,0.222112,0.200969,45.000000,0.005179,-0.664687,-0.157714,-0.310674,0.301713,0.698287,-0.669866,-0.162893,-0.315854,0.005179,-0.702091,0.072115,-0.216500,0.372789,0.627211,-0.707271,0.066936,-0.221679
0.240000,87.000000,0.005557,-0.476695,-0.126140,-0.262008,0.387579,0.612421,-0.482252,-0.131697,-0.267565,44.000000,0.005557,0.199181,-0.021426,0.064853,0.391100,0.608900,0.193624,-0.026983,0.059296,45.000000,0.005557,0.347015,-0.264022,-0.065457,0.324964,0.675036,0.341458,-0.269579,-0.071014,0.005557,-0.476695,-0.126140,-0.262008,0.387579,0.612421,-0.482252,-0.131697,-0.267565
0.260000,87.000000,0.005933,-0.985716,-0.234040,-0.521888,0.382942,0.617058,-0.991650,-0.239974,-0.527822,44.000000,0.005933,-0.674300,0.394520,0.013494,0.356493,0.643507,-0.680233,0.388587,0.007561,45.000000,0.005934,-0.477809,0.537244,0.228546,0.304121,0.695879,-0.483743,0.531310,0.222612,0.005933,-0.985716,-0.234040,-0.521888,0.382942,0.617058,-0.991650,-0.239974,-0.527822
0.280000,87.000000,0.006502,0.543222,-0.192122,0.086140,0.378411,0.621589,0.536720,-0.198623,0.079638,44.000000,0.006502,0.240227,-0.410316,-0.161995,0.381713,0.618287,0.233726,-0.416817,-0.168497,45.000000,0.006502,1.334506,0.292363,0.633237,0.327090,0.672910,1.328005,0.285862,0.626735,0.006502,0.543222,-0.192122,0.086140,0.378411,0.621589,0.536720,-0.198623,0.079638
0.300000,87.000000,0.007266,-0.254857,-0.717106,-0.547683,0.366519,0.633481,-0.262123,-0.724372,-0.554949,44.000000,0.007266,-0.279474,0.364252,0.130740,0.362750,0.637250,-0.286740,0.356986,0.123474,45.000000,0.007266,-0.545513,-0.305953,-0.383493,0.323678,0.676322,-0.552779,-0.313219,-0.390760,0.007266,-0.254857,-0.717106,-0.547683,0.366519,0.633481,-0.262123,-0.724372,-0.554949
0.320000,87.000000,0.008232,0.381740,0.127992,0.219260,0.359679,0.640321,0.373508,0.119760,0.211028,44.000000,0.008232,0.078973,0.690293,0.475642,0.351128,0.648872,0.070741,0.682061,0.467410,45.000000,0.008232,-0.077305,0.054142,0.011568,0.323889,0.676111,-0.085537,0.045910,0.003336,0.008232,0.381740,0.127992,0.219260,0.359679,0.640321,0.373508,0.119760,0.211028
0.340000,87.000000,0.009404,0.960331,-0.324876,0.094526,0.326332,0.673668,0.950926,-0.334281,0.085121,44.000000,0.009404,1.417002,-0.028379,0.526863,0.384150,0.615850,1.407598,-0.037783,0.517458,45.000000,0.009404,0.136003,-0.370088,-0.198528,0.338990,0.661010,0.126599,-0.379492,-0.207932,0.009404,0.960331,-0.324876,0.094526,0.326332,0.673668,0.950926,-0.334281,0.085121
0.360000,87.000000,0.010788,-0.313347,-0.015266,-0.115297,0.335584,0.664416,-0.324135,-0.026054,-0.126085,44.000000,0.010788,1.406821,-0.115887,0.416521,0.349647,0.650353,1.396034,-0.126674,0.405734,45.000000,0.010788,-0.546361,-0.267820,-0.360921,0.334246,0.665754,-0.557149,-0.278608,-0.371709,0.010788,-0.313347,-0.015266,-0.115297,0.335584,0.664416,-0.324135,-0.026054,-0.126085
0.380000,87.000000,0.012387,0.325230,0.054499,0.144591,0.332776,0.667224,0.312843,0.042111,0.132204,44.000000,0.012387,-0.420981,0.056827,-0.113929,0.357374,0.642626,-0.433368,0.044440,-0.126316,45.000000,0.012387,-0.418005,0.246594,0.031019,0.324369,0.675631,-0.430393,0.234206,0.018631,0.012387,0.325230,0.054499,0.144591,0.332776,0.667224,0.312843,0.042111,0.132204
0.400000,87.000000,0.014208,0.209820,-0.301047,-0.134595,0.325823,0.674177,0.195612,-0.315255,-0.148803,44.000000,0.014208,-0.350316,0.340449,0.083900,0.371398,0.628602,-0.364524,0.326241,0.069692,45.000000,0.014208,0.382616,0.499508,0.461382,0.326163,0.673837,0.368408,0.485300,0.447174,0.014208,0.209820,-0.301047,-0.134595,0.325823,0.674177,0.195612,-0.315255,-0.148803
0.420000,87.000000,0.016254,0.723944,0.316659,0.447821,0.322041,0.677959,0.707690,0.300405,0.431567,44.000000,0.016254,-0.497600,0.171757,-0.073213,0.365978,0.634022,-0.513854,0.155503,-0.089467,45.000000,0.016254,-0.165151,-0.108067,-0.126770,0.327651,0.672349,-0.181406,-0.124321,-0.143025,0.016254,0.723944,0.316659,0.447821,0.322041,0.677959,0.707690,0.300405,0.431567
0.440000,87.000000,0.018531,-0.214773,0.337441,0.152780,0.334401,0.665599,-0.233305,0.318910,0.134249,44.000000,0.018531,0.904328,0.373056,0.570627,0.371884,0.628116,0.885796,0.354525,0.552096,45.000000,0.018531,0.345116,0.036441,0.139732,0.334628,0.665372,0.326585,0.017909,0.121201,0.018531,-0.214773,0.337441,0.152780,0.334401,0.665599,-0.233305,0.318910,0.134249
0.460000,87.000000,0.021044,0.497705,0.252220,0.333872,0.332615,0.667385,0.476661,0.231177,0.312828,44.000000,0.021044,-0.328983,0.381553,0.124428,0.361876,0.638124,-0.350027,0.360510,0.103384,45.000000,0.021044,1.182744,-0.675156,0.008423,0.367934,0.632066,1.161700,-0.696200,-0.012621,0.021044,0.497705,0.252220,0.333872,0.332615,0.667385,0.476661,0.231177,0.312828
0.480000,87.000000,0.023796,-0.444188,0.126123,-0.069269,0.342606,0.657394,-0.467985,0.102327,-0.093065,44.000000,0.023796,0.123168,-0.706561,-0.395906,0.374406,0.625594,0.099372,-0.730357,-0.419703,45.000000,0.023796,-0.683563,0.237626,-0.085453,0.350720,0.649280,-0.707359,0.213829,-0.109250,0.023796,-0.444188,0.126123,-0.069269,0.342606,0.657394,-0.467985,0.102327,-0.093065
0.500000,87.000000,0.026794,-0.493741,-0.341377,-0.394143,0.346317,0.653683,-0.520535,-0.368171,-0.420937,44.000000,0.026794,-0.185509,0.390069,0.175497,0.372794,0.627206,-0.212303,0.363275,0.148703,45.000000,0.026794,0.197413,-0.009061,0.064322,0.355411,0.644589,0.170619,-0.035855,0.037528,0.026794,-0.493741,-0.341377,-0.394143,0.346317,0.653683,-0.520535,-0.368171,-0.420937
0.520000,87.000000,0.030041,-0.415655,0.493108,0.163144,0.363092,0.636908,-0.445695,0.463067,0.133104,44.000000,0.030041,0.027477,0.422676,0.277657,0.366952,0.633048,-0.002564,0.392635,0.247616,45.000000,0.030041,0.246577,0.511965,0.418008,0.354036,0.645964,0.216536,0.481924,0.387967,0.030041,-0.415655,0.493108,0.163144,0.363092,0.636908,-0.445695,0.463067,0.133104
0.540000,87.000000,0.033542,-0.242782,0.213133,0.043789,0.371437,0.628563,-0.276324,0.179591,0.010247,44.000000,0.033542,-0.997003,0.012383,-0.339568,0.348680,0.651320,-1.030544,-0.021158,-0.373110,45.000000,0.033542,-0.029027,0.217599,0.130886,0.351596,0.648404,-0.062569,0.184057,0.097345,0.033542,-0.242782,0.213133,0.043789,0.371437,0.628563,-0.276324,0.179591,0.010247
0.560000,87.000000,0.037302,0.518754,0.125523,0.268938,0.364710,0.635290,0.481452,0.088221,0.231636,44.000000,0.037302,0.166441,-0.101565,-0.006678,0.354046,0.645954,0.129140,-0.138867,-0.043980,45.000000,0.037302,0.328340,-0.172800,0.007731,0.360241,0.639759,0.291039,-0.210102,-0.029571,0.037302,0.518754,0.125523,0.268938,0.364710,0.635290,0.481452,0.088221,0.231636
0.580000,87.000000,0.041325,0.490288,0.406476,0.436981,0.363964,0.636036,0.448963,0.365151,0.395656,44.000000,0.041325,-0.462969,0.643547,0.266536,0.340720,0.659280,-0.504295,0.602222,0.225211,45.000000,0.041325,-0.078477,-0.375033,-0.266504,0.365966,0.634034,-0.119803,-0.416358,-0.307829,0.041325,0.490288,0.406476,0.436981,0.363964,0.636036,0.448963,0.365151,0.395656
0.600000,87.000000,0.045617,-0.091376,-0.425871,-0.305038,0.361240,0.638760,-0.136993,-0.471488,-0.350655,44.000000,0.045617,0.235546,0.242786,0.240311,0.341824,0.658176,0.189929,0.197169,0.194694,45.000000,0.045617,0.367120,-0.177102,0.026826,0.374715,0.625285,0.321504,-0.222719,-0.018791,0.045617,-0.091376,-0.425871,-0.305038,0.361240,0.638760,-0.136993,-0.471488,-0.350655
0.620000,87.000000,0.050181,0.716539,0.249197,0.414979,0.354734,0.645266,0.666358,0.199016,0.364798,44.000000,0.050181,-0.363389,0.115987,-0.045600,0.337079,0.662921,-0.413570,0.065806,-0.095781,45.000000,0.050181,1.011248,-0.099487,0.309153,0.367901,0.632099,0.961067,-0.149668,0.258972,0.050181,0.716539,0.249197,0.414979,0.354734,0.645266,0.666358,0.199016,0.364798
0.640000,87.000000,0.055022,0.647299,0.139242,0.316363,0.348624,0.651376,0.592276,0.084220,0.261340,44.000000,0.055023,0.063080,0.503068,0.356244,0.333701,0.666299,0.008057,0.448046,0.301221,45.000000,0.055022,0.351888,-0.093462,0.067960,0.362460,0.637540,0.296866,-0.148484,0.012937,0.055022,0.647299,0.139242,0.316363,0.348624,0.651376,0.592276,0.084220,0.261340
0.660000,87.000000,0.060146,0.262195,-0.518248,-0.251344,0.341991,0.658009,0.202050,-0.578394,-0.311490,44.000000,0.060146,-0.782015,-0.124471,-0.339810,0.327491,0.672509,-0.842161,-0.184617,-0.399956,45.000000,0.060145,-0.082188,0.397647,0.220026,0.370170,0.629830,-0.142334,0.337501,0.159881,0.060146,0.262195,-0.518248,-0.251344,0.341991,0.658009,0.202050,-0.578394,-0.311490
0.680000,87.000000,0.065555,0.988155,0.075745,0.378690,0.332028,0.667972,0.922600,0.010190,0.313135,44.000000,0.065555,-0.015671,0.388505,0.257184,0.324910,0.675090,-0.081226,0.322950,0.191629,45.000000,0.065555,-0.457677,0.492932,0.134673,0.376874,0.623126,-0.523231,0.427377,0.069119,0.065555,0.988155,0.075745,0.378690,0.332028,0.667972,0.922600,0.010190,0.313135
0.700000,87.000000,0.071255,0.149308,0.244040,0.212356,0.334461,0.665539,0.078053,0.172786,0.141101,44.000000,0.071255,0.467474,-0.356038,-0.079855,0.335373,0.664627,0.396219,-0.427293,-0.151110,45.000000,0.071255,-0.503302,-0.067083,-0.228648,0.370377,0.629623,-0.574557,-0.138337,-0.299903,0.071255,0.149308,0.244040,0.212356,0.334461,0.665539,0.078053,0.172786,0.141101
0.720000,87.000000,0.077250,-0.016383,0.023754,0.010269,0.335971,0.664029,-0.093633,-0.053496,-0.066981,44.000000,0.077250,0.370781,-0.081082,0.073070,0.341148,0.658852,0.293531,-0.158332,-0.004180,45.000000,0.077249,-0.423277,0.016002,-0.144242,0.364790,0.635210,-0.500527,-0.061248,-0.221492,0.077250,-0.016383,0.023754,0.010269,0.335971,0.664029,-0.093633,-0.053496,-0.066981
0.740000,87.000000,0.083544,0.425473,-0.129924,0.054347,0.331783,0.668217,0.341929,-0.213468,-0.029197,44.000000,0.083545,0.179496,-0.094974,-0.000224,0.345211,0.654789,0.095951,-0.178519,-0.083769,45.000000,0.083544,-0.129225,0.215595,0.090955,0.361463,0.638537,-0.212769,0.132051,0.007412,0.083544,0.425473,-0.129924,0.054347,0.331783,0.668217,0.341929,-0.213468,-0.029197
0.760000,87.000000,0.090143,-0.290593,0.292879,0.095495,0.338292,0.661708,-0.380735,0.202736,0.005353,44.000000,0.090143,0.296904,0.184835,0.223743,0.347185,0.652815,0.206761,0.094691,0.133600,45.000000,0.090142,-0.321649,0.122548,-0.036001,0.356933,0.643067,-0.411791,0.032406,-0.126143,0.090143,-0.290593,0.292879,0.095495,0.338292,0.661708,-0.380735,0.202736,0.005353
0.780000,87.000000,0.097049,0.119722,0.238856,0.198279,0.340600,0.659400,0.022673,0.141807,0.101230,44.000000,0.097050,-0.035024,0.197128,0.116853,0.345787,0.654213,-0.132074,0.100078,0.019803,45.000000,0.097049,0.108165,0.242162,0.194406,0.356393,0.643607,0.011117,0.145113,0.097358,0.097049,0.119722,0.238856,0.198279,0.340600,0.659400,0.022673,0.141807,0.101230
0.800000,87.000000,0.104244,0.116485,0.054233,0.075462,0.341016,0.658984,0.012241,-0.050011,-0.028782,44.000000,0.104245,-0.586136,-0.366078,-0.441952,0.344792,0.655208,-0.690382,-0.470323,-0.546197,45.000000,0.104243,0.159184,0.164803,0.162797,0.357085,0.642915,0.054941,0.060559,0.058553,0.104244,0.116485,0.054233,0.075462,0.341016,0.658984,0.012241,-0.050011,-0.028782
0.820000,87.000000,0.111710,0.063458,0.133374,0.109419,0.342623,0.657377,-0.048253,0.021663,-0.002291,44.000000,0.111712,0.067379,0.072518,0.070742,0.345642,0.654358,-0.044333,-0.039194,-0.040970,45.000000,0.111710,-0.467018,0.164132,-0.057407,0.351009,0.648991,-0.578728,0.052422,-0.169117,0.111710,0.063458,0.133374,0.109419,0.342623,0.657377,-0.048253,0.021663,-0.002291
0.840000,87.000000,0.119434,0.938890,0.200984,0.448989,0.336094,0.663906,0.819455,0.081550,0.329555,44.000000,0.119436,-0.458657,0.599559,0.242421,0.337492,0.662508,-0.578093,0.480123,0.122985,45.000000,0.119433,-0.248294,-0.077218,-0.137114,0.350115,0.649885,-0.367728,-0.196651,-0.256548,0.119434,0.938890,0.200984,0.448989,0.336094,0.663906,0.819455,0.081550,0.329555
0.860000,87.000000,0.127405,-0.243988,0.175248,0.032559,0.340354,0.659646,-0.371393,0.047844,-0.094845,44.000000,0.127407,0.227229,-0.447763,-0.214668,0.345330,0.654670,0.099822,-0.575170,-0.342075,45.000000,0.127404,0.190724,0.221733,0.210860,0.350632,0.649368,0.063321,0.094330,0.083457,0.127405,-0.243988,0.175248,0.032559,0.340354,0.659646,-0.371393,0.047844,-0.094845
0.880000,87.000000,0.135612,-0.461989,-0.184310,-0.279616,0.343225,0.656775,-0.597601,-0.319922,-0.415228,44.000000,0.135614,0.363330,-0.050613,0.094113,0.349627,0.650373,0.227716,-0.186227,-0.041502,45.000000,0.135611,-0.364717,0.408722,0.142222,0.344565,0.655435,-0.500327,0.273111,0.006612,0.135612,-0.461989,-0.184310,-0.279616,0.343225,0.656775,-0.597601,-0.319922,-0.415228
0.900000,87.000000,0.144048,-0.233568,0.313085,0.122454,0.348725,0.651275,-0.377616,0.169037,-0.021595,44.000000,0.144051,-0.440110,-0.350265,-0.381696,0.349837,0.650163,-0.584161,-0.494316,-0.525747,45.000000,0.144047,-0.271257,-0.234521,-0.247208,0.345337,0.654663,-0.415304,-0.378568,-0.391255,0.144048,-0.233568,0.313085,0.122454,0.348725,0.651275,-0.377616,0.169037,-0.021595
0.920000,87.000000,0.152709,-0.151224,-0.012142,-0.060906,0.350614,0.649386,-0.303933,-0.164851,-0.213615,44.000000,0.152712,0.327055,0.812700,0.643713,0.347964,0.652036,0.174343,0.659988,0.491001,45.000000,0.152707,-0.507211,0.486691,0.150676,0.338078,0.661922,-0.659918,0.333984,-0.002031,0.152709,-0.151224,-0.012142,-0.060906,0.350614,0.649386,-0.303933,-0.164851,-0.213615
0.940000,87.000000,0.161588,0.964500,-0.036254,0.305927,0.341924,0.658076,0.802912,-0.197842,0.144338,44.000000,0.161592,-0.504072,0.321506,0.039337,0.341784,0.658216,-0.665664,0.159915,-0.122254,45.000000,0.161586,-0.074702,0.747079,0.472850,0.333701,0.666299,-0.236289,0.585493,0.311264,0.161588,0.964500,-0.036254,0.305927,0.341924,0.658076,0.802912,-0.197842,0.144338
0.960000,87.000000,0.170684,0.395494,0.052739,0.169268,0.339978,0.660022,0.224810,-0.117945,-0.001415,44.000000,0.170688,0.874858,0.010672,0.311610,0.348233,0.651767,0.704171,-0.160016,0.140922,45.000000,0.170682,0.244121,0.544472,0.444568,0.332626,0.667374,0.073439,0.373790,0.273886,0.170684,0.395494,0.052739,0.169268,0.339978,0.660022,0.224810,-0.117945,-0.001415
0.980000,87.000000,0.179993,0.187354,0.031298,0.084299,0.339629,0.660371,0.007361,-0.148694,-0.095693,44.000000,0.179997,-0.123380,0.213157,0.096622,0.346277,0.653723,-0.303378,0.033160,-0.083375,45.000000,0.179991,0.752981,-0.487681,-0.061748,0.343312,0.656688,0.572991,-0.667672,-0.241739,0.179993,0.187354,0.031298,0.084299,0.339629,0.660371,0.007361,-0.148694,-0.095693
1.000000,87.000000,0.189515,0.404519,-0.092787,0.074692,0.336773,0.663227,0.215005,-0.282301,-0.114822,44.000000,0.189519,0.103208,0.703904,0.497683,0.343304,0.656696,-0.086312,0.514385,0.308163,45.000000,0.189512,0.239802,0.193065,0.209160,0.344364,0.655636,0.050290,0.003553,0.019648,0.189515,0.404519,-0.092787,0.074692,0.336773,0.663227,0.215005,-0.282301,-0.114822
1.020000,87.000000,0.199248,0.548914,0.206461,0.321567,0.336121,0.663879,0.349665,0.007213,0.122318,44.000000,0.199254,-0.239011,0.345677,0.145946,0.341603,0.658397,-0.438265,0.146423,-0.053308,45.000000,0.199246,0.301683,0.145501,0.201358,0.357641,0.642359,0.102438,-0.053745,0.002113,0.199248,0.548914,0.206461,0.321567,0.336121,0.663879,0.349665,0.007213,0.122318
1.040000,87.000000,0.209194,-0.051041,0.383562,0.234322,0.343394,0.656606,-0.260235,0.174368,0.025128,44.000000,0.209200,0.530675,0.592930,0.571852,0.338584,0.661416,0.321475,0.383730,0.362652,45.000000,0.209191,0.502092,0.146927,0.274875,0.360248,0.639752,0.292900,-0.062264,0.065683,0.209194,-0.051041,0.383562,0.234322,0.343394,0.656606,-0.260235,0.174368,0.025128
1.060000,87.000000,0.219353,0.269160,-0.032778,0.068928,0.336844,0.663156,0.049807,-0.252131,-0.150425,44.000000,0.219359,0.160186,0.036614,0.079475,0.346847,0.653153,-0.059173,-0.182746,-0.139885,45.000000,0.219350,1.284406,0.014130,0.477327,0.364644,0.635356,1.065056,-0.205220,0.257977,0.219353,0.269160,-0.032778,0.068928,0.336844,0.663156,0.049807,-0.252131,-0.150425
1.080000,87.000000,0.229726,0.319876,0.337965,0.331932,0.333542,0.666458,0.090150,0.108239,0.102206,44.000000,0.229733,-0.932824,0.208940,-0.180113,0.340749,0.659251,-1.162557,-0.020793,-0.409846,45.000000,0.229723,0.850729,0.335229,0.522379,0.363046,0.636954,0.621006,0.105507,0.292657,0.229726,0.319876,0.337965,0.331932,0.333542,0.666458,0.090150,0.108239,0.102206
1.100000,87.000000,0.240315,0.667441,0.337720,0.447819,0.333916,0.666084,0.427126,0.097405,0.207504,44.000000,0.240323,0.005508,0.351164,0.234573,0.337302,0.662698,-0.234815,0.110841,-0.005749,45.000000,0.240312,0.778633,0.699577,0.728992,0.372086,0.627914,0.538321,0.459265,0.488681,0.240315,0.667441,0.337720,0.447819,0.333916,0.666084,0.427126,0.097405,0.207504
1.120000,87.000000,0.251122,1.139689,0.504596,0.715223,0.331648,0.668352,0.888566,0.253474,0.464101,44.000000,0.251131,0.685733,0.267693,0.410375,0.341313,0.658687,0.434603,0.016563,0.159245,45.000000,0.251118,-0.243737,-0.181389,-0.204623,0.372657,0.627343,-0.494856,-0.432507,-0.455742,0.251122,1.139689,0.504596,0.715223,0.331648,0.668352,0.888566,0.253474,0.464101
1.140000,87.000000,0.262150,-0.015020,-0.121595,-0.085563,0.338097,0.661903,-0.277170,-0.383745,-0.347713,44.000000,0.262159,0.414023,0.459907,0.444283,0.340524,0.659476,0.151864,0.197748,0.182124,45.000000,0.262146,-0.321172,0.454027,0.167744,0.369302,0.630698,-0.583318,0.191881,-0.094401,0.262150,-0.015020,-0.121595,-0.085563,0.338097,0.661903,-0.277170,-0.383745,-0.347713
1.160000,87.000000,0.273401,0.394878,0.543825,0.492438,0.344995,0.655005,0.121477,0.270424,0.219038,44.000000,0.273411,0.297381,-0.096854,0.038660,0.343738,0.656262,0.023970,-0.370264,-0.234751,45.000000,0.273396,0.552799,0.256791,0.365209,0.366269,0.633731,0.279403,-0.016606,0.091813,0.273401,0.394878,0.543825,0.492438,0.344995,0.655005,0.121477,0.270424,0.219038
1.180000,87.000000,0.284878,1.497305,0.226120,0.649372,0.332960,0.667040,1.212427,-0.058758,0.364494,44.000000,0.284888,0.151668,-0.081753,-0.002029,0.341547,0.658453,-0.133221,-0.366641,-0.286917,45.000000,0.284873,-0.378223,0.196405,-0.013694,0.365625,0.634375,-0.663096,-0.088468,-0.298567,0.284878,1.497305,0.226120,0.649372,0.332960,0.667040,1.212427,-0.058758,0.364494
1.200000,87.000000,0.296584,0.020379,0.025872,0.024082,0.325876,0.674124,-0.276206,-0.270712,-0.272502,44.000000,0.296596,-0.021669,0.076822,0.044005,0.333202,0.666798,-0.318265,-0.219773,-0.252591,45.000000,0.296579,-1.069013,0.507221,-0.044521,0.350040,0.649960,-1.365592,0.210642,-0.341100,0.296584,0.020379,0.025872,0.024082,0.325876,0.674124,-0.276206,-0.270712,-0.272502
1.220000,87.000000,0.308523,-0.887625,0.522483,0.059044,0.328657,0.671343,-1.196149,0.213959,-0.249480,44.000000,0.308535,0.379977,0.418527,0.405678,0.333318,0.666682,0.071441,0.109992,0.097142,45.000000,0.308518,0.869907,0.472196,0.614315,0.357343,0.642657,0.561390,0.163678,0.305798,0.308523,-0.887625,0.522483,0.059044,0.328657,0.671343,-1.196149,0.213959,-0.249480
1.240000,87.000000,0.320699,0.648550,0.622169,0.630784,0.326557,0.673443,0.327851,0.301470,0.310085,44.000000,0.320712,0.469145,0.398303,0.421835,0.332170,0.667830,0.148434,0.077591,0.101123,45.000000,0.320692,0.538048,0.392770,0.444103,0.353339,0.646661,0.217356,0.072078,0.123410,0.320699,0.648550,0.622169,0.630784,0.326557,0.673443,0.327851,0.301470,0.310085
1.260000,87.000000,0.333113,0.856243,0.291573,0.471519,0.318674,0.681326,0.523130,-0.041540,0.138405,44.000000,0.333128,0.311366,0.089988,0.165714,0.342065,0.657935,-0.021762,-0.243139,-0.167414,45.000000,0.333107,0.868852,0.363654,0.547927,0.364754,0.635246,0.535746,0.030547,0.214820,0.333113,0.856243,0.291573,0.471519,0.318674,0.681326,0.523130,-0.041540,0.138405
1.280000,87.000000,0.345772,0.680896,0.185565,0.344306,0.320475,0.679525,0.335124,-0.160206,-0.001466,44.000000,0.345787,0.368581,0.102746,0.192700,0.338382,0.661618,0.022794,-0.243041,-0.153087,45.000000,0.345765,0.767876,0.724910,0.740334,0.358984,0.641016,0.422111,0.379145,0.394569,0.345772,0.680896,0.185565,0.344306,0.320475,0.679525,0.335124,-0.160206,-0.001466
1.300000,87.000000,0.358678,0.770717,0.736273,0.747388,0.322688,0.677312,0.412040,0.377596,0.388710,44.000000,0.358694,-0.059327,-0.103631,-0.088401,0.343755,0.656245,-0.418020,-0.462325,-0.447095,45.000000,0.358670,-0.018279,0.554020,0.350119,0.356284,0.643716,-0.376949,0.195351,-0.008550,0.358678,0.770717,0.736273,0.747388,0.322688,0.677312,0.412040,0.377596,0.388710
1.320000,87.000000,0.371834,-0.101510,0.568068,0.347771,0.329010,0.670990,-0.473344,0.196234,-0.024064,44.000000,0.371852,0.156518,1.660493,1.146537,0.341734,0.658266,-0.215334,1.288641,0.774685,45.000000,0.371826,-0.014279,-0.024379,-0.020765,0.357831,0.642169,-0.386105,-0.396205,-0.392591,0.371834,-0.101510,0.568068,0.347771,0.329010,0.670990,-0.473344,0.196234,-0.024064
1.340000,87.000000,0.385246,0.830463,0.861464,0.850914,0.340302,0.659698,0.445217,0.476217,0.465668,44.000000,0.385265,0.059415,0.265299,0.196777,0.332817,0.667183,-0.325851,-0.119967,-0.188488,45.000000,0.385237,0.302107,0.778252,0.611629,0.349942,0.650058,-0.083130,0.393014,0.226391,0.385246,0.830463,0.861464,0.850914,0.340302,0.659698,0.445217,0.476217,0.465668
1.360000,87.000000,0.398917,0.273122,0.612676,0.496923,0.340896,0.659104,-0.125796,0.213759,0.098006,44.000000,0.398938,-0.622664,1.301553,0.696095,0.314656,0.685344,-1.021601,0.902615,0.297157,45.000000,0.398908,-0.015149,0.020611,0.008005,0.352516,0.647484,-0.414057,-0.378297,-0.390903,0.398917,0.273122,0.612676,0.496923,0.340896,0.659104,-0.125796,0.213759,0.098006
1.380000,87.000000,0.412852,0.429969,0.622724,0.556280,0.344705,0.655295,0.017118,0.209872,0.143429,44.000000,0.412874,-0.248570,3.892773,2.561564,0.321461,0.678539,-0.661444,3.479899,2.148690,45.000000,0.412841,-0.383336,0.419047,0.137474,0.350922,0.649078,-0.796177,0.006206,-0.275367,0.412852,0.429969,0.622724,0.556280,0.344705,0.655295,0.017118,0.209872,0.143429
1.400000,87.000000,0.427053,1.105190,0.634433,0.796566,0.344409,0.655591,0.678137,0.207380,0.369513,44.000000,0.427077,-0.052623,-1.307191,-0.878769,0.341491,0.658509,-0.479700,-1.734268,-1.305845,45.000000,0.427042,-0.286417,0.245475,0.061107,0.346627,0.653373,-0.713459,-0.181567,-0.365935,0.427053,1.105190,0.634433,0.796566,0.344409,0.655591,0.678137,0.207380,0.369513
1.420000,87.000000,0.441526,-0.152852,0.126293,0.028625,0.349883,0.650117,-0.594378,-0.315233,-0.412901,44.000000,0.441551,0.698149,-0.096462,0.182834,0.351488,0.648512,0.256598,-0.538014,-0.258717,45.000000,0.441514,0.768764,0.390349,0.522659,0.349642,0.650358,0.327251,-0.051164,0.081146,0.441526,-0.152852,0.126293,0.028625,0.349883,0.650117,-0.594378,-0.315233,-0.412901
1.440000,87.000000,0.456274,1.088720,0.491345,0.694454,0.340003,0.659997,0.632447,0.035071,0.238181,44.000000,0.456301,-0.536700,0.169469,-0.073592,0.344197,0.655803,-0.993001,-0.286832,-0.529893,45.000000,0.456261,1.257482,0.261841,0.614135,0.353837,0.646163,0.801222,-0.194419,0.157874,0.456274,1.088720,0.491345,0.694454,0.340003,0.659997,0.632447,0.035071,0.238181
1.460000,87.000000,0.471301,1.127636,0.272530,0.559161,0.335200,0.664800,0.656335,-0.198771,0.087860,44.000000,0.471331,0.477574,-0.795932,-0.336731,0.360582,0.639418,0.006243,-1.267263,-0.808062,45.000000,0.471287,0.204921,0.472398,0.381978,0.338048,0.661952,-0.266366,0.001111,-0.089309,0.471301,1.127636,0.272530,0.559161,0.335200,0.664800,0.656335,-0.198771,0.087860
1.480000,87.000000,0.486612,0.334420,0.416068,0.388987,0.331673,0.668327,-0.152192,-0.070545,-0.097625,44.000000,0.486644,0.095759,-0.183109,-0.083716,0.356415,0.643585,-0.390885,-0.669753,-0.570360,45.000000,0.486597,0.579082,-0.015045,0.193426,0.350887,0.649113,0.092484,-0.501643,-0.293172,0.486612,0.334420,0.416068,0.388987,0.331673,0.668327,-0.152192,-0.070545,-0.097625
1.500000,87.000000,0.502211,0.234054,1.096071,0.804721,0.337988,0.662012,-0.268158,0.593860,0.302509,44.000000,0.502246,0.114813,0.712881,0.499799,0.356285,0.643715,-0.387433,0.210635,-0.002447,45.000000,0.502195,1.009812,0.533432,0.701403,0.352599,0.647401,0.507617,0.031237,0.199208,0.502211,0.234054,1.096071,0.804721,0.337988,0.662012,-0.268158,0.593860,0.302509
1.520000,87.000000,0.518102,1.555246,0.450096,0.805598,0.321679,0.678321,1.037144,-0.068006,0.287496,44.000000,0.518139,0.617584,0.457641,0.515138,0.359484,0.640516,0.099445,-0.060499,-0.003002,45.000000,0.518085,0.148137,0.203280,0.183769,0.353830,0.646170,-0.369947,-0.314805,-0.334316,0.518102,1.555246,0.450096,0.805598,0.321679,0.678321,1.037144,-0.068006,0.287496
1.540000,87.000000,0.534289,0.132607,1.048201,0.750526,0.325117,0.674883,-0.401683,0.513911,0.216237,44.000000,0.534329,0.401473,1.292871,0.969364,0.362922,0.637078,-0.132856,0.758542,0.435034,45.000000,0.534270,0.507086,0.304139,0.376697,0.357521,0.642479,-0.027184,-0.230131,-0.157574,0.534289,0.132607,1.048201,0.750526,0.325117,0.674883,-0.401683,0.513911,0.216237
1.560000,87.000000,0.550776,0.289481,0.691600,0.558618,0.330704,0.669296,-0.261295,0.140824,0.007842,44.000000,0.550819,0.028117,1.264413,0.826586,0.354145,0.645855,-0.522703,0.713593,0.275767,45.000000,0.550756,0.597451,0.357068,0.442517,0.355470,0.644530,0.046695,-0.193688,-0.108239,0.550776,0.289481,0.691600,0.558618,0.330704,0.669296,-0.261295,0.140824,0.007842
1.580000,87.000000,0.567568,0.421928,0.628995,0.560218,0.332146,0.667854,-0.145640,0.061427,-0.007350,44.000000,0.567614,0.217675,0.187017,0.198093,0.361279,0.638721,-0.349939,-0.380597,-0.369521,45.000000,0.567546,0.009231,1.358347,0.894593,0.343748,0.656252,-0.558315,0.790802,0.327047,0.567568,0.421928,0.628995,0.560218,0.332146,0.667854,-0.145640,0.061427,-0.007350
1.600000,87.000000,0.584667,0.437748,0.666000,0.589278,0.336126,0.663874,-0.146920,0.081333,0.004611,44.000000,0.584717,0.650844,-0.129729,0.157182,0.367565,0.632435,0.066127,-0.714446,-0.427535,45.000000,0.584644,1.181763,0.860577,0.970373,0.341844,0.658156,0.597120,0.275934,0.385729,0.584667,0.437748,0.666000,0.589278,0.336126,0.663874,-0.146920,0.081333,0.004611
1.620000,87.000000,0.602079,0.937352,0.637368,0.738566,0.337345,0.662655,0.335272,0.035288,0.136486,44.000000,0.602133,1.221665,1.426576,1.350754,0.370024,0.629976,0.619532,0.824443,0.748621,45.000000,0.602054,0.275360,0.649910,0.525323,0.332631,0.667369,-0.326694,0.047856,-0.076731,0.602079,0.937352,0.637368,0.738566,0.337345,0.662655,0.335272,0.035288,0.136486
1.640000,87.000000,0.619808,0.667435,0.667778,0.667661,0.341516,0.658484,0.047627,0.047970,0.047853,44.000000,0.619866,0.750392,-0.392619,0.045163,0.383009,0.616991,0.130526,-1.012485,-0.574702,45.000000,0.619780,0.764332,0.992595,0.917567,0.328690,0.671310,0.144551,0.372815,0.297787,0.619808,0.667435,0.667778,0.667661,0.341516,0.658484,0.047627,0.047970,0.047853
1.660000,87.000000,0.637857,0.490114,0.783009,0.680648,0.349482,0.650518,-0.147743,0.145152,0.042791,44.000000,0.637920,0.228958,-0.263861,-0.069629,0.394123,0.605877,-0.408961,-0.901780,-0.707549,45.000000,0.637828,0.671033,0.517853,0.568860,0.332985,0.667015,0.033206,-0.119975,-0.068968,0.637857,0.490114,0.783009,0.680648,0.349482,0.650518,-0.147743,0.145152,0.042791
1.680000,87.000000,0.656231,1.018421,0.229918,0.507760,0.352367,0.647633,0.362190,-0.426313,-0.148471,44.000000,0.656298,0.347587,-0.232128,0.001513,0.403028,0.596972,-0.308711,-0.888426,-0.654785,45.000000,0.656199,0.801029,0.468809,0.582484,0.342168,0.657832,0.144830,-0.187390,-0.073715,0.656231,1.018421,0.229918,0.507760,0.352367,0.647633,0.362190,-0.426313,-0.148471
1.700000,87.000000,0.674934,1.392894,0.905929,1.074841,0.346867,0.653133,0.717960,0.230995,0.399907,44.000000,0.675006,0.412010,2.014015,1.390425,0.389258,0.610742,-0.262996,1.339010,0.715419,45.000000,0.674899,0.605616,0.213432,0.350385,0.349205,0.650795,-0.069283,-0.461467,-0.324514,0.674934,1.392894,0.905929,1.074841,0.346867,0.653133,0.717960,0.230995,0.399907
1.720000,87.000000,0.693969,0.158261,0.627603,0.463443,0.349768,0.650232,-0.535708,-0.066365,-0.230526,44.000000,0.694046,0.751656,5.625142,3.667215,0.401765,0.598235,0.057610,4.931096,2.973169,45.000000,0.693932,0.308200,0.627477,0.515696,0.350106,0.649894,-0.385732,-0.066455,-0.178236,0.693969,0.158261,0.627603,0.463443,0.349768,0.650232,-0.535708,-0.066365,-0.230526
1.740000,87.000000,0.713340,1.093874,0.662220,0.813647,0.350807,0.649193,0.380533,-0.051121,0.100307,44.000000,0.713423,1.059393,0.300346,0.608121,0.405476,0.594524,0.345969,-0.413078,-0.105303,45.000000,0.713301,1.452209,0.331458,0.736569,0.361465,0.638535,0.738908,-0.381843,0.023268,0.713340,1.093874,0.662220,0.813647,0.350807,0.649193,0.380533,-0.051121,0.100307
1.760000,87.000000,0.733053,-0.019964,0.901487,0.576580,0.352604,0.647396,-0.753017,0.168434,-0.156472,44.000000,0.733142,0.696672,0.444109,0.546903,0.407005,0.592995,-0.036470,-0.289033,-0.186239,45.000000,0.733010,1.795167,0.756725,1.143931,0.372873,0.627127,1.062157,0.023715,0.410921,0.733053,-0.019964,0.901487,0.576580,0.352604,0.647396,-0.753017,0.168434,-0.156472
1.780000,87.000000,0.753110,0.594422,0.545377,0.562602,0.351211,0.648789,-0.158688,-0.207733,-0.190508,44.000000,0.753205,0.685107,-4.091179,-1.770670,0.485842,0.514158,-0.068098,-4.844384,-2.523875,45.000000,0.753064,0.982645,0.867393,0.910653,0.375349,0.624651,0.229581,0.114329,0.157589,0.753110,0.594422,0.545377,0.562602,0.351211,0.648789,-0.158688,-0.207733,-0.190508
1.800000,87.000000,0.773515,1.528651,0.838363,1.076655,0.345207,0.654793,0.755136,0.064848,0.303140,44.000000,0.773617,0.983087,0.199916,0.586597,0.493738,0.506262,0.209470,-0.573702,-0.187020,45.000000,0.773466,0.943623,0.968643,0.959245,0.375590,0.624410,0.170157,0.195176,0.185779,0.773515,1.528651,0.838363,1.076655,0.345207,0.654793,0.755136,0.064848,0.303140
1.820000,87.000000,0.794273,1.087980,0.851734,0.932687,0.342663,0.657337,0.293708,0.057462,0.138414,44.000000,0.794382,0.937777,5.330632,3.163891,0.493243,0.506757,0.143395,4.536250,2.369509,45.000000,0.794220,0.116135,0.918183,0.618678,0.373426,0.626574,-0.678085,0.123963,-0.175542,0.794273,1.087980,0.851734,0.932687,0.342663,0.657337,0.293708,0.057462,0.138414
1.840000,87.000000,0.815387,1.218481,0.833422,0.966746,0.346243,0.653757,0.403094,0.018035,0.151359,44.000000,0.815504,-0.548071,3.720900,1.674422,0.479387,0.520613,-1.363575,2.905396,0.858918,45.000000,0.815330,0.579828,1.371235,1.079239,0.368959,0.631041,-0.235503,0.555905,0.263909,0.815387,1.218481,0.833422,0.966746,0.346243,0.653757,0.403094,0.018035,0.151359
1.860000,87.000000,0.836861,1.398463,0.299181,0.667652,0.335193,0.664807,0.561603,-0.537679,-0.169209,44.000000,0.836986,1.030995,4.287287,2.766586,0.467006,0.532994,0.194009,3.450301,1.929599,45.000000,0.836800,0.207080,0.564128,0.433591,0.365600,0.634400,-0.629721,-0.272673,-0.403209,0.836861,1.398463,0.299181,0.667652,0.335193,0.664807,0.561603,-0.537679,-0.169209
1.880000,87.000000,0.858699,0.472475,0.908052,0.761495,0.336467,0.663533,-0.386224,0.049353,-0.097204,44.000000,0.858833,0.687825,0.658027,0.671906,0.465768,0.534232,-0.171008,-0.200806,-0.186927,45.000000,0.858634,1.027752,1.171164,1.117880,0.371546,0.628454,0.169118,0.312530,0.259246,0.858699,0.472475,0.908052,0.761495,0.336467,0.663533,-0.386224,0.049353,-0.097204
1.900000,87.000000,0.880904,1.218671,0.822755,0.953227,0.329546,0.670454,0.337767,-0.058149,0.072323,44.000000,0.881048,0.710062,1.440644,1.103024,0.462125,0.537875,-0.170985,0.559596,0.221976,45.000000,0.880835,0.592389,0.766847,0.702279,0.370108,0.629892,-0.288446,-0.113989,-0.178557,0.880904,1.218671,0.822755,0.953227,0.329546,0.670454,0.337767,-0.058149,0.072323
1.920000,87.000000,0.903481,1.228651,1.058382,1.114146,0.327503,0.672497,0.325170,0.154901,0.210665,44.000000,0.903635,1.315850,0.271167,0.763801,0.471563,0.528437,0.412215,-0.632468,-0.139834,45.000000,0.903408,1.460523,0.966239,1.151194,0.374188,0.625812,0.557116,0.062831,0.247787,0.903481,1.228651,1.058382,1.114146,0.327503,0.672497,0.325170,0.154901,0.210665
1.940000,87.000000,0.926434,1.288825,0.745476,0.925524,0.331366,0.668634,0.362391,-0.180957,-0.000910,44.000000,0.926597,0.130674,0.474069,0.310878,0.475230,0.524770,-0.795923,-0.452528,-0.615720,45.000000,0.926355,1.727403,1.239501,1.415397,0.360515,0.639485,0.801048,0.313146,0.489042,0.926434,1.288825,0.745476,0.925524,0.331366,0.668634,0.362391,-0.180957,-0.000910
1.960000,87.000000,0.949765,1.718153,0.863928,1.143270,0.327013,0.672987,0.768388,-0.085838,0.193505,44.000000,0.949940,1.342980,0.746490,1.029672,0.474747,0.525253,0.393040,-0.203450,0.079732,45.000000,0.949681,0.892650,0.743215,0.796436,0.356149,0.643851,-0.057031,-0.206466,-0.153245,0.949765,1.718153,0.863928,1.143270,0.327013,0.672987,0.768388,-0.085838,0.193505
1.980000,87.000000,0.973479,0.789371,1.243796,1.093125,0.331565,0.668435,-0.184109,0.270317,0.119646,44.000000,0.973665,1.400241,1.400573,1.400415,0.476334,0.523666,0.426575,0.426907,0.426749,45.000000,0.973390,1.176706,1.352596,1.287799,0.368398,0.631602,0.203316,0.379207,0.314409,0.973479,0.789371,1.243796,1.093125,0.331565,0.668435,-0.184109,0.270317,0.119646
2.000000,87.000000,0.997580,1.225209,0.611547,0.814488,0.330705,0.669295,0.227629,-0.386033,-0.183092,44.000000,0.997778,0.275198,0.861279,0.582383,0.475867,0.524133,-0.722581,-0.136499,-0.415395,45.000000,0.997484,1.852695,1.159699,1.410301,0.361622,0.638378,0.855211,0.162214,0.412817,0.997580,1.225209,0.611547,0.814488,0.330705,0.669295,0.227629,-0.386033,-0.183092
2.020000,87.000000,1.022071,1.477108,0.998862,1.156539,0.329699,0.670301,0.455037,-0.023208,0.134469,44.000000,1.022282,0.335443,-0.792649,-0.237583,0.492040,0.507960,-0.686839,-1.814931,-1.259865,45.000000,1.021969,0.389221,1.041041,0.801188,0.367974,0.632026,-0.632747,0.019072,-0.220780,1.022071,1.477108,0.998862,1.156539,0.329699,0.670301,0.455037,-0.023208,0.134469
2.040000,87.000000,1.046955,0.715085,0.638636,0.663565,0.326085,0.673915,-0.331870,-0.408319,-0.383390,44.000000,1.047180,0.762995,0.459894,0.610024,0.495312,0.504688,-0.284185,-0.587286,-0.437156,45.000000,1.046847,1.309028,1.038564,1.138333,0.368880,0.631120,0.262181,-0.008282,0.091486,1.046955,0.715085,0.638636,0.663565,0.326085,0.673915,-0.331870,-0.408319,-0.383390
2.060000,87.000000,1.072237,1.809794,0.633174,1.008894,0.319323,0.680677,0.737558,-0.439063,-0.063343,44.000000,1.072476,1.070418,0.521028,0.794988,0.498662,0.501338,-0.002058,-0.551447,-0.277488,45.000000,1.072121,0.789409,0.626820,0.687386,0.372508,0.627492,-0.282712,-0.445301,-0.384735,1.072237,1.809794,0.633174,1.008894,0.319323,0.680677,0.737558,-0.439063,-0.063343
2.080000,87.000000,1.097919,1.184946,0.770559,0.901688,0.316443,0.683557,0.087026,-0.327361,-0.196231,44.000000,1.098173,1.013612,-0.758252,0.170050,0.523912,0.476088,-0.084562,-1.856425,-0.928124,45.000000,1.097797,0.942012,0.563165,0.704463,0.372968,0.627032,-0.155784,-0.534632,-0.393334,1.097919,1.184946,0.770559,0.901688,0.316443,0.683557,0.087026,-0.327361,-0.196231
2.100000,87.000000,1.124007,0.660383,0.736697,0.712353,0.319000,0.681000,-0.463624,-0.387310,-0.411654,44.000000,1.124276,1.233187,-2.642700,-0.431660,0.570454,0.429546,0.108911,-3.766976,-1.555936,45.000000,1.123876,1.031914,1.234292,1.159253,0.370788,0.629212,-0.091963,0.110416,0.035376,1.124007,0.660383,0.736697,0.712353,0.319000,0.681000,-0.463624,-0.387310,-0.411654
2.120000,87.000000,1.150502,1.795054,1.187520,1.381898,0.319947,0.680053,0.644552,0.037018,0.231396,44.000000,1.150788,1.804423,4.296581,2.897465,0.561405,0.438595,0.653635,3.145793,1.746677,45.000000,1.150363,1.516247,1.268893,1.361218,0.373252,0.626748,0.365883,0.118529,0.210855,1.150502,1.795054,1.187520,1.381898,0.319947,0.680053,0.644552,0.037018,0.231396
2.140000,87.000000,1.177409,1.131204,1.323156,1.261389,0.321784,0.678216,-0.046205,0.145747,0.083980,44.000000,1.177712,1.857120,7.326613,4.251651,0.562191,0.437809,0.679407,6.148900,3.073939,45.000000,1.177262,0.264952,1.295395,0.914664,0.369484,0.630516,-0.912310,0.118134,-0.262598,1.177409,1.131204,1.323156,1.261389,0.321784,0.678216,-0.046205,0.145747,0.083980
2.160000,87.000000,1.204731,1.383828,0.956784,1.092488,0.317775,0.682225,0.179097,-0.247947,-0.112243,44.000000,1.205053,0.653752,9.948794,4.707409,0.563856,0.436144,-0.551301,8.743741,3.502356,45.000000,1.204575,1.560388,1.423507,1.473941,0.368448,0.631552,0.355813,0.218932,0.269366,1.204731,1.383828,0.956784,1.092488,0.317775,0.682225,0.179097,-0.247947,-0.112243
2.180000,87.000000,1.232472,1.169009,1.665671,1.500013,0.333544,0.666456,-0.063462,0.433200,0.267542,44.000000,1.232813,1.541475,2.030374,1.756464,0.560259,0.439741,0.308663,0.797561,0.523651,45.000000,1.232306,-0.174505,1.764011,1.075967,0.354937,0.645063,-1.406810,0.531705,-0.156339,1.232472,1.169009,1.665671,1.500013,0.333544,0.666456,-0.063462,0.433200,0.267542
2.200000,87.000000,1.260634,1.265464,1.199527,1.221467,0.332733,0.667267,0.004830,-0.061107,-0.039167,44.000000,1.260995,0.927379,3.713704,2.184815,0.548709,0.451291,-0.333617,2.452709,0.923820,45.000000,1.260459,1.544370,1.402422,1.455279,0.372370,0.627630,0.283911,0.141963,0.194820,1.260634,1.265464,1.199527,1.221467,0.332733,0.667267,0.004830,-0.061107,-0.039167
2.220000,87.000000,1.289217,0.598265,1.219277,1.015264,0.328517,0.671483,-0.690953,-0.069940,-0.273953,44.000000,1.289599,1.789352,-7.256729,-1.369125,0.650775,0.349225,0.499753,-8.546328,-2.658724,45.000000,1.289031,1.556720,1.346518,1.424462,0.370804,0.629196,0.267689,0.057487,0.135431,1.289217,0.598265,1.219277,1.015264,0.328517,0.671483,-0.690953,-0.069940,-0.273953
2.240000,87.000000,1.318219,1.484271,1.226279,1.310595,0.326815,0.673185,0.166052,-0.091940,-0.007624,44.000000,1.318623,0.525463,1.736453,0.956672,0.643919,0.356081,-0.793160,0.417829,-0.361952,45.000000,1.318022,1.151678,1.533363,1.393577,0.366234,0.633766,-0.166345,0.215341,0.075554,1.318219,1.484271,1.226279,1.310595,0.326815,0.673185,0.166052,-0.091940,-0.007624
2.260000,87.000000,1.347638,1.529589,1.440914,1.470240,0.330721,0.669279,0.181951,0.093276,0.122603,44.000000,1.348065,0.744718,-4.158066,-0.799257,0.685058,0.314942,-0.603347,-5.506131,-2.147322,45.000000,1.347430,0.631678,1.462823,1.167943,0.354788,0.645212,-0.715752,0.115394,-0.179486,1.347638,1.529589,1.440914,1.470240,0.330721,0.669279,0.181951,0.093276,0.122603
2.280000,87.000000,1.377471,1.235447,1.142355,1.173405,0.333544,0.666456,-0.142025,-0.235116,-0.204066,44.000000,1.377923,1.508016,0.890555,1.314778,0.687043,0.312957,0.130093,-0.487367,-0.063145,45.000000,1.377251,2.281643,1.106178,1.532455,0.362647,0.637353,0.904391,-0.271074,0.155204,1.377471,1.235447,1.142355,1.173405,0.333544,0.666456,-0.142025,-0.235116,-0.204066
2.300000,87.000000,1.407718,1.344497,1.534150,1.470514,0.335540,0.664460,-0.063221,0.126432,0.062796,44.000000,1.408194,0.708536,3.182655,1.512958,0.674859,0.325141,-0.699659,1.774460,0.104763,45.000000,1.407486,1.096793,0.808424,0.915409,0.371000,0.629000,-0.310693,-0.599061,-0.492077,1.407718,1.344497,1.534150,1.470514,0.335540,0.664460,-0.063221,0.126432,0.062796
2.320000,87.000000,1.438376,1.373932,1.664586,1.567601,0.333679,0.666321,-0.064444,0.226210,0.129225,44.000000,1.438879,0.992900,6.190840,2.729489,0.665883,0.334117,-0.445978,4.751962,1.290610,45.000000,1.438130,1.271877,1.413225,1.360988,0.369560,0.630440,-0.166254,-0.024906,-0.077142,1.438376,1.373932,1.664586,1.567601,0.333679,0.666321,-0.064444,0.226210,0.129225
2.340000,87.000000,1.469443,1.268712,1.947869,1.717418,0.339321,0.660679,-0.200731,0.478426,0.247974,44.000000,1.469973,1.293821,3.432880,2.025668,0.657861,0.342139,-0.176153,1.962907,0.555695,45.000000,1.469184,1.572805,1.465917,1.505887,0.373949,0.626051,0.103621,-0.003268,0.036703,1.469443,1.268712,1.947869,1.717418,0.339321,0.660679,-0.200731,0.478426,0.247974
2.360000,87.000000,1.500918,1.576257,1.970416,1.836146,0.340649,0.659351,0.075339,0.469498,0.335228,44.000000,1.501476,1.743165,6.773736,3.486739,0.653382,0.346618,0.241688,5.272260,1.985263,45.000000,1.500645,2.200051,1.194011,1.565408,0.369168,0.630832,0.699406,-0.306634,0.064763,1.500918,1.576257,1.970416,1.836146,0.340649,0.659351,0.075339,0.469498,0.335228
2.380000,87.000000,1.532799,1.142662,1.690223,1.502294,0.343212,0.656788,-0.390137,0.157424,-0.030505,44.000000,1.533386,0.380236,2.152631,0.989506,0.656242,0.343758,-1.153151,0.619244,-0.543881,45.000000,1.532511,1.650021,1.387304,1.482078,0.360745,0.639255,0.117510,-0.145207,-0.050433,1.532799,1.142662,1.690223,1.502294,0.343212,0.656788,-0.390137,0.157424,-0.030505
2.400000,87.000000,1.565084,1.466668,1.717205,1.629686,0.349324,0.650676,-0.098416,0.152121,0.064602,44.000000,1.565702,1.307545,2.933240,1.888402,0.642700,0.357300,-0.258156,1.367538,0.322701,45.000000,1.564780,1.558696,1.937818,1.801000,0.360882,0.639118,-0.006085,0.373037,0.236219,1.565084,1.466668,1.717205,1.629686,0.349324,0.650676,-0.098416,0.152121,0.064602
2.420000,87.000000,1.597770,1.816497,1.838214,1.830656,0.348018,0.651982,0.218727,0.240444,0.232886,44.000000,1.598420,1.378136,-1.497800,0.399619,0.659750,0.340250,-0.220284,-3.096220,-1.198801,45.000000,1.597451,2.250658,1.394267,1.699255,0.356132,0.643868,0.653207,-0.203184,0.101804,1.597770,1.816497,1.838214,1.830656,0.348018,0.651982,0.218727,0.240444,0.232886
2.440000,87.000000,1.630857,1.622103,1.911667,1.808594,0.355957,0.644043,-0.008755,0.280809,0.177737,44.000000,1.631540,1.219273,2.139363,1.532635,0.659421,0.340579,-0.412267,0.507823,-0.098905,45.000000,1.630522,1.983770,1.447641,1.641151,0.360939,0.639061,0.353248,-0.182881,0.010629,1.630857,1.622103,1.911667,1.808594,0.355957,0.644043,-0.008755,0.280809,0.177737
2.460000,87.000000,1.664343,1.989193,1.686318,1.795633,0.360924,0.639076,0.324850,0.021975,0.131290,44.000000,1.665060,1.887983,4.742755,2.906964,0.643053,0.356947,0.222923,3.077695,1.241905,45.000000,1.663991,2.483318,0.973861,1.496690,0.346370,0.653630,0.819328,-0.690129,-0.167301,1.664343,1.989193,1.686318,1.795633,0.360924,0.639076,0.324850,0.021975,0.131290
2.480000,87.000000,1.698226,1.204462,1.720669,1.532518,0.364488,0.635512,-0.493764,0.022443,-0.165708,44.000000,1.698977,1.374524,4.280002,2.446449,0.631061,0.368939,-0.324453,2.581024,0.747472,45.000000,1.697855,1.565582,1.549150,1.554906,0.350269,0.649731,-0.132273,-0.148706,-0.142950,1.698226,1.204462,1.720669,1.532518,0.364488,0.635512,-0.493764,0.022443,-0.165708
2.500000,87.000000,1.732503,1.888531,2.118615,2.036206,0.358170,0.641830,0.156028,0.386112,0.303703,44.000000,1.733291,1.219757,4.250024,2.364183,0.622328,0.377672,-0.513534,2.516733,0.630892,45.000000,1.732114,1.363197,1.519160,1.463674,0.355763,0.644237,-0.368917,-0.212954,-0.268440,1.732503,1.888531,2.118615,2.036206,0.358170,0.641830,0.156028,0.386112,0.303703
2.520000,87.000000,1.767174,2.031343,1.996792,2.009545,0.369120,0.630880,0.264170,0.229618,0.242372,44.000000,1.768000,2.331135,10.675988,5.539063,0.615532,0.384468,0.563136,8.907988,3.771063,45.000000,1.766766,2.458500,2.027472,2.178962,0.351463,0.648537,0.691734,0.260706,0.412196,1.767174,2.031343,1.996792,2.009545,0.369120,0.630880,0.264170,0.229618,0.242372
2.540000,87.000000,1.802236,2.437398,1.928464,2.109084,0.354899,0.645101,0.635163,0.126229,0.306849,44.000000,1.803101,1.375961,3.935350,2.376148,0.609204,0.390796,-0.427140,2.132249,0.573048,45.000000,1.801808,1.268132,1.980462,1.724952,0.358696,0.641304,-0.533676,0.178653,-0.076857,1.802236,2.437398,1.928464,2.109084,0.354899,0.645101,0.635163,0.126229,0.306849
2.560000,87.000000,1.837687,1.605815,1.918145,1.807597,0.353946,0.646054,-0.231873,0.080458,-0.030090,44.000000,1.838593,1.903122,0.277950,1.290933,0.623306,0.376694,0.064530,-1.560642,-0.547660,45.000000,1.837240,1.846888,2.034537,1.966493,0.362613,0.637387,0.009648,0.197297,0.129253,1.837687,1.605815,1.918145,1.807597,0.353946,0.646054,-0.231873,0.080458,-0.030090
2.580000,87.000000,1.873527,1.639188,1.727759,1.696498,0.352948,0.647052,-0.234339,-0.145768,-0.177029,44.000000,1.874474,1.711729,-3.737383,-0.129323,0.662110,0.337890,-0.162745,-5.611857,-2.003797,45.000000,1.873059,1.930760,1.893275,1.906386,0.349767,0.650233,0.057701,0.020216,0.033327,1.873527,1.639188,1.727759,1.696498,0.352948,0.647052,-0.234339,-0.145768,-0.177029
2.600000,87.000000,1.909753,2.601986,2.032123,2.228928,0.345356,0.654644,0.692233,0.122370,0.319175,44.000000,1.910743,2.549371,4.649796,3.280307,0.652002,0.347998,0.638628,2.739053,1.369564,45.000000,1.909263,2.305997,1.915842,2.052149,0.349368,0.650632,0.396734,0.006579,0.142887,1.909753,2.601986,2.032123,2.228928,0.345356,0.654644,0.692233,0.122370,0.319175
2.620000,87.000000,1.946363,1.745356,1.890178,1.839653,0.348876,0.651124,-0.201008,-0.056186,-0.106711,44.000000,1.947398,1.715037,4.493110,2.704602,0.643788,0.356212,-0.232361,2.545712,0.757204,45.000000,1.945851,1.659046,2.010373,1.887670,0.349256,0.650744,-0.286805,0.064523,-0.058181,1.946363,1.745356,1.890178,1.839653,0.348876,0.651124,-0.201008,-0.056186,-0.106711
2.640000,87.000000,1.983357,1.656958,1.654774,1.655537,0.349019,0.650981,-0.326399,-0.328582,-0.327820,44.000000,1.984436,2.358704,0.430454,1.681816,0.648959,0.351041,0.374267,-1.553982,-0.302620,45.000000,1.982821,2.831227,1.889971,2.208587,0.338502,0.661498,0.848406,-0.092850,0.225766,1.983357,1.656958,1.654774,1.655537,0.349019,0.650981,-0.326399,-0.328582,-0.327820
2.660000,87.000000,2.020731,2.870820,1.841938,2.188802,0.337128,0.662872,0.850089,-0.178793,0.168071,44.000000,2.021858,2.256852,2.933379,2.497356,0.644502,0.355498,0.234995,0.911522,0.475498,45.000000,2.020171,2.531939,1.514975,1.852806,0.332197,0.667803,0.511768,-0.505196,-0.167365,2.020731,2.870820,1.841938,2.188802,0.337128,0.662872,0.850089,-0.178793,0.168071
2.680000,87.000000,2.058484,2.371585,2.062562,2.167795,0.340534,0.659466,0.313100,0.004077,0.109310,44.000000,2.059659,2.058562,1.114299,1.724861,0.646600,0.353400,-0.001097,-0.945360,-0.334799,45.000000,2.057900,2.609636,2.403552,2.472288,0.333536,0.666464,0.551736,0.345652,0.414388,2.058484,2.371585,2.062562,2.167795,0.340534,0.659466,0.313100,0.004077,0.109310
2.700000,87.000000,2.096616,2.848536,2.054391,2.322455,0.337550,0.662450,0.751921,-0.042224,0.225839,44.000000,2.097840,1.909622,2.794827,2.220563,0.648735,0.351265,-0.188218,0.696986,0.122722,45.000000,2.096006,2.732049,1.162222,1.673774,0.325868,0.674132,0.636043,-0.933784,-0.422232,2.096616,2.848536,2.054391,2.322455,0.337550,0.662450,0.751921,-0.042224,0.225839
2.720000,87.000000,2.135123,2.809276,2.093765,2.328866,0.328578,0.671422,0.674153,-0.041358,0.193743,44.000000,2.136399,1.554032,2.845666,2.002379,0.652883,0.347117,-0.582367,0.709267,-0.134020,45.000000,2.134487,2.530813,1.889248,2.094121,0.319334,0.680666,0.396326,-0.245239,-0.040366,2.135123,2.809276,2.093765,2.328866,0.328578,0.671422,0.674153,-0.041358,0.193743
2.740000,87.000000,2.174004,2.482709,2.131039,2.246823,0.329240,0.670760,0.308705,-0.042965,0.072818,44.000000,2.175333,2.269170,2.797944,2.455063,0.648446,0.351554,0.093837,0.622611,0.279730,45.000000,2.173341,3.081017,2.639770,2.783242,0.325151,0.674849,0.907676,0.466428,0.609900,2.174004,2.482709,2.131039,2.246823,0.329240,0.670760,0.308705,-0.042965,0.072818
2.760000,87.000000,2.213258,2.841873,2.064737,2.311468,0.317489,0.682511,0.628615,-0.148522,0.098210,44.000000,2.214641,2.445589,2.010209,2.292981,0.649481,0.350519,0.230948,-0.204432,0.078340,45.000000,2.212567,2.119518,2.076960,2.091187,0.334298,0.665702,-0.093049,-0.135607,-0.121380,2.213258,2.841873,2.064737,2.311468,0.317489,0.682511,0.628615,-0.148522,0.098210
2.780000,87.000000,2.252883,1.380618,2.367787,2.048336,0.323604,0.676396,-0.872264,0.114904,-0.204547,44.000000,2.254322,3.686581,2.496025,3.239312,0.624318,0.375682,1.432260,0.241703,0.984991,45.000000,2.252164,2.628432,2.708915,2.681769,0.337291,0.662709,0.376268,0.456751,0.429605,2.252883,1.380618,2.367787,2.048336,0.323604,0.676396,-0.872264,0.114904,-0.204547
2.800000,87.000000,2.292877,2.194275,2.302340,2.266702,0.329786,0.670214,-0.098601,0.009463,-0.026175,44.000000,2.294373,2.952010,1.023100,2.236014,0.628805,0.371195,0.657638,-1.271273,-0.058358,45.000000,2.292128,2.302981,2.007487,2.106481,0.335014,0.664986,0.010853,-0.284641,-0.185647,2.292877,2.194275,2.302340,2.266702,0.329786,0.670214,-0.098601,0.009463,-0.026175
2.820000,87.000000,2.333239,1.893977,1.851975,1.865899,0.331514,0.668486,-0.439261,-0.481264,-0.467339,44.000000,2.334793,2.484182,2.132578,2.357713,0.640308,0.359692,0.149389,-0.202215,0.022920,45.000000,2.332460,2.408112,1.872339,2.046960,0.325924,0.674076,0.075653,-0.460121,-0.285499,2.333239,1.893977,1.851975,1.865899,0.331514,0.668486,-0.439261,-0.481264,-0.467339
2.840000,87.000000,2.373966,2.660945,2.593905,2.616296,0.333990,0.666010,0.286979,0.219939,0.242330,44.000000,2.375581,3.251499,3.092469,3.196646,0.655078,0.344922,0.875919,0.716888,0.821065,45.000000,2.373156,2.895901,2.817423,2.842550,0.320182,0.679818,0.522745,0.444267,0.469394,2.373966,2.660945,2.593905,2.616296,0.333990,0.666010,0.286979,0.219939,0.242330
2.860000,87.000000,2.415058,2.900986,2.795322,2.831428,0.341703,0.658297,0.485928,0.380265,0.416370,44.000000,2.416734,2.309554,1.847214,2.155508,0.666811,0.333189,-0.107180,-0.569520,-0.261227,45.000000,2.414216,2.770071,2.324660,2.465008,0.315099,0.684901,0.355856,-0.089556,0.050793,2.415058,2.900986,2.795322,2.831428,0.341703,0.658297,0.485928,0.380265,0.416370
2.880000,87.000000,2.456512,2.811493,2.480788,2.591839,0.335801,0.664199,0.354980,0.024276,0.135327,44.000000,2.458252,2.556862,2.280711,2.465178,0.667994,0.332006,0.098610,-0.177541,0.006926,45.000000,2.455637,2.708452,2.411880,2.504440,0.312098,0.687902,0.252815,-0.043757,0.048803,2.456512,2.811493,2.480788,2.591839,0.335801,0.664199,0.354980,0.024276,0.135327
2.900000,87.000000,2.498327,2.965662,2.521056,2.670144,0.335326,0.664674,0.467335,0.022728,0.171816,44.000000,2.500133,2.153866,3.954954,2.759452,0.663763,0.336237,-0.346267,1.454821,0.259320,45.000000,2.497418,1.997187,3.182196,2.803137,0.319881,0.680119,-0.500231,0.684778,0.305718,2.498327,2.965662,2.521056,2.670144,0.335326,0.664674,0.467335,0.022728,0.171816
2.920000,87.000000,2.540502,2.830822,2.347852,2.508654,0.332943,0.667057,0.290320,-0.192650,-0.031849,44.000000,2.542374,3.042610,3.589902,3.230137,0.657355,0.342645,0.500236,1.047528,0.687763,45.000000,2.539558,2.841307,2.273075,2.454869,0.319929,0.680071,0.301749,-0.266484,-0.084690,2.540502,2.830822,2.347852,2.508654,0.332943,0.667057,0.290320,-0.192650,-0.031849
2.940000,87.000000,2.583035,3.382771,2.546306,2.822645,0.330366,0.669634,0.799736,-0.036729,0.239610,44.000000,2.584975,2.987919,2.616768,2.861767,0.660107,0.339893,0.402944,0.031793,0.276792,45.000000,2.582055,2.831763,3.301997,3.147308,0.328963,0.671037,0.249708,0.719942,0.565253,2.583035,3.382771,2.546306,2.822645,0.330366,0.669634,0.799736,-0.036729,0.239610
2.960000,87.000000,2.625923,3.166632,2.970371,3.036435,0.336615,0.663385,0.540708,0.344448,0.410512,44.000000,2.627934,2.360008,1.785622,2.165161,0.660772,0.339228,-0.267926,-0.842311,-0.462773,45.000000,2.624907,2.960839,2.780059,2.839511,0.328862,0.671138,0.335932,0.155152,0.214604,2.625923,3.166632,2.970371,3.036435,0.336615,0.663385,0.540708,0.344448,0.410512
2.980000,87.000000,2.669166,1.893466,2.604509,2.365099,0.336702,0.663298,-0.775700,-0.064658,-0.304067,44.000000,2.671248,3.601889,1.155406,2.799784,0.672134,0.327866,0.930640,-1.515843,0.128535,45.000000,2.668112,2.212737,2.554795,2.442339,0.328764,0.671236,-0.455376,-0.113317,-0.225774,2.669166,1.893466,2.604509,2.365099,0.336702,0.663298,-0.775700,-0.064658,-0.304067
3.000000,87.000000,2.712762,3.049632,2.656252,2.789329,0.338291,0.661709,0.336870,-0.056510,0.076567,44.000000,2.714918,2.956202,3.741151,3.214180,0.671343,0.328657,0.241284,1.026233,0.499262,45.000000,2.711670,2.949500,2.034432,2.335912,0.329462,0.670538,0.237830,-0.677238,-0.375758,2.712762,3.049632,2.656252,2.789329,0.338291,0.661709,0.336870,-0.056510,0.076567
3.020000,87.000000,2.756710,4.053614,2.896665,3.280758,0.331989,0.668011,1.296904,0.139955,0.524048,44.000000,2.758941,2.667587,1.719510,2.353006,0.668189,0.331811,-0.091354,-1.039430,-0.405935,45.000000,2.755578,2.670781,3.215681,3.036086,0.329592,0.670408,-0.084797,0.460103,0.280509,2.756710,4.053614,2.896665,3.280758,0.331989,0.668011,1.296904,0.139955,0.524048
3.040000,87.000000,2.801007,2.760956,2.200516,2.384877,0.328957,0.671043,-0.040051,-0.600491,-0.416130,44.000000,2.803315,2.737811,3.529406,3.004784,0.662740,0.337260,-0.065504,0.726091,0.201469,45.000000,2.799834,2.546125,2.693444,2.644480,0.332369,0.667631,-0.253709,-0.106390,-0.155354,2.801007,2.760956,2.200516,2.384877,0.328957,0.671043,-0.040051,-0.600491,-0.416130
3.060000,87.000000,2.845652,2.871186,3.008110,2.961612,0.339590,0.660410,0.025534,0.162458,0.115960,44.000000,2.848039,2.675816,1.637449,2.326842,0.663920,0.336080,-0.172223,-1.210590,-0.521196,45.000000,2.844438,2.718287,3.066192,2.949341,0.335869,0.664131,-0.126151,0.221754,0.104903,2.845652,2.871186,3.008110,2.961612,0.339590,0.660410,0.025534,0.162458,0.115960
3.080000,87.000000,2.890644,2.528693,2.937112,2.796067,0.345345,0.654655,-0.361951,0.046468,-0.094577,44.000000,2.893111,3.155356,2.882683,3.060840,0.653372,0.346628,0.262245,-0.010428,0.167729,45.000000,2.889387,2.793017,3.086998,2.986934,0.340375,0.659625,-0.096370,0.197611,0.097547,2.890644,2.528693,2.937112,2.796067,0.345345,0.654655,-0.361951,0.046468,-0.094577
3.100000,87.000000,2.935981,3.475551,2.816959,3.040249,0.339042,0.660958,0.539571,-0.119021,0.104269,44.000000,2.938530,3.148232,3.302998,3.206381,0.624275,0.375725,0.209701,0.364467,0.267851,45.000000,2.934680,2.427371,3.186746,2.925444,0.344102,0.655898,-0.507309,0.252066,-0.009237,2.935981,3.475551,2.816959,3.040249,0.339042,0.660958,0.539571,-0.119021,0.104269
3.120000,87.000000,2.981661,2.486283,2.644442,2.589823,0.345340,0.654660,-0.495378,-0.337219,-0.391837,44.000000,2.984295,2.904811,2.056415,2.597319,0.637560,0.362440,-0.079484,-0.927879,-0.386975,45.000000,2.980316,3.175114,3.395373,3.318669,0.348244,0.651756,0.194798,0.415057,0.338353,2.981661,2.486283,2.644442,2.589823,0.345340,0.654660,-0.495378,-0.337219,-0.391837
3.140000,87.000000,3.027683,2.858989,3.216657,3.092614,0.346810,0.653190,-0.168694,0.188974,0.064931,44.000000,3.030403,2.642620,2.970031,2.757148,0.650200,0.349800,-0.387783,-0.060372,-0.273255,45.000000,3.026292,3.264184,3.297329,3.285997,0.341896,0.658104,0.237891,0.271036,0.259704,3.027683,2.858989,3.216657,3.092614,0.346810,0.653190,-0.168694,0.188974,0.064931
3.160000,87.000000,3.074046,2.032185,2.858518,2.565379,0.354748,0.645252,-1.041860,-0.215527,-0.508667,44.000000,3.076854,2.998302,2.951514,2.982645,0.665367,0.334633,-0.078552,-0.125339,-0.094208,45.000000,3.072608,3.124820,3.274703,3.223167,0.343839,0.656161,0.052212,0.202094,0.150559,3.074046,2.032185,2.858518,2.565379,0.354748,0.645252,-1.041860,-0.215527,-0.508667
3.180000,87.000000,3.120747,3.859575,2.544666,2.991082,0.339505,0.660495,0.738828,-0.576081,-0.129665,44.000000,3.123645,2.798331,2.766075,2.787633,0.668344,0.331656,-0.325314,-0.357570,-0.336012,45.000000,3.119262,3.206220,3.808474,3.605697,0.336696,0.663304,0.086959,0.689212,0.486436,3.120747,3.859575,2.544666,2.991082,0.339505,0.660495,0.738828,-0.576081,-0.129665
3.200000,87.000000,3.167786,3.712985,3.340115,3.465872,0.337267,0.662733,0.545199,0.172329,0.298086,44.000000,3.170776,2.569759,2.913173,2.679862,0.679387,0.320613,-0.601017,-0.257603,-0.490913,45.000000,3.166251,2.906934,3.355196,3.202557,0.340512,0.659488,-0.259317,0.188944,0.036306,3.167786,3.712985,3.340115,3.465872,0.337267,0.662733,0.545199,0.172329,0.298086
3.220000,87.000000,3.215160,3.075688,3.813917,3.562631,0.340391,0.659609,-0.139473,0.598757,0.347471,44.000000,3.218244,3.872752,2.699168,3.380005,0.580135,0.419865,0.654508,-0.519076,0.161762,45.000000,3.213576,2.871129,3.868567,3.519517,0.349947,0.650053,-0.342446,0.654991,0.305942,3.215160,3.075688,3.813917,3.562631,0.340391,0.659609,-0.139473,0.598757,0.347471
3.240000,87.000000,3.262869,2.925018,3.209908,3.111806,0.344350,0.655650,-0.337851,-0.052961,-0.151063,44.000000,3.266048,3.730624,3.303260,3.554843,0.588686,0.411314,0.464576,0.037212,0.288795,45.000000,3.261233,2.445251,3.562735,3.166670,0.354427,0.645573,-0.815983,0.301502,-0.094563,3.262869,2.925018,3.209908,3.111806,0.344350,0.655650,-0.337851,-0.052961,-0.151063
3.260000,87.000000,3.310911,4.117182,3.510538,3.716785,0.339980,0.660020,0.806271,0.199628,0.405874,44.000000,3.314187,2.732135,3.271959,2.991715,0.519139,0.480861,-0.582053,-0.042228,-0.322472,45.000000,3.309222,3.208769,3.572086,3.444326,0.351648,0.648352,-0.100453,0.262864,0.135104,3.310911,4.117182,3.510538,3.716785,0.339980,0.660020,0.806271,0.199628,0.405874
3.280000,87.000000,3.359283,3.198681,3.745867,3.556853,0.345429,0.654571,-0.160602,0.386583,0.197570,44.000000,3.362660,3.068691,3.046321,3.057763,0.511466,0.488534,-0.293969,-0.316338,-0.304897,45.000000,3.357541,3.147952,3.464744,3.349227,0.364646,0.635354,-0.209589,0.107203,-0.008314,3.359283,3.198681,3.745867,3.556853,0.345429,0.654571,-0.160602,0.386583,0.197570
3.300000,87.000000,3.407986,3.719750,3.230975,3.397195,0.340074,0.659926,0.311764,-0.177010,-0.010791,44.000000,3.411464,3.222648,4.250079,3.713947,0.521818,0.478182,-0.188816,0.838616,0.302483,45.000000,3.406189,3.338702,2.857006,3.032794,0.364936,0.635064,-0.067486,-0.549183,-0.373395,3.407986,3.719750,3.230975,3.397195,0.340074,0.659926,0.311764,-0.177010,-0.010791
3.320000,87.000000,3.457016,2.933594,3.605459,3.375250,0.342643,0.657357,-0.523422,0.148443,-0.081767,44.000000,3.460598,3.294093,3.629707,3.448653,0.539471,0.460529,-0.166505,0.169109,-0.011945,45.000000,3.455163,3.015926,3.369741,3.239835,0.367158,0.632842,-0.439237,-0.085422,-0.215328,3.457016,2.933594,3.605459,3.375250,0.342643,0.657357,-0.523422,0.148443,-0.081767
3.340000,87.000000,3.506374,3.518664,3.093303,3.235388,0.334033,0.665967,0.012290,-0.413071,-0.270986,44.000000,3.510061,2.763147,2.988351,2.864596,0.549524,0.450476,-0.746914,-0.521710,-0.645465,45.000000,3.504463,4.067889,3.496302,3.703263,0.362082,0.637918,0.563426,-0.008161,0.198800,3.506374,3.518664,3.093303,3.235388,0.334033,0.665967,0.012290,-0.413071,-0.270986
3.360000,87.000000,3.556056,4.207820,3.448077,3.694692,0.324604,0.675396,0.651763,-0.107980,0.138636,44.000000,3.559851,3.990284,3.191384,3.646228,0.569337,0.430663,0.430433,-0.368467,0.086376,45.000000,3.554088,3.164589,3.538604,3.398607,0.374309,0.625691,-0.389498,-0.015484,-0.155481,3.556056,4.207820,3.448077,3.694692,0.324604,0.675396,0.651763,-0.107980,0.138636
3.380000,87.000000,3.606063,3.915250,3.100749,3.357988,0.315824,0.684176,0.309187,-0.505313,-0.248075,44.000000,3.609968,3.893902,3.643533,3.789961,0.584850,0.415150,0.283935,0.033565,0.179994,45.000000,3.604034,3.753287,3.179008,3.392733,0.372162,0.627838,0.149253,-0.425026,-0.211301,3.606063,3.915250,3.100749,3.357988,0.315824,0.684176,0.309187,-0.505313,-0.248075
3.400000,87.000000,3.656392,3.863016,3.214832,3.415856,0.310134,0.689866,0.206624,-0.441560,-0.240536,44.000000,3.660408,4.670137,2.290661,3.749079,0.612912,0.387088,1.009729,-1.369748,0.088671,45.000000,3.654302,2.867957,4.083052,3.622748,0.378822,0.621178,-0.786344,0.428750,-0.031554,3.656392,3.863016,3.214832,3.415856,0.310134,0.689866,0.206624,-0.441560,-0.240536
3.420000,87.000000,3.707041,3.658078,3.667829,3.664806,0.309982,0.690018,-0.048963,-0.039212,-0.042235,44.000000,3.711172,3.398561,3.974372,3.645805,0.570616,0.429384,-0.312611,0.263200,-0.065367,45.000000,3.704889,3.341168,3.823165,3.634363,0.391708,0.608292,-0.363721,0.118276,-0.070526,3.707041,3.658078,3.667829,3.664806,0.309982,0.690018,-0.048963,-0.039212,-0.042235
3.440000,87.000000,3.758010,4.105419,3.665107,3.799439,0.305085,0.694915,0.347409,-0.092903,0.041429,44.000000,3.762257,4.340513,4.224812,4.291812,0.579077,0.420923,0.578256,0.462555,0.529555,45.000000,3.755794,4.361831,4.035904,4.163733,0.392201,0.607799,0.606037,0.280109,0.407938,3.758010,4.105419,3.665107,3.799439,0.305085,0.694915,0.347409,-0.092903,0.041429
3.460000,87.000000,3.809297,4.001771,3.511678,3.660659,0.303986,0.696014,0.192474,-0.297619,-0.148638,44.000000,3.813662,4.074620,4.217772,4.132347,0.596745,0.403255,0.260958,0.404110,0.318685,45.000000,3.807016,3.293754,3.630376,3.502643,0.379455,0.620545,-0.513263,-0.176641,-0.304374,3.809297,4.001771,3.511678,3.660659,0.303986,0.696014,0.192474,-0.297619,-0.148638
3.480000,87.000000,3.860900,3.356765,3.560258,3.498749,0.302265,0.697735,-0.504136,-0.300643,-0.362151,44.000000,3.865386,3.911364,4.790221,4.251796,0.612641,0.387359,0.045978,0.924835,0.386410,45.000000,3.858553,4.518385,3.758196,4.050940,0.385094,0.614906,0.659832,-0.100358,0.192386,3.860900,3.356765,3.560258,3.498749,0.302265,0.697735,-0.504136,-0.300643,-0.362151
3.500000,87.000000,3.912819,4.464541,4.153758,4.246592,0.298712,0.701288,0.551722,0.240939,0.333773,44.000000,3.917427,3.625025,4.704200,4.026778,0.627721,0.372279,-0.292402,0.786773,0.109351,45.000000,3.910404,3.464137,3.748872,3.639366,0.384591,0.615409,-0.446267,-0.161532,-0.271039,3.912819,4.464541,4.153758,4.246592,0.298712,0.701288,0.551722,0.240939,0.333773
3.520000,87.000000,3.965051,4.622011,4.201686,4.326185,0.296198,0.703802,0.656960,0.236635,0.361134,44.000000,3.969784,4.205839,4.070259,4.137126,0.493192,0.506808,0.236055,0.100475,0.167342,45.000000,3.962567,3.483490,4.377305,4.044058,0.372837,0.627163,-0.479077,0.414738,0.081491,3.965051,4.622011,4.201686,4.326185,0.296198,0.703802,0.656960,0.236635,0.361134
3.540000,87.000000,4.017595,4.211582,4.217245,4.215548,0.299692,0.700308,0.193986,0.199650,0.197952,44.000000,4.022455,3.720892,4.593338,4.182462,0.470948,0.529052,-0.301564,0.570882,0.160006,45.000000,4.015041,3.265967,3.917504,3.673709,0.374184,0.625816,-0.749074,-0.097537,-0.341332,4.017595,4.211582,4.217245,4.215548,0.299692,0.700308,0.193986,0.199650,0.197952
3.560000,87.000000,4.070450,4.533764,3.992864,4.152194,0.294565,0.705435,0.463314,-0.077586,0.081744,44.000000,4.075440,4.421319,4.448286,4.435311,0.481158,0.518842,0.345880,0.372847,0.359871,45.000000,4.067824,4.881255,4.128111,4.414377,0.380094,0.619906,0.813431,0.060287,0.346552,4.070450,4.533764,3.992864,4.152194,0.294565,0.705435,0.463314,-0.077586,0.081744
3.580000,87.000000,4.123615,4.400961,4.360645,4.372509,0.294270,0.705730,0.277346,0.237031,0.248894,44.000000,4.128736,4.163309,3.875063,4.009305,0.465720,0.534280,0.034574,-0.253673,-0.119431,45.000000,4.120915,4.826893,3.645573,4.106075,0.389821,0.610179,0.705977,-0.475343,-0.014840,4.123615,4.400961,4.360645,4.372509,0.294270,0.705730,0.277346,0.237031,0.248894
3.600000,87.000000,4.177087,4.671111,4.378644,4.465247,0.296111,0.703889,0.494024,0.201557,0.288160,44.000000,4.182342,4.423626,5.335331,4.932251,0.442117,0.557883,0.241284,1.152990,0.749909,45.000000,4.174313,3.293424,4.453029,4.018186,0.374993,0.625007,-0.880889,0.278716,-0.156127,4.177087,4.671111,4.378644,4.465247,0.296111,0.703889,0.494024,0.201557,0.288160
3.620000,87.000000,4.230866,3.508334,4.086928,3.914487,0.298035,0.701965,-0.722532,-0.143938,-0.316378,44.000000,4.236257,4.544797,3.627019,3.989119,0.394541,0.605459,0.308540,-0.609237,-0.247137,45.000000,4.228016,4.430027,3.652337,3.952861,0.386432,0.613568,0.202011,-0.575679,-0.275155,4.230866,3.508334,4.086928,3.914487,0.298035,0.701965,-0.722532,-0.143938,-0.316378
3.640000,87.000000,4.284950,4.720582,3.983704,4.200251,0.293871,0.706129,0.435633,-0.301246,-0.084699,44.000000,4.290479,5.590535,3.410674,4.254798,0.387241,0.612759,1.300057,-0.879805,-0.035681,45.000000,4.282022,4.983470,4.170176,4.482493,0.384015,0.615985,0.701448,-0.111846,0.200471,4.284950,4.720582,3.983704,4.200251,0.293871,0.706129,0.435633,-0.301246,-0.084699
3.660000,87.000000,4.339337,3.927090,4.148950,4.082059,0.301500,0.698500,-0.412247,-0.190388,-0.257279,44.000000,4.345007,2.942412,3.791479,3.465703,0.383688,0.616312,-1.402595,-0.553529,-0.879305,45.000000,4.336331,3.819005,3.593104,3.678349,0.377356,0.622644,-0.517325,-0.743227,-0.657981,4.339337,3.927090,4.148950,4.082059,0.301500,0.698500,-0.412247,-0.190388,-0.257279
3.680000,87.000000,4.394028,4.650529,4.757895,4.725190,0.304614,0.695386,0.256502,0.363867,0.331162,44.000000,4.399840,6.254873,4.012715,4.837105,0.367681,0.632319,1.855033,-0.387125,0.437265,45.000000,4.390940,3.944573,4.001531,3.980161,0.375187,0.624813,-0.446367,-0.389409,-0.410779,4.394028,4.650529,4.757895,4.725190,0.304614,0.695386,0.256502,0.363867,0.331162
3.700000,87.000000,4.449019,5.086475,4.152970,4.436679,0.303919,0.696081,0.637456,-0.296048,-0.012339,44.000000,4.454977,9.599978,4.092104,5.756595,0.302234,0.697766,5.145002,-0.362872,1.301619,45.000000,4.445849,4.454972,4.143368,4.256009,0.361489,0.638511,0.009123,-0.302481,-0.189840,4.449019,5.086475,4.152970,4.436679,0.303919,0.696081,0.637456,-0.296048,-0.012339
3.720000,87.000000,4.504309,4.530133,4.109891,4.238634,0.306356,0.693644,0.025823,-0.394418,-0.265675,44.000000,4.510415,5.264160,4.297311,4.578260,0.290583,0.709417,0.753745,-0.213104,0.067845,45.000000,4.501056,3.824758,4.278468,4.118785,0.351951,0.648049,-0.676298,-0.222587,-0.382271,4.504309,4.530133,4.109891,4.238634,0.306356,0.693644,0.025823,-0.394418,-0.265675
3.740000,87.000000,4.559898,4.374247,4.776566,4.651267,0.311442,0.688558,-0.185652,0.216667,0.091368,44.000000,4.566154,7.482292,4.196074,5.080914,0.269270,0.730730,2.916138,-0.370080,0.514760,45.000000,4.556559,5.075022,4.556874,4.739600,0.352652,0.647348,0.518463,0.000315,0.183040,4.559898,4.374247,4.776566,4.651267,0.311442,0.688558,-0.185652,0.216667,0.091368
3.760000,87.000000,4.615784,5.457436,4.318875,4.670692,0.309003,0.690997,0.841652,-0.296909,0.054908,44.000000,4.622192,8.306556,4.203038,5.231460,0.250640,0.749360,3.684364,-0.419154,0.609268,45.000000,4.612358,4.758518,4.990178,4.908856,0.351041,0.648959,0.146160,0.377820,0.296498,4.615784,5.457436,4.318875,4.670692,0.309003,0.690997,0.841652,-0.296909,0.054908
3.780000,87.000000,4.671965,5.189592,4.562037,4.750221,0.299869,0.700131,0.517626,-0.109928,0.078256,44.000000,4.678528,7.484332,4.047524,4.884926,0.243671,0.756329,2.805804,-0.631004,0.206398,45.000000,4.668451,5.023697,4.747914,4.845423,0.353572,0.646428,0.355246,0.079462,0.176972,4.671965,5.189592,4.562037,4.750221,0.299869,0.700131,0.517626,-0.109928,0.078256
3.800000,87.000000,4.728441,4.566098,5.014339,4.878829,0.302315,0.697685,-0.162343,0.285898,0.150388,44.000000,4.735161,8.420294,5.219292,5.973173,0.235526,0.764474,3.685133,0.484132,1.238012,45.000000,4.724837,4.007557,4.876298,4.577552,0.343884,0.656116,-0.717280,0.151461,-0.147285,4.728441,4.566098,5.014339,4.878829,0.302315,0.697685,-0.162343,0.285898,0.150388
3.820000,87.000000,4.785209,5.032211,5.332665,5.240878,0.305496,0.694504,0.247001,0.547456,0.455668,44.000000,4.792089,3.682054,3.787046,3.762403,0.234715,0.765285,-1.110034,-1.005043,-1.029686,45.000000,4.781513,4.173374,4.666223,4.501129,0.334979,0.665021,-0.608139,-0.115291,-0.280385,4.785209,5.032211,5.332665,5.240878,0.305496,0.694504,0.247001,0.547456,0.455668
3.840000,87.000000,4.842269,5.009709,4.660585,4.766569,0.303571,0.696429,0.167440,-0.181684,-0.075701,44.000000,4.849311,1.666718,4.364680,3.738564,0.232079,0.767921,-3.182593,-0.484630,-1.110746,45.000000,4.838480,4.226383,5.131914,4.834248,0.328721,0.671279,-0.612097,0.293434,-0.004232,4.842269,5.009709,4.660585,4.766569,0.303571,0.696429,0.167440,-0.181684,-0.075701
3.860000,87.000000,4.899619,5.170990,4.825580,4.929761,0.301616,0.698384,0.271371,-0.074039,0.030142,44.000000,4.906825,5.597758,5.208616,5.299047,0.232387,0.767613,0.690933,0.301791,0.392222,45.000000,4.895735,4.881707,5.027774,4.980311,0.324941,0.675059,-0.014028,0.132040,0.084576,4.899619,5.170990,4.825580,4.929761,0.301616,0.698384,0.271371,-0.074039,0.030142
3.880000,87.000000,4.957258,4.632244,4.848909,4.782884,0.304732,0.695268,-0.325014,-0.108349,-0.174373,44.000000,4.964631,4.498354,4.894655,4.802218,0.233251,0.766749,-0.466277,-0.069976,-0.162413,45.000000,4.953277,5.061307,5.411000,5.298535,0.321611,0.678389,0.108030,0.457723,0.345258,4.957258,4.632244,4.848909,4.782884,0.304732,0.695268,-0.325014,-0.108349,-0.174373
3.900000,87.000000,5.015184,5.087447,5.102419,5.097811,0.307761,0.692239,0.072263,0.087235,0.082627,44.000000,5.022727,3.093332,5.220471,4.740991,0.225416,0.774584,-1.929395,0.197744,-0.281735,45.000000,5.011105,4.920740,5.523969,5.327391,0.325876,0.674124,-0.090365,0.512864,0.316286,5.015184,5.087447,5.102419,5.097811,0.307761,0.692239,0.072263,0.087235,0.082627
3.920000,87.000000,5.073397,5.284024,4.597897,4.808482,0.306919,0.693081,0.210627,-0.475499,-0.264914,44.000000,5.081111,5.168987,4.835004,4.908465,0.219955,0.780045,0.087876,-0.246107,-0.172646,45.000000,5.069217,4.583357,5.032514,4.889280,0.318894,0.681106,-0.485860,-0.036703,-0.179937,5.073397,5.284024,4.597897,4.808482,0.306919,0.693081,0.210627,-0.475499,-0.264914
3.940000,87.000000,5.131894,4.843013,5.136025,5.043835,0.314632,0.685368,-0.288881,0.004131,-0.088060,44.000000,5.139783,1.715552,5.758551,4.852437,0.224139,0.775861,-3.424231,0.618769,-0.287345,45.000000,5.127613,4.992268,5.210098,5.140468,0.319654,0.680346,-0.135345,0.082485,0.012855,5.131894,4.843013,5.136025,5.043835,0.314632,0.685368,-0.288881,0.004131,-0.088060
3.960000,87.000000,5.190675,5.728423,4.917666,5.169242,0.310298,0.689702,0.537748,-0.273009,-0.021433,44.000000,5.198740,4.425199,5.032706,4.895311,0.226162,0.773838,-0.773542,-0.166035,-0.303429,45.000000,5.186290,4.658143,4.613682,4.627890,0.319554,0.680446,-0.528147,-0.572608,-0.558400,5.190675,5.728423,4.917666,5.169242,0.310298,0.689702,0.537748,-0.273009,-0.021433
3.980000,87.000000,5.249738,4.960298,5.647961,5.433777,0.311468,0.688532,-0.289440,0.398223,0.184039,44.000000,5.257983,5.523341,4.870597,5.019774,0.228539,0.771461,0.265358,-0.387386,-0.238209,45.000000,5.245248,6.104534,5.188489,5.487569,0.326491,0.673509,0.859286,-0.056759,0.242321,5.249738,4.960298,5.647961,5.433777,0.311468,0.688532,-0.289440,0.398223,0.184039
4.000000,87.000000,5.309082,5.318609,5.285843,5.296127,0.313857,0.686143,0.009527,-0.023240,-0.012956,44.000000,5.317509,5.355501,4.928377,5.023316,0.222277,0.777723,0.037992,-0.389132,-0.294192,45.000000,5.304485,5.181297,4.677988,4.840402,0.322692,0.677308,-0.123188,-0.626497,-0.464083,5.309082,5.318609,5.285843,5.296127,0.313857,0.686143,0.009527,-0.023240,-0.012956
4.020000,87.000000,5.368706,5.112842,5.156301,5.142234,0.323687,0.676313,-0.255864,-0.212405,-0.226472,44.000000,5.377317,5.373200,5.576194,5.530663,0.224294,0.775706,-0.004117,0.198877,0.153346,45.000000,5.364000,5.434091,4.921911,5.090825,0.329794,0.670206,0.070092,-0.442089,-0.273175,5.368706,5.112842,5.156301,5.142234,0.323687,0.676313,-0.255864,-0.212405,-0.226472
4.040000,87.000000,5.428608,5.677797,5.237581,5.380141,0.323841,0.676159,0.249189,-0.191027,-0.048467,44.000000,5.437406,5.280729,4.477708,4.653803,0.219292,0.780708,-0.156677,-0.959699,-0.783603,45.000000,5.423791,5.946350,4.627416,5.076372,0.340394,0.659606,0.522558,-0.796375,-0.347420,5.428608,5.677797,5.237581,5.380141,0.323841,0.676159,0.249189,-0.191027,-0.048467
4.060000,87.000000,5.488788,5.403104,5.666459,5.580948,0.324699,0.675301,-0.085684,0.177671,0.092160,44.000000,5.497775,4.836875,5.355225,5.240680,0.220981,0.779019,-0.660900,-0.142550,-0.257095,45.000000,5.483858,5.568968,5.100532,5.262887,0.346589,0.653411,0.085110,-0.383326,-0.220971,5.488788,5.403104,5.666459,5.580948,0.324699,0.675301,-0.085684,0.177671,0.092160
4.080000,87.000000,5.549243,4.960093,5.677254,5.443044,0.326581,0.673419,-0.589149,0.128012,-0.106199,44.000000,5.558422,4.625894,5.530991,5.328428,0.223804,0.776196,-0.932528,-0.027431,-0.229994,45.000000,5.544199,6.047442,5.511346,5.700544,0.352920,0.647080,0.503243,-0.032853,0.156346,5.549243,4.960093,5.677254,5.443044,0.326581,0.673419,-0.589149,0.128012,-0.106199
4.100000,87.000000,5.609972,5.436791,5.627689,5.564125,0.332974,0.667026,-0.173182,0.017717,-0.045848,44.000000,5.619347,5.755183,5.779516,5.774085,0.223216,0.776784,0.135837,0.160170,0.154738,45.000000,5.604812,5.623540,5.924299,5.816663,0.357880,0.642120,0.018728,0.319487,0.211851,5.609972,5.436791,5.627689,5.564125,0.332974,0.667026,-0.173182,0.017717,-0.045848
4.120000,87.000000,5.670975,6.600100,5.759417,6.032673,0.325041,0.674959,0.929124,0.088442,0.361698,44.000000,5.680547,5.902733,5.656438,5.711545,0.223743,0.776257,0.222186,-0.024109,0.030998,45.000000,5.665697,6.293613,5.380898,5.715702,0.366822,0.633178,0.627916,-0.284798,0.050005,5.670975,6.600100,5.759417,6.032673,0.325041,0.674959,0.929124,0.088442,0.361698
4.140000,87.000000,5.732250,5.727308,6.267251,6.090639,0.327092,0.672908,-0.004943,0.535000,0.358389,44.000000,5.742022,6.955123,5.632088,5.921173,0.218504,0.781496,1.213102,-0.109934,0.179152,45.000000,5.726852,5.982212,5.746438,5.833618,0.369758,0.630242,0.255361,0.019586,0.106766,5.732250,5.727308,6.267251,6.090639,0.327092,0.672908,-0.004943,0.535000,0.358389
4.160000,87.000000,5.793796,6.363023,5.746733,5.943120,0.318661,0.681339,0.569227,-0.047063,0.149324,44.000000,5.803770,5.872606,4.808185,5.038956,0.216806,0.783194,0.068836,-0.995585,-0.764814,45.000000,5.788276,6.295597,5.286373,5.670125,0.380245,0.619755,0.507321,-0.501903,-0.118151,5.793796,6.363023,5.746733,5.943120,0.318661,0.681339,0.569227,-0.047063,0.149324
4.180000,87.000000,5.855612,6.033585,5.557880,5.712169,0.324337,0.675663,0.177974,-0.297731,-0.143443,44.000000,5.865790,5.164070,5.841025,5.693046,0.218597,0.781403,-0.701720,-0.024765,-0.172745,45.000000,5.849967,6.316691,6.047924,6.151080,0.383815,0.616185,0.466724,0.197957,0.301114,5.855612,6.033585,5.557880,5.712169,0.324337,0.675663,0.177974,-0.297731,-0.143443
4.200000,87.000000,5.917695,5.455782,5.751719,5.654413,0.328807,0.671193,-0.461913,-0.165976,-0.263283,44.000000,5.928081,5.948580,5.846920,5.869067,0.217852,0.782148,0.020499,-0.081162,-0.059015,45.000000,5.911925,5.895820,6.183787,6.073509,0.382954,0.617046,-0.016105,0.271862,0.161584,5.917695,5.455782,5.751719,5.654413,0.328807,0.671193,-0.461913,-0.165976,-0.263283
4.220000,87.000000,5.980046,6.012649,5.983119,5.992630,0.322088,0.677912,0.032603,0.003073,0.012584,44.000000,5.990642,5.895133,5.938863,5.929202,0.220927,0.779073,-0.095510,-0.051779,-0.061440,45.000000,5.974147,5.648718,5.683263,5.670400,0.372347,0.627653,-0.325429,-0.290884,-0.303747,5.980046,6.012649,5.983119,5.992630,0.322088,0.677912,0.032603,0.003073,0.012584
4.240000,87.000000,6.042663,5.296694,6.447241,6.069408,0.328395,0.671605,-0.745968,0.404579,0.026746,44.000000,6.053472,5.022145,6.051530,5.820072,0.224852,0.775148,-1.031327,-0.001941,-0.233399,45.000000,6.036634,5.469094,5.839285,5.704104,0.365165,0.634835,-0.567540,-0.197349,-0.332530,6.042663,5.296694,6.447241,6.069408,0.328395,0.671605,-0.745968,0.404579,0.026746
4.260000,87.000000,6.105544,6.114032,6.428324,6.322855,0.335578,0.664422,0.008488,0.322781,0.217311,44.000000,6.116568,5.433944,6.657582,6.377647,0.228774,0.771226,-0.682624,0.541013,0.261079,45.000000,6.099383,5.920956,5.843183,5.871259,0.360998,0.639002,-0.178427,-0.256200,-0.228124,6.105544,6.114032,6.428324,6.322855,0.335578,0.664422,0.008488,0.322781,0.217311
4.280000,87.000000,6.168688,5.782511,5.843422,5.823236,0.331402,0.668598,-0.386178,-0.325266,-0.345452,44.000000,6.179931,5.236283,6.325583,6.072291,0.232528,0.767472,-0.943648,0.145651,-0.107640,45.000000,6.162394,7.254871,6.482083,6.753296,0.350954,0.649046,1.092477,0.319690,0.590902,6.168688,5.782511,5.843422,5.823236,0.331402,0.668598,-0.386178,-0.325266,-0.345452
4.300000,87.000000,6.232095,5.735816,6.515403,6.249604,0.340949,0.659051,-0.496279,0.283308,0.017509,44.000000,6.243558,7.206517,6.186469,6.415030,0.224070,0.775930,0.962959,-0.057090,0.171471,45.000000,6.225664,6.664825,6.455732,6.529527,0.352930,0.647070,0.439161,0.230068,0.303863,6.232095,5.735816,6.515403,6.249604,0.340949,0.659051,-0.496279,0.283308,0.017509
4.320000,87.000000,6.295763,7.341923,6.600638,6.844474,0.328937,0.671063,1.046161,0.304875,0.548712,44.000000,6.307450,5.370735,6.359028,6.135524,0.226153,0.773847,-0.936715,0.051578,-0.171926,45.000000,6.289194,6.816732,6.507353,6.614983,0.347889,0.652111,0.527538,0.218159,0.325789,6.295763,7.341923,6.600638,6.844474,0.328937,0.671063,1.046161,0.304875,0.548712
4.340000,87.000000,6.359690,7.092122,6.258763,6.529669,0.325077,0.674923,0.732432,-0.100927,0.169979,44.000000,6.371603,7.619467,6.197635,6.511274,0.220590,0.779410,1.247865,-0.173968,0.139671,45.000000,6.352981,6.875182,7.053913,6.990163,0.356682,0.643318,0.522201,0.700933,0.637182,6.359690,7.092122,6.258763,6.529669,0.325077,0.674923,0.732432,-0.100927,0.169979
4.360000,87.000000,6.423876,6.082125,6.308954,6.233553,0.332412,0.667588,-0.341751,-0.114922,-0.190323,44.000000,6.436018,5.503968,6.356667,6.164681,0.225152,0.774848,-0.932049,-0.079351,-0.271336,45.000000,6.417024,6.901880,6.401894,6.576680,0.349582,0.650418,0.484855,-0.015130,0.159656,6.423876,6.082125,6.308954,6.233553,0.332412,0.667588,-0.341751,-0.114922,-0.190323
4.380000,87.000000,6.488319,6.165040,6.215426,6.198360,0.338705,0.661295,-0.323279,-0.272893,-0.289959,44.000000,6.500692,6.822107,7.091139,7.029876,0.227715,0.772285,0.321415,0.590446,0.529184,45.000000,6.481323,6.821135,6.460670,6.587320,0.351352,0.648648,0.339812,-0.020654,0.105997,6.488319,6.165040,6.215426,6.198360,0.338705,0.661295,-0.323279,-0.272893,-0.289959
4.400000,87.000000,6.553019,6.093788,6.543122,6.387302,0.346781,0.653219,-0.459230,-0.009897,-0.165717,44.000000,6.565626,8.126605,5.910567,6.404150,0.222738,0.777262,1.560979,-0.655059,-0.161476,45.000000,6.545876,6.953878,6.428412,6.605768,0.337522,0.662478,0.408002,-0.117464,0.059892,6.553019,6.093788,6.543122,6.387302,0.346781,0.653219,-0.459230,-0.009897,-0.165717
4.420000,87.000000,6.617973,6.488834,6.736902,6.650366,0.348842,0.651158,-0.129140,0.118929,0.032392,44.000000,6.630817,7.179026,6.805143,6.887509,0.220301,0.779699,0.548209,0.174326,0.256693,45.000000,6.610681,7.087123,6.933716,6.984807,0.333044,0.666956,0.476441,0.323035,0.374126,6.617973,6.488834,6.736902,6.650366,0.348842,0.651158,-0.129140,0.118929,0.032392
4.440000,87.000000,6.683181,6.421656,6.425199,6.423950,0.352650,0.647350,-0.261525,-0.257982,-0.259232,44.000000,6.696264,6.020181,6.903196,6.706258,0.223030,0.776970,-0.676083,0.206932,0.009993,45.000000,6.675739,5.972297,6.366562,6.233483,0.337536,0.662464,-0.703442,-0.309177,-0.442255,6.683181,6.421656,6.425199,6.423950,0.352650,0.647350,-0.261525,-0.257982,-0.259232
4.460000,87.000000,6.748642,7.160966,6.671402,6.843698,0.351939,0.648061,0.412323,-0.077240,0.095056,44.000000,6.761967,18.952808,7.035552,8.751439,0.144142,0.855858,12.190841,0.273585,1.989472,45.000000,6.741046,6.642118,6.911856,6.820925,0.337111,0.662889,-0.098928,0.170810,0.079878,6.748642,7.160966,6.671402,6.843698,0.351939,0.648061,0.412323,-0.077240,0.095056
4.480000,87.000000,6.814355,6.552990,6.263819,6.364781,0.349143,0.650857,-0.261364,-0.550536,-0.449573,44.000000,6.827924,18.144519,6.424460,7.717830,0.110489,0.889511,11.316595,-0.403464,0.889907,45.000000,6.806603,6.129593,6.788284,6.559193,0.347798,0.652202,-0.677010,-0.018319,-0.247410,6.814355,6.552990,6.263819,6.364781,0.349143,0.650857,-0.261364,-0.550536,-0.449573
4.500000,87.000000,6.880317,6.642058,6.973338,6.855894,0.354516,0.645484,-0.238260,0.093021,-0.024423,44.000000,6.894134,18.227518,6.629735,7.681257,0.090781,0.909219,11.333385,-0.264399,0.787123,45.000000,6.872408,7.090237,7.366217,7.270033,0.348520,0.651480,0.217830,0.493809,0.397625,6.880317,6.642058,6.973338,6.855894,0.354516,0.645484,-0.238260,0.093021,-0.024423
4.520000,87.000000,6.946529,6.718064,6.908194,6.839778,0.359839,0.640161,-0.228464,-0.038335,-0.106751,44.000000,6.960595,18.752117,7.625299,8.505041,0.079161,0.920839,11.791521,0.664703,1.544446,45.000000,6.938459,6.999538,7.011564,7.007466,0.340708,0.659292,0.061078,0.073105,0.069007,6.946529,6.718064,6.908194,6.839778,0.359839,0.640161,-0.228464,-0.038335,-0.106751
4.540000,87.000000,7.012988,7.236934,7.042745,7.112201,0.357671,0.642329,0.223946,0.029757,0.099213,44.000000,7.027308,19.409515,6.716641,7.589439,0.068876,0.931124,12.382208,-0.310667,0.562132,45.000000,7.004756,7.201243,7.062646,7.109130,0.335389,0.664611,0.196487,0.057889,0.104373,7.012988,7.236934,7.042745,7.112201,0.357671,0.642329,0.223946,0.029757,0.099213
4.560000,87.000000,7.079695,7.401672,7.090345,7.202252,0.359451,0.640549,0.321977,0.010650,0.122557,44.000000,7.094269,19.298506,7.185735,7.937898,0.062192,0.937808,12.204237,0.091465,0.843628,45.000000,7.071298,6.664230,7.273256,7.062401,0.346217,0.653783,-0.407068,0.201958,-0.008897,7.079695,7.401672,7.090345,7.202252,0.359451,0.640549,0.321977,0.010650,0.122557
4.580000,87.000000,7.146647,7.948460,7.169223,7.443240,0.351649,0.648351,0.801813,0.022576,0.296594,44.000000,7.161479,19.981512,6.898874,7.643107,0.056990,0.943010,12.820032,-0.262605,0.481627,45.000000,7.138083,7.933447,7.298768,7.521534,0.350990,0.649010,0.795364,0.160685,0.383451,7.146647,7.948460,7.169223,7.443240,0.351649,0.648351,0.801813,0.022576,0.296594
4.600000,87.000000,7.213843,7.616526,7.584744,7.595997,0.354077,0.645923,0.402683,0.370900,0.382154,44.000000,7.228937,17.748969,7.382696,7.928163,0.052680,0.947320,10.520033,0.153759,0.699227,45.000000,7.205111,6.864720,7.428353,7.233398,0.345890,0.654110,-0.340391,0.223242,0.028288,7.213843,7.616526,7.584744,7.595997,0.354077,0.645923,0.402683,0.370900,0.382154
4.620000,87.000000,7.281283,6.628916,7.212717,7.005732,0.354547,0.645453,-0.652367,-0.068566,-0.275551,44.000000,7.296640,19.899455,8.513561,9.089305,0.050638,0.949362,12.602815,1.216921,1.792665,45.000000,7.272379,6.663002,7.174213,6.992594,0.355272,0.644728,-0.609377,-0.098166,-0.279784,7.281283,6.628916,7.212717,7.005732,0.354547,0.645453,-0.652367,-0.068566,-0.275551
4.640000,87.000000,7.348966,8.225117,7.683231,7.875699,0.355182,0.644818,0.876151,0.334265,0.526733,44.000000,7.364588,18.598921,6.428988,7.030991,0.049546,0.950454,11.234333,-0.935600,-0.333597,45.000000,7.339887,7.820071,7.684062,7.733305,0.362060,0.637940,0.480184,0.344175,0.393418,7.348966,8.225117,7.683231,7.875699,0.355182,0.644818,0.876151,0.334265,0.526733
4.660000,87.000000,7.416889,6.933564,7.247541,7.135748,0.356056,0.643944,-0.483325,-0.169348,-0.281141,44.000000,7.432780,19.762126,7.962599,8.519684,0.047285,0.952715,12.329346,0.529819,1.086904,45.000000,7.407634,6.174566,7.546971,7.035944,0.372360,0.627640,-1.233067,0.139337,-0.371689,7.416889,6.933564,7.247541,7.135748,0.356056,0.643944,-0.483325,-0.169348,-0.281141
4.680000,87.000000,7.485052,6.885372,8.129316,7.673835,0.366160,0.633840,-0.599680,0.644263,0.188782,44.000000,7.501215,21.031631,7.207649,7.838731,0.045747,0.954253,13.530416,-0.293566,0.337516,45.000000,7.475618,7.407161,7.188843,7.269697,0.370350,0.629650,-0.068457,-0.286775,-0.205921,7.485052,6.885372,8.129316,7.673835,0.366160,0.633840,-0.599680,0.644263,0.188782
4.700000,87.000000,7.553455,7.106754,7.414873,7.298437,0.377891,0.622109,-0.446701,-0.138581,-0.255017,44.000000,7.569891,20.409610,6.851283,7.481103,0.046546,0.953454,12.839719,-0.718608,-0.088788,45.000000,7.543839,7.908395,7.617574,7.725245,0.370230,0.629770,0.364556,0.073735,0.181406,7.553455,7.106754,7.414873,7.298437,0.377891,0.622109,-0.446701,-0.138581,-0.255017
4.720000,87.000000,7.622095,7.978704,7.378658,7.604030,0.375591,0.624409,0.356609,-0.243436,-0.018064,44.000000,7.638808,19.657618,7.442526,7.997560,0.045513,0.954487,12.018810,-0.196282,0.358752,45.000000,7.612295,7.247447,7.477672,7.392761,0.368819,0.631181,-0.364848,-0.134623,-0.219534,7.622095,7.978704,7.378658,7.604030,0.375591,0.624409,0.356609,-0.243436,-0.018064
4.740000,87.000000,7.690971,9.076365,7.704728,8.192979,0.355964,0.644036,1.385393,0.013757,0.502007,44.000000,7.707963,20.844942,7.641611,8.238356,0.045283,0.954717,13.136979,-0.066352,0.530393,45.000000,7.680985,6.882921,7.947426,7.541196,0.381615,0.618385,-0.798065,0.266441,-0.139790,7.690971,9.076365,7.704728,8.192979,0.355964,0.644036,1.385393,0.013757,0.502007
4.760000,87.000000,7.760083,7.833625,7.706307,7.752876,0.365771,0.634229,0.073542,-0.053776,-0.007207,44.000000,7.777358,18.008195,7.953387,8.416056,0.046066,0.953934,10.230838,0.176030,0.638699,45.000000,7.749909,8.047948,7.486700,7.697109,0.374895,0.625105,0.298039,-0.263208,-0.052800,7.760083,7.833625,7.706307,7.752876,0.365771,0.634229,0.073542,-0.053776,-0.007207
4.780000,87.000000,7.829430,7.049801,7.865634,7.559044,0.375801,0.624199,-0.779629,0.036204,-0.270386,44.000000,7.846989,19.102475,8.124062,8.632573,0.046380,0.953620,11.255486,0.277074,0.785584,45.000000,7.819064,8.818538,7.803980,8.175952,0.366635,0.633365,0.999474,-0.015084,0.356888,7.829430,7.049801,7.865634,7.559044,0.375801,0.624199,-0.779629,0.036204,-0.270386
4.800000,87.000000,7.899010,8.091235,8.253398,8.192446,0.375871,0.624129,0.192225,0.354388,0.293436,44.000000,7.916856,20.017574,7.483691,8.069519,0.046820,0.953180,12.100718,-0.433165,0.152663,45.000000,7.888450,8.203556,8.140565,8.163191,0.359199,0.640801,0.315106,0.252114,0.274741,7.899010,8.091235,8.253398,8.192446,0.375871,0.624129,0.192225,0.354388,0.293436
4.820000,87.000000,7.968822,7.556531,8.107390,7.900902,0.374847,0.625153,-0.412291,0.138568,-0.067920,44.000000,7.986958,19.084563,8.895722,9.361995,0.045815,0.954185,11.097605,0.908765,1.375037,45.000000,7.958066,7.401598,8.269901,7.954930,0.362744,0.637256,-0.556468,0.311836,-0.003136,7.968822,7.556531,8.107390,7.900902,0.374847,0.625153,-0.412291,0.138568,-0.067920
4.840000,87.000000,8.038866,8.601246,7.761911,8.074156,0.372015,0.627985,0.562380,-0.276955,0.035290,44.000000,8.057294,20.541960,8.269513,8.808101,0.043959,0.956041,12.484666,0.212219,0.750807,45.000000,8.027910,8.270166,7.583210,7.823944,0.350436,0.649564,0.242255,-0.444700,-0.203966,8.038866,8.601246,7.761911,8.074156,0.372015,0.627985,0.562380,-0.276955,0.035290
4.860000,87.000000,8.109139,7.569576,8.046339,7.869370,0.371189,0.628811,-0.539563,-0.062800,-0.239769,44.000000,8.127862,19.637936,8.525013,9.003665,0.043131,0.956869,11.510074,0.397151,0.875803,45.000000,8.097982,7.181445,8.071156,7.755119,0.355213,0.644787,-0.916537,-0.026826,-0.342863,8.109139,7.569576,8.046339,7.869370,0.371189,0.628811,-0.539563,-0.062800,-0.239769
4.880000,87.000000,8.179642,7.645905,8.099850,7.932456,0.368755,0.631245,-0.533737,-0.079792,-0.247186,44.000000,8.198663,21.927173,7.398994,8.009593,0.042128,0.957872,13.728510,-0.799669,-0.189069,45.000000,8.168280,8.166290,8.590174,8.439709,0.354969,0.645031,-0.001990,0.421894,0.271428,8.179642,7.645905,8.099850,7.932456,0.368755,0.631245,-0.533737,-0.079792,-0.247186
4.900000,87.000000,8.250372,8.522109,8.043424,8.222024,0.373107,0.626893,0.271737,-0.206948,-0.028348,44.000000,8.269693,21.448645,8.879205,9.390384,0.040740,0.959260,13.178952,0.609511,1.120691,45.000000,8.238804,8.288674,8.060827,8.139878,0.346948,0.653052,0.049870,-0.177977,-0.098926,8.250372,8.522109,8.043424,8.222024,0.373107,0.626893,0.271737,-0.206948,-0.028348
4.920000,87.000000,8.321330,8.153144,8.326982,8.263560,0.364835,0.635165,-0.168186,0.005652,-0.057770,44.000000,8.340954,20.401770,9.099903,9.551544,0.040019,0.959981,12.060817,0.758949,1.210591,45.000000,8.309552,8.270871,8.054121,8.128402,0.342703,0.657297,-0.038681,-0.255431,-0.181150,8.321330,8.153144,8.326982,8.263560,0.364835,0.635165,-0.168186,0.005652,-0.057770
4.940000,87.000000,8.392513,8.434950,8.479449,8.463109,0.367200,0.632800,0.042437,0.086936,0.070596,44.000000,8.412442,20.756746,8.537037,9.000975,0.038030,0.961970,12.344304,0.124595,0.588533,45.000000,8.380523,9.234404,8.004305,8.411370,0.330922,0.669078,0.853882,-0.376218,0.030848,8.392513,8.434950,8.479449,8.463109,0.367200,0.632800,0.042437,0.086936,0.070596
4.960000,87.000000,8.463921,8.051207,8.607039,8.409380,0.355610,0.644390,-0.412714,0.143118,-0.054541,44.000000,8.484158,20.533800,8.938501,9.366085,0.036932,0.963068,12.049642,0.454343,0.881927,45.000000,8.451716,8.844629,7.807400,8.144707,0.325201,0.674799,0.392913,-0.644316,-0.307009,8.463921,8.051207,8.607039,8.409380,0.355610,0.644390,-0.412714,0.143118,-0.054541
4.980000,87.000000,8.535552,8.005966,8.495184,8.320752,0.356552,0.643448,-0.529587,-0.040368,-0.214800,44.000000,8.556100,19.280630,9.160899,9.525030,0.036024,0.963976,10.724530,0.604799,0.968930,45.000000,8.523130,9.445708,8.419986,8.751973,0.323663,0.676337,0.922578,-0.103144,0.228843,8.535552,8.005966,8.495184,8.320752,0.356552,0.643448,-0.529587,-0.040368,-0.214800
5.000000,87.000000,8.607407,9.135471,8.255208,8.575151,0.363464,0.636536,0.528065,-0.352199,-0.032256,44.000000,8.628268,21.325926,8.838177,9.275225,0.035060,0.964940,12.697658,0.209910,0.646957,45.000000,8.594764,8.879977,8.617599,8.702754,0.324551,0.675449,0.285213,0.022835,0.107990,8.607407,9.135471,8.255208,8.575151,0.363464,0.636536,0.528065,-0.352199,-0.032256
5.020000,87.000000,8.679483,9.475698,8.439250,8.824715,0.371910,0.628090,0.796216,-0.240233,0.145232,44.000000,8.700659,20.985775,9.159220,9.560833,0.034013,0.965987,12.285116,0.458560,0.860174,45.000000,8.666616,9.568205,8.665728,8.954890,0.320410,0.679590,0.901588,-0.000889,0.288273,8.679483,9.475698,8.439250,8.824715,0.371910,0.628090,0.796216,-0.240233,0.145232
5.040000,87.000000,8.751779,8.431514,8.677875,8.587814,0.365567,0.634433,-0.320265,-0.073904,-0.163965,44.000000,8.773274,21.432577,9.551808,9.943841,0.033051,0.966949,12.659303,0.778534,1.170567,45.000000,8.738687,8.567204,9.173340,8.971436,0.333101,0.666899,-0.171482,0.434653,0.232750,8.751779,8.431514,8.677875,8.587814,0.365567,0.634433,-0.320265,-0.073904,-0.163965
5.060000,87.000000,8.824295,8.901184,9.117685,9.038368,0.366360,0.633640,0.076889,0.293390,0.214072,44.000000,8.846111,21.051047,9.439116,9.811424,0.032112,0.967888,12.204936,0.593006,0.965313,45.000000,8.810974,9.760287,8.969822,9.230126,0.329306,0.670694,0.949314,0.158848,0.419152,8.824295,8.901184,9.117685,9.038368,0.366360,0.633640,0.076889,0.293390,0.214072
5.080000,87.000000,8.897030,8.773746,9.072158,8.961492,0.370850,0.629150,-0.123284,0.175129,0.064463,44.000000,8.919169,21.739283,9.321162,9.707309,0.031151,0.968849,12.820114,0.401993,0.788140,45.000000,8.883477,10.217397,9.365424,9.643274,0.326126,0.673874,1.333920,0.481947,0.759797,8.897030,8.773746,9.072158,8.961492,0.370850,0.629150,-0.123284,0.175129,0.064463
5.100000,87.000000,8.969982,8.665135,9.020372,8.889161,0.369362,0.630638,-0.304846,0.050390,-0.080821,44.000000,8.992446,20.881406,8.848573,9.212185,0.030269,0.969731,11.888960,-0.143873,0.219739,45.000000,8.956194,9.327333,8.438558,8.721489,0.318338,0.681662,0.371139,-0.517636,-0.234706,8.969982,8.665135,9.020372,8.889161,0.369362,0.630638,-0.304846,0.050390,-0.080821
5.120000,87.000000,9.043150,9.044236,8.593915,8.759561,0.367839,0.632161,0.001086,-0.449235,-0.283589,44.000000,9.065943,22.187003,9.225233,9.606409,0.029465,0.970535,13.121060,0.159290,0.540466,45.000000,9.029126,9.257434,9.205921,9.222643,0.324628,0.675372,0.228308,0.176795,0.193518,9.043150,9.044236,8.593915,8.759561,0.367839,0.632161,0.001086,-0.449235,-0.283589
5.140000,87.000000,9.116534,9.560151,8.861014,9.119720,0.370036,0.629964,0.443617,-0.255519,0.003186,44.000000,9.139657,20.757007,9.544558,9.866295,0.028737,0.971263,11.617350,0.404900,0.726638,45.000000,9.102269,9.326534,9.023221,9.121577,0.324273,0.675727,0.224265,-0.079049,0.019308,9.116534,9.560151,8.861014,9.119720,0.370036,0.629964,0.443617,-0.255519,0.003186
5.160000,87.000000,9.190132,8.497293,8.970670,8.796490,0.367952,0.632048,-0.692839,-0.219462,-0.393642,44.000000,9.213589,21.119716,10.143791,10.450366,0.027971,0.972029,11.906128,0.930203,1.236777,45.000000,9.175624,10.239723,9.640485,9.836242,0.326677,0.673323,1.064099,0.464861,0.660618,9.190132,8.497293,8.970670,8.796490,0.367952,0.632048,-0.692839,-0.219462,-0.393642
5.180000,87.000000,9.263944,9.190728,8.768050,8.923489,0.367748,0.632252,-0.073215,-0.495893,-0.340455,44.000000,9.287736,20.679874,9.474215,9.779163,0.027254,0.972746,11.392138,0.186479,0.491427,45.000000,9.249190,9.149258,9.136658,9.140799,0.328641,0.671359,-0.099932,-0.112532,-0.108391,9.263944,9.190728,8.768050,8.923489,0.367748,0.632252,-0.073215,-0.495893,-0.340455
5.200000,87.000000,9.337968,8.627793,9.430560,9.139237,0.362899,0.637101,-0.710174,0.092592,-0.198731,44.000000,9.362098,21.725250,9.880617,10.195888,0.026661,0.973339,12.363152,0.518519,0.833790,45.000000,9.322965,10.464403,9.629742,9.897026,0.320231,0.679769,1.141438,0.306777,0.574061,9.337968,8.627793,9.430560,9.139237,0.362899,0.637101,-0.710174,0.092592,-0.198731
5.220000,87.000000,9.412203,10.346440,9.515730,9.821763,0.368400,0.631600,0.934237,0.103527,0.409560,44.000000,9.436674,20.775810,9.290036,9.589789,0.026138,0.973862,11.339136,-0.146637,0.153115,45.000000,9.396949,9.755547,9.750110,9.751850,0.320130,0.679870,0.358598,0.353161,0.354902,9.412203,10.346440,9.515730,9.821763,0.368400,0.631600,0.934237,0.103527,0.409560
5.240000,87.000000,9.486649,8.502508,9.248028,8.971360,0.371108,0.628892,-0.984141,-0.238621,-0.515289,44.000000,9.511463,19.766718,9.706030,9.963505,0.025623,0.974377,10.255256,0.194567,0.452042,45.000000,9.471140,10.324174,9.634095,9.850164,0.313109,0.686891,0.853034,0.162955,0.379025,9.486649,8.502508,9.248028,8.971360,0.371108,0.628892,-0.984141,-0.238621,-0.515289
5.260000,87.000000,9.561304,9.442340,9.761465,9.643061,0.371026,0.628974,-0.118965,0.200160,0.081757,44.000000,9.586463,21.574131,9.373185,9.679602,0.025158,0.974842,11.987668,-0.213278,0.093139,45.000000,9.545537,9.792711,9.725882,9.746799,0.312994,0.687006,0.247174,0.180345,0.201262,9.561304,9.442340,9.761465,9.643061,0.371026,0.628974,-0.118965,0.200160,0.081757
5.280000,87.000000,9.636168,10.356200,9.300560,9.680830,0.360227,0.639773,0.720032,-0.335607,0.044662,44.000000,9.661674,23.658857,9.297139,9.654343,0.024932,0.975068,13.997182,-0.364535,-0.007331,45.000000,9.620140,9.728414,9.410610,9.511522,0.317528,0.682472,0.108274,-0.209530,-0.108618,9.636168,10.356200,9.300560,9.680830,0.360227,0.639773,0.720032,-0.335607,0.044662
5.300000,87.000000,9.711239,9.558453,9.879953,9.765258,0.356750,0.643250,-0.152786,0.168714,0.054019,44.000000,9.737095,23.450215,9.829292,10.163915,0.024621,0.975379,13.713120,0.092197,0.426820,45.000000,9.694947,9.451004,9.361746,9.390158,0.318307,0.681693,-0.243943,-0.333201,-0.304789,9.711239,9.558453,9.879953,9.765258,0.356750,0.643250,-0.152786,0.168714,0.054019
5.320000,87.000000,9.786516,10.527450,9.660631,9.969211,0.355991,0.644009,0.740934,-0.125885,0.182694,44.000000,9.812725,21.011530,9.348511,9.634923,0.024597,0.975403,11.198805,-0.464214,-0.177802,45.000000,9.769957,8.883340,9.649291,9.401151,0.323964,0.676036,-0.886617,-0.120666,-0.368806,9.786516,10.527450,9.660631,9.969211,0.355991,0.644009,0.740934,-0.125885,0.182694
5.340000,87.000000,9.861999,10.120847,9.731240,9.871838,0.360872,0.639128,0.258848,-0.130760,0.009839,44.000000,9.888562,21.648331,10.642172,10.911805,0.024533,0.975467,11.759769,0.753610,1.023243,45.000000,9.845170,9.084052,9.765883,9.544181,0.325157,0.674843,-0.761118,-0.079287,-0.300989,9.861999,10.120847,9.731240,9.871838,0.360872,0.639128,0.258848,-0.130760,0.009839
5.360000,87.000000,9.937687,9.887170,10.123394,10.038045,0.361307,0.638693,-0.050516,0.185707,0.100358,44.000000,9.964606,24.061664,10.636046,10.966139,0.024639,0.975361,14.097058,0.671439,1.001533,45.000000,9.920584,8.587583,9.802911,9.396391,0.334495,0.665505,-1.333002,-0.117673,-0.524193,9.937687,9.887170,10.123394,10.038045,0.361307,0.638693,-0.050516,0.185707,0.100358
5.380000,87.000000,10.013578,9.780010,9.921041,9.869993,0.361963,0.638037,-0.233568,-0.092537,-0.143585,44.000000,10.040856,23.050911,10.435489,10.744816,0.024566,0.975434,13.010055,0.394632,0.703960,45.000000,9.996199,9.259334,10.083945,9.801429,0.342605,0.657395,-0.736865,0.087746,-0.194770,10.013578,9.780010,9.921041,9.869993,0.361963,0.638037,-0.233568,-0.092537,-0.143585
5.400000,87.000000,10.089671,10.195552,10.006529,10.073950,0.356682,0.643318,0.105880,-0.083143,-0.015722,44.000000,10.117311,21.569017,10.358165,10.633306,0.024579,0.975421,11.451706,0.240853,0.515995,45.000000,10.072013,9.872148,10.008150,9.960831,0.347927,0.652073,-0.199865,-0.063863,-0.111182,10.089671,10.195552,10.006529,10.073950,0.356682,0.643318,0.105880,-0.083143,-0.015722
5.420000,87.000000,10.165966,8.951694,10.322014,9.822588,0.364461,0.635539,-1.214272,0.156048,-0.343378,44.000000,10.193970,24.329216,10.002938,10.357721,0.024824,0.975176,14.135246,-0.191032,0.163752,45.000000,10.148025,9.769484,10.390518,10.170447,0.354361,0.645639,-0.378542,0.242492,0.022422,10.165966,8.951694,10.322014,9.822588,0.364461,0.635539,-1.214272,0.156048,-0.343378
5.440000,87.000000,10.242462,10.748266,10.109510,10.338262,0.358121,0.641879,0.505804,-0.132952,0.095800,44.000000,10.270831,22.531736,10.516097,10.820959,0.025415,0.974585,12.260905,0.245265,0.550128,45.000000,10.224235,10.747145,10.795680,10.778562,0.352680,0.647320,0.522909,0.571444,0.554327,10.242462,10.748266,10.109510,10.338262,0.358121,0.641879,0.505804,-0.132952,0.095800
5.460000,87.000000,10.319158,9.923887,10.249327,10.130400,0.365433,0.634567,-0.395270,-0.069831,-0.188757,44.000000,10.347894,21.313080,10.987451,11.250144,0.025473,0.974527,10.965185,0.639557,0.902250,45.000000,10.300642,10.516006,10.818043,10.711233,0.353630,0.646370,0.215364,0.517401,0.410592,10.319158,9.923887,10.249327,10.130400,0.365433,0.634567,-0.395270,-0.069831,-0.188757
5.480000,87.000000,10.396052,9.800178,9.987403,9.918355,0.368796,0.631204,-0.595874,-0.408649,-0.477697,44.000000,10.425159,22.751770,11.090521,11.387099,0.025473,0.974527,12.326611,0.665363,0.961941,45.000000,10.377244,10.481872,10.009106,10.172562,0.345744,0.654256,0.104628,-0.368138,-0.204682,10.396052,9.800178,9.987403,9.918355,0.368796,0.631204,-0.595874,-0.408649,-0.477697
5.500000,87.000000,10.473144,10.008906,10.466843,10.298421,0.367783,0.632217,-0.464238,-0.006301,-0.174722,44.000000,10.502623,22.237355,9.854701,10.172063,0.025676,0.974324,11.734732,-0.647922,-0.330559,45.000000,10.454040,10.277686,10.604569,10.491657,0.345422,0.654578,-0.176354,0.150529,0.037617,10.473144,10.008906,10.466843,10.298421,0.367783,0.632217,-0.464238,-0.006301,-0.174722
5.520000,87.000000,10.550432,10.260764,10.932264,10.687492,0.364516,0.635484,-0.289668,0.381832,0.137059,44.000000,10.580286,23.734989,10.972105,11.296828,0.025491,0.974509,13.154704,0.391820,0.716542,45.000000,10.531030,10.135007,11.165332,10.800262,0.354326,0.645674,-0.396023,0.634302,0.269232,10.550432,10.260764,10.932264,10.687492,0.364516,0.635484,-0.289668,0.381832,0.137059
5.540000,87.000000,10.627917,10.022428,10.399931,10.264273,0.359356,0.640644,-0.605490,-0.227986,-0.363644,44.000000,10.658147,23.499969,11.176593,11.490159,0.025490,0.974510,12.841822,0.518447,0.832013,45.000000,10.608213,10.573710,10.741456,10.681594,0.356862,0.643138,-0.034502,0.133243,0.073381,10.627917,10.022428,10.399931,10.264273,0.359356,0.640644,-0.605490,-0.227986,-0.363644
5.560000,87.000000,10.705597,11.585008,9.959180,10.556521,0.367409,0.632591,0.879411,-0.746417,-0.149076,44.000000,10.736205,22.818913,11.312293,11.605691,0.025538,0.974462,12.082709,0.576089,0.869486,45.000000,10.685587,11.401957,10.686533,10.933744,0.345546,0.654454,0.716370,0.000946,0.248157,10.705597,11.585008,9.959180,10.556521,0.367409,0.632591,0.879411,-0.746417,-0.149076
5.580000,87.000000,10.783471,10.440427,10.292068,10.346295,0.365517,0.634483,-0.343044,-0.491403,-0.437175,44.000000,10.814459,22.913281,10.456499,10.775483,0.025654,0.974346,12.098822,-0.357960,-0.038975,45.000000,10.763152,10.868614,10.858133,10.861814,0.351226,0.648774,0.105462,0.094981,0.098662,10.783471,10.440427,10.292068,10.346295,0.365517,0.634483,-0.343044,-0.491403,-0.437175
5.600000,87.000000,10.861537,11.124757,11.063021,11.085616,0.365989,0.634011,0.263220,0.201484,0.224079,44.000000,10.892908,22.455528,10.535562,10.841423,0.025702,0.974298,11.562621,-0.357346,-0.051485,45.000000,10.840907,11.115012,11.173644,11.153286,0.347208,0.652792,0.274105,0.332737,0.312380,10.861537,11.124757,11.063021,11.085616,0.365989,0.634011,0.263220,0.201484,0.224079
5.620000,87.000000,10.939797,10.783576,10.753506,10.764616,0.369474,0.630526,-0.156220,-0.186290,-0.175180,44.000000,10.971551,23.418331,11.143971,11.453724,0.025280,0.974720,12.446780,0.172420,0.482173,45.000000,10.918850,10.805579,10.979675,10.919562,0.345286,0.654714,-0.113272,0.060824,0.000712,10.939797,10.783576,10.753506,10.764616,0.369474,0.630526,-0.156220,-0.186290,-0.175180
5.640000,87.000000,11.018247,12.063865,10.993975,11.383094,0.363701,0.636299,1.045618,-0.024272,0.364847,44.000000,11.050388,23.150529,10.746287,11.056235,0.025033,0.974967,12.100142,-0.304101,0.005847,45.000000,10.996982,11.377954,11.248749,11.293302,0.344822,0.655178,0.380972,0.251767,0.296320,11.018247,12.063865,10.993975,11.383094,0.363701,0.636299,1.045618,-0.024272,0.364847
5.660000,87.000000,11.096888,11.214557,11.581073,11.447069,0.365618,0.634382,0.117670,0.484186,0.350181,44.000000,11.129417,22.959479,11.715013,11.996338,0.025056,0.974944,11.830062,0.585597,0.866921,45.000000,11.075300,11.615908,10.922475,11.152485,0.331699,0.668301,0.540607,-0.152826,0.077185,11.096888,11.214557,11.581073,11.447069,0.365618,0.634382,0.117670,0.484186,0.350181
5.680000,87.000000,11.175718,11.116806,10.983128,11.030281,0.352738,0.647262,-0.058912,-0.192590,-0.145437,44.000000,11.208637,23.094110,11.331530,11.626277,0.025099,0.974901,11.885473,0.122893,0.417640,45.000000,11.153805,12.386628,11.026678,11.464456,0.321910,0.678090,1.232823,-0.127127,0.310651,11.175718,11.116806,10.983128,11.030281,0.352738,0.647262,-0.058912,-0.192590,-0.145437
5.700000,87.000000,11.254737,11.111817,10.871256,10.955128,0.348655,0.651345,-0.142920,-0.383481,-0.299608,44.000000,11.288048,23.277171,10.753735,11.066469,0.025018,0.974982,11.989124,-0.534312,-0.221578,45.000000,11.232494,10.390729,11.211063,10.941578,0.328507,0.671493,-0.841766,-0.021432,-0.290917,11.254737,11.111817,10.871256,10.955128,0.348655,0.651345,-0.142920,-0.383481,-0.299608
5.720000,87.000000,11.333943,12.373461,11.213178,11.610522,0.342456,0.657544,1.039518,-0.120765,0.276579,44.000000,11.367648,24.090370,11.592060,11.903307,0.024949,0.975051,12.722722,0.224412,0.535659,45.000000,11.311368,10.961520,11.428958,11.274485,0.330467,0.669533,-0.349848,0.117589,-0.036883,11.333943,12.373461,11.213178,11.610522,0.342456,0.657544,1.039518,-0.120765,0.276579
5.740000,87.000000,11.413336,11.995057,11.345096,11.573658,0.351656,0.648344,0.581721,-0.068240,0.160322,44.000000,11.447436,24.857467,11.587276,11.917180,0.024912,0.975088,13.410031,0.139840,0.469743,45.000000,11.390425,10.983364,11.426285,11.281371,0.327178,0.672822,-0.407061,0.035860,-0.109054,11.413336,11.995057,11.345096,11.573658,0.351656,0.648344,0.581721,-0.068240,0.160322
5.760000,87.000000,11.492915,11.881300,11.481379,11.621166,0.349537,0.650463,0.388385,-0.011536,0.128251,44.000000,11.527413,23.573774,10.988590,11.301634,0.024920,0.975080,12.046361,-0.538822,-0.225779,45.000000,11.469665,12.048822,11.236585,11.500546,0.324981,0.675019,0.579158,-0.233079,0.030881,11.492915,11.881300,11.481379,11.621166,0.349537,0.650463,0.388385,-0.011536,0.128251
5.780000,87.000000,11.572679,11.945860,11.983793,11.970722,0.344583,0.655417,0.373181,0.411114,0.398043,44.000000,11.607575,22.776631,11.304055,11.589474,0.024917,0.975083,11.169055,-0.303520,-0.018102,45.000000,11.549086,11.239171,11.591430,11.473261,0.335460,0.664540,-0.309914,0.042344,-0.075824,11.572679,11.945860,11.983793,11.970722,0.344583,0.655417,0.373181,0.411114,0.398043
5.800000,87.000000,11.652627,10.618191,11.562761,11.233680,0.348394,0.651606,-1.034436,-0.089866,-0.418947,44.000000,11.687924,23.243447,12.063242,12.340407,0.024827,0.975173,11.555522,0.375318,0.652483,45.000000,11.628687,12.067499,11.492552,11.682978,0.331207,0.668793,0.438812,-0.136135,0.054291,11.652627,10.618191,11.562761,11.233680,0.348394,0.651606,-1.034436,-0.089866,-0.418947
5.820000,87.000000,11.732758,11.040233,11.390127,11.269060,0.346011,0.653989,-0.692525,-0.342631,-0.463698,44.000000,11.768458,22.348675,11.783045,12.043907,0.024722,0.975278,10.580217,0.014588,0.275450,45.000000,11.708468,11.147835,12.281059,11.902530,0.334029,0.665971,-0.560633,0.572591,0.194062,11.732758,11.040233,11.390127,11.269060,0.346011,0.653989,-0.692525,-0.342631,-0.463698
5.840000,87.000000,11.813072,12.651265,11.864878,12.137176,0.346265,0.653735,0.838193,0.051806,0.324104,44.000000,11.849175,25.547471,11.536009,11.880535,0.024646,0.975354,13.698296,-0.313167,0.031360,45.000000,11.788428,12.144219,12.172100,12.162652,0.338877,0.661123,0.355792,0.383673,0.374225,11.813072,12.651265,11.864878,12.137176,0.346265,0.653735,0.838193,0.051806,0.324104
5.860000,87.000000,11.893567,12.399012,11.528435,11.820870,0.335910,0.664090,0.505445,-0.365132,-0.072697,44.000000,11.930076,25.178053,12.233266,12.551293,0.024616,0.975384,13.247977,0.303190,0.621217,45.000000,11.868565,12.050158,12.280017,12.202705,0.336348,0.663652,0.181593,0.411452,0.334140,11.893567,12.399012,11.528435,11.820870,0.335910,0.664090,0.505445,-0.365132,-0.072697
5.880000,87.000000,11.974242,11.493158,12.434391,12.114038,0.340355,0.659645,-0.481085,0.460149,0.139796,44.000000,12.011158,25.881475,13.167764,13.481425,0.024718,0.975282,13.870316,1.156605,1.470266,45.000000,11.948880,12.048491,11.642845,11.776796,0.330216,0.669784,0.099611,-0.306034,-0.172084,11.974242,11.493158,12.434391,12.114038,0.340355,0.659645,-0.481085,0.460149,0.139796
5.900000,87.000000,12.055098,12.490549,11.997058,12.164981,0.340275,0.659725,0.435451,-0.058040,0.109883,44.000000,12.092422,22.871596,11.995675,12.264566,0.024758,0.975242,10.779174,-0.096747,0.172144,45.000000,12.029370,11.473222,12.100783,11.889653,0.336429,0.663571,-0.556148,0.071413,-0.139717,12.055098,12.490549,11.997058,12.164981,0.340275,0.659725,0.435451,-0.058040,0.109883
5.920000,87.000000,12.136132,12.223827,12.009453,12.081756,0.337277,0.662723,0.087695,-0.126679,-0.054376,44.000000,12.173867,24.840577,13.047886,13.341246,0.024917,0.975083,12.666711,0.874019,1.167379,45.000000,12.110036,11.971445,11.552077,11.693126,0.336337,0.663663,-0.138591,-0.557959,-0.416910,12.136132,12.223827,12.009453,12.081756,0.337277,0.662723,0.087695,-0.126679,-0.054376
5.940000,87.000000,12.217344,11.900910,11.893913,11.896269,0.336716,0.663284,-0.316434,-0.323431,-0.321075,44.000000,12.255490,25.827485,12.766834,13.091812,0.024932,0.975068,13.571995,0.511344,0.836322,45.000000,12.190876,12.927989,12.472254,12.627608,0.340888,0.659112,0.737113,0.281378,0.436733,12.217344,11.900910,11.893913,11.896269,0.336716,0.663284,-0.316434,-0.323431,-0.321075
5.960000,87.000000,12.298733,11.883113,12.204371,12.096889,0.334565,0.665435,-0.415620,-0.094362,-0.201844,44.000000,12.337292,26.912953,12.566957,12.921788,0.024794,0.975206,14.575661,0.229665,0.584496,45.000000,12.271889,13.086663,12.885816,12.955222,0.345567,0.654433,0.814774,0.613927,0.683333,12.298733,11.883113,12.204371,12.096889,0.334565,0.665435,-0.415620,-0.094362,-0.201844
5.980000,87.000000,12.380299,12.350970,12.397895,12.382333,0.331634,0.668366,-0.029329,0.017596,0.002034,44.000000,12.419272,24.760318,11.896842,12.214768,0.024764,0.975236,12.341046,-0.522430,-0.204504,45.000000,12.353075,12.171847,11.975142,12.044635,0.353283,0.646717,-0.181228,-0.377933,-0.308440,12.380299,12.350970,12.397895,12.382333,0.331634,0.668366,-0.029329,0.017596,0.002034
6.000000,87.000000,12.462040,12.451347,12.072215,12.199579,0.335936,0.664064,-0.010693,-0.389824,-0.262460,44.000000,12.501429,24.614550,11.928425,12.243091,0.024851,0.975149,12.113121,-0.573003,-0.258338,45.000000,12.434433,12.463776,12.218688,12.305337,0.353542,0.646458,0.029343,-0.215744,-0.129096,12.462040,12.451347,12.072215,12.199579,0.335936,0.664064,-0.010693,-0.389824,-0.262460
6.020000,87.000000,12.543955,12.028789,12.056590,12.046992,0.345234,0.654766,-0.515166,-0.487365,-0.496963,44.000000,12.583761,25.826489,12.334245,12.667978,0.024788,0.975212,13.242728,-0.249516,0.084217,45.000000,12.515961,12.063274,12.719694,12.478504,0.367434,0.632566,-0.452687,0.203734,-0.037457,12.543955,12.028789,12.056590,12.046992,0.345234,0.654766,-0.515166,-0.487365,-0.496963
6.040000,87.000000,12.626044,12.566918,12.319871,12.404235,0.341491,0.658509,-0.059126,-0.306174,-0.221809,44.000000,12.666268,26.157283,13.791631,14.100979,0.025062,0.974938,13.491015,1.125362,1.434710,45.000000,12.597659,12.736030,12.388110,12.513055,0.359120,0.640880,0.138371,-0.209549,-0.084604,12.626044,12.566918,12.319871,12.404235,0.341491,0.658509,-0.059126,-0.306174,-0.221809
6.060000,87.000000,12.708306,12.820601,12.738248,12.766157,0.338897,0.661103,0.112295,0.029942,0.057851,44.000000,12.748950,26.239994,13.324909,13.647562,0.025032,0.974968,13.491044,0.575960,0.898613,45.000000,12.679526,12.116995,13.040060,12.698476,0.370055,0.629945,-0.562531,0.360533,0.018949,12.708306,12.820601,12.738248,12.766157,0.338897,0.661103,0.112295,0.029942,0.057851
6.080000,87.000000,12.790740,12.951162,13.119264,13.062407,0.338232,0.661768,0.160422,0.328524,0.271666,44.000000,12.831804,26.934905,13.254554,13.595611,0.024985,0.975015,14.103101,0.422750,0.763807,45.000000,12.761562,11.680256,12.730644,12.358821,0.353987,0.646013,-1.081306,-0.030918,-0.402741,12.790740,12.951162,13.119264,13.062407,0.338232,0.661768,0.160422,0.328524,0.271666
6.100000,87.000000,12.873346,12.378811,13.131849,12.874891,0.341229,0.658771,-0.494535,0.258503,0.001545,44.000000,12.914831,25.579087,13.296610,13.602798,0.024973,0.975027,12.664256,0.381778,0.687967,45.000000,12.843765,12.872721,13.142076,13.049416,0.344007,0.655993,0.028956,0.298311,0.205651,12.873346,12.378811,13.131849,12.874891,0.341229,0.658771,-0.494535,0.258503,0.001545
6.120000,87.000000,12.956121,13.726832,12.699447,13.044415,0.335774,0.664226,0.770710,-0.256675,0.088294,44.000000,12.998030,25.207245,15.203576,15.466053,0.026269,0.973731,12.209215,2.205546,2.468024,45.000000,12.926134,13.097194,13.127424,13.117047,0.343287,0.656713,0.171060,0.201290,0.190912,12.956121,13.726832,12.699447,13.044415,0.335774,0.664226,0.770710,-0.256675,0.088294
6.140000,87.000000,13.039067,12.411455,13.346977,13.020730,0.348733,0.651267,-0.627612,0.307910,-0.018337,44.000000,13.081399,27.064635,11.586312,12.001983,0.026930,0.973070,13.983236,-1.495087,-1.079416,45.000000,13.008669,12.232164,13.836826,13.306902,0.330243,0.669757,-0.776505,0.828157,0.298233,13.039067,12.411455,13.346977,13.020730,0.348733,0.651267,-0.627612,0.307910,-0.018337
6.160000,87.000000,13.122181,13.316899,13.286176,13.296787,0.345390,0.654610,0.194718,0.163996,0.174607,44.000000,13.164937,26.301805,10.744913,11.184998,0.028369,0.971631,13.136868,-2.420024,-1.979939,45.000000,13.091369,13.314623,12.422014,12.720713,0.334636,0.665364,0.223254,-0.669355,-0.370657,13.122181,13.316899,13.286176,13.296787,0.345390,0.654610,0.194718,0.163996,0.174607
6.180000,87.000000,13.205463,13.008603,13.613263,13.399273,0.353901,0.646099,-0.196859,0.407800,0.193811,44.000000,13.248645,25.290540,13.319900,13.658491,0.028332,0.971668,12.041895,0.071255,0.409846,45.000000,13.174233,12.928320,13.053180,13.011524,0.333627,0.666373,-0.245913,-0.121053,-0.162709,13.205463,13.008603,13.613263,13.399273,0.353901,0.646099,-0.196859,0.407800,0.193811
6.200000,87.000000,13.288912,13.624211,13.295192,13.408754,0.345153,0.654847,0.335300,0.006281,0.119843,44.000000,13.332521,28.583222,16.985001,17.353241,0.031799,0.968201,15.250701,3.652481,4.020720,45.000000,13.257260,13.492180,13.297495,13.361863,0.330629,0.669371,0.234920,0.040235,0.104604,13.288912,13.624211,13.295192,13.408754,0.345153,0.654847,0.335300,0.006281,0.119843
6.220000,87.000000,13.372527,13.089610,13.033088,13.053033,0.352875,0.647125,-0.282917,-0.339439,-0.319494,44.000000,13.416563,27.375423,15.926351,16.304799,0.033105,0.966895,13.958859,2.509788,2.888236,45.000000,13.340449,12.819797,13.050100,12.974336,0.328975,0.671025,-0.520652,-0.290349,-0.366113,13.372527,13.089610,13.033088,13.053033,0.352875,0.647125,-0.282917,-0.339439,-0.319494
6.240000,87.000000,13.456308,13.860475,13.431814,13.579512,0.344556,0.655444,0.404168,-0.024494,0.123204,44.000000,13.500772,26.962809,10.961056,11.522615,0.035196,0.964804,13.462037,-2.539716,-1.978157,45.000000,13.423800,12.601856,13.433761,13.168285,0.319119,0.680881,-0.821944,0.009961,-0.255515,13.456308,13.860475,13.431814,13.579512,0.344556,0.655444,0.404168,-0.024494,0.123204
6.260000,87.000000,13.540253,12.485826,13.664647,13.252484,0.349641,0.650359,-1.054427,0.124394,-0.287769,44.000000,13.585147,26.789099,12.692473,13.190508,0.035410,0.964590,13.203952,-0.892673,-0.394639,45.000000,13.507311,13.778789,13.378925,13.507425,0.321357,0.678643,0.271478,-0.128386,0.000113,13.540253,12.485826,13.664647,13.252484,0.349641,0.650359,-1.054427,0.124394,-0.287769
6.280000,87.000000,13.624363,13.775751,13.178151,13.389965,0.354441,0.645559,0.151388,-0.446212,-0.234398,44.000000,13.669686,27.028933,11.732043,12.287927,0.036436,0.963564,13.359248,-1.937643,-1.381759,45.000000,13.590983,13.392469,13.691528,13.596665,0.317205,0.682795,-0.198513,0.100546,0.005683,13.624363,13.775751,13.178151,13.389965,0.354441,0.645559,0.151388,-0.446212,-0.234398
6.300000,87.000000,13.708635,13.742531,14.002107,13.910207,0.354037,0.645963,0.033896,0.293472,0.201572,44.000000,13.754389,25.707766,16.136565,16.501884,0.038208,0.961792,11.953377,2.382176,2.747496,45.000000,13.674813,14.994624,13.468320,13.962853,0.324009,0.675991,1.319811,-0.206493,0.288040,13.708635,13.742531,14.002107,13.910207,0.354037,0.645963,0.033896,0.293472,0.201572
6.320000,87.000000,13.793070,14.197065,13.700289,13.878052,0.357833,0.642167,0.403996,-0.092781,0.084982,44.000000,13.839254,27.471067,12.310356,12.894079,0.038602,0.961398,13.631813,-1.528898,-0.945175,45.000000,13.758801,13.198858,13.815122,13.614719,0.325190,0.674810,-0.559944,0.056321,-0.144082,13.793070,14.197065,13.700289,13.878052,0.357833,0.642167,0.403996,-0.092781,0.084982
6.340000,87.000000,13.877666,14.099390,13.450384,13.681556,0.356193,0.643807,0.221725,-0.427282,-0.196110,44.000000,13.924282,27.462932,14.493243,14.991628,0.038500,0.961500,13.538650,0.568961,1.067347,45.000000,13.842947,14.482799,13.595478,13.893869,0.336284,0.663716,0.639851,-0.247470,0.050922,13.877666,14.099390,13.450384,13.681556,0.356193,0.643807,0.221725,-0.427282,-0.196110
6.360000,87.000000,13.962423,14.530531,13.950122,14.152546,0.348761,0.651239,0.568108,-0.012301,0.190123,44.000000,14.009471,27.053039,16.045038,16.480701,0.039631,0.960369,13.043568,2.035567,2.471230,45.000000,13.927250,14.326469,13.490283,13.786754,0.354552,0.645448,0.399220,-0.436966,-0.140496,13.962423,14.530531,13.950122,14.152546,0.348761,0.651239,0.568108,-0.012301,0.190123
6.380000,87.000000,14.047340,14.098737,13.985892,14.025021,0.346748,0.653252,0.051398,-0.061447,-0.022319,44.000000,14.094820,27.561526,14.132492,14.662844,0.039573,0.960427,13.466706,0.037672,0.568024,45.000000,14.011708,14.384940,14.160643,14.242336,0.364218,0.635782,0.373233,0.148935,0.230628,14.047340,14.098737,13.985892,14.025021,0.346748,0.653252,0.051398,-0.061447,-0.022319
6.400000,87.000000,14.132416,13.627691,14.247853,14.028960,0.352962,0.647038,-0.504725,0.115438,-0.103456,44.000000,14.180329,27.962211,17.664259,18.100192,0.042382,0.957618,13.781882,3.483930,3.919863,45.000000,14.096321,14.490854,14.718377,14.635415,0.364632,0.635368,0.394533,0.622056,0.539094,14.132416,13.627691,14.247853,14.028960,0.352962,0.647038,-0.504725,0.115438,-0.103456
6.420000,87.000000,14.217650,13.935684,14.626686,14.384995,0.349768,0.650232,-0.281966,0.409036,0.167345,44.000000,14.265996,27.047056,11.550681,12.245451,0.044953,0.955047,12.781059,-2.715315,-2.020545,45.000000,14.181088,13.925808,13.900568,13.909922,0.370613,0.629387,-0.255280,-0.280520,-0.271166,14.217650,13.935684,14.626686,14.384995,0.349768,0.650232,-0.281966,0.409036,0.167345
6.440000,87.000000,14.303042,14.005859,14.130843,14.086292,0.356456,0.643544,-0.297183,-0.172199,-0.216750,44.000000,14.351822,28.201458,13.893599,14.534789,0.044915,0.955085,13.849636,-0.458223,0.182967,45.000000,14.266009,14.982655,14.080370,14.421544,0.378122,0.621878,0.716646,-0.185639,0.155535,14.303042,14.005859,14.130843,14.086292,0.356456,0.643544,-0.297183,-0.172199,-0.216750
6.460000,87.000000,14.388591,14.607409,14.130788,14.297661,0.350116,0.649884,0.218818,-0.257802,-0.090930,44.000000,14.437804,28.611034,14.178493,14.820963,0.044618,0.955382,14.173230,-0.259311,0.383159,45.000000,14.351082,14.244537,14.285109,14.269812,0.377033,0.622967,-0.106546,-0.065973,-0.081270,14.388591,14.607409,14.130788,14.297661,0.350116,0.649884,0.218818,-0.257802,-0.090930
6.480000,87.000000,14.474295,13.673201,14.532176,14.226999,0.355281,0.644719,-0.801094,0.057880,-0.247296,44.000000,14.523943,27.708368,15.097558,15.657586,0.044487,0.955513,13.184425,0.573616,1.133643,45.000000,14.436307,13.784976,14.348908,14.140689,0.369228,0.630772,-0.651332,-0.087399,-0.295619,14.474295,13.673201,14.532176,14.226999,0.355281,0.644719,-0.801094,0.057880,-0.247296
6.500000,87.000000,14.560155,14.147847,14.357919,14.283620,0.353684,0.646316,-0.412309,-0.202237,-0.276536,44.000000,14.610237,29.548289,17.434039,17.991848,0.046120,0.953880,14.938053,2.823802,3.381611,45.000000,14.521683,14.690115,14.315047,14.455919,0.375591,0.624409,0.168432,-0.206636,-0.065764,14.560155,14.147847,14.357919,14.283620,0.353684,0.646316,-0.412309,-0.202237,-0.276536
6.520000,87.000000,14.646170,14.135436,14.779539,14.552277,0.352834,0.647166,-0.510734,0.133369,-0.093893,44.000000,14.696685,28.554839,15.861556,16.447376,0.046234,0.953766,13.858153,1.164871,1.750690,45.000000,14.607210,15.775948,14.683657,15.073708,0.357095,0.642905,1.168739,0.076448,0.466498,14.646170,14.135436,14.779539,14.552277,0.352834,0.647166,-0.510734,0.133369,-0.093893
6.540000,87.000000,14.732338,14.188148,14.973083,14.692565,0.357378,0.642622,-0.544190,0.240745,-0.039774,44.000000,14.783288,28.685562,12.702524,13.460744,0.047572,0.952428,13.902274,-2.080764,-1.322544,45.000000,14.692885,15.260312,14.321997,14.648390,0.347851,0.652149,0.567427,-0.370889,-0.044496,14.732338,14.188148,14.973083,14.692565,0.357378,0.642622,-0.544190,0.240745,-0.039774
6.560000,87.000000,14.818660,14.889572,14.502782,14.645069,0.367867,0.632133,0.070912,-0.315878,-0.173591,44.000000,14.870043,28.088677,18.192113,18.684531,0.049809,0.950191,13.218634,3.322070,3.814488,45.000000,14.778710,14.201115,14.495466,14.390597,0.356274,0.643726,-0.577595,-0.283243,-0.388113,14.818660,14.889572,14.502782,14.645069,0.367867,0.632133,0.070912,-0.315878,-0.173591
6.580000,87.000000,14.905133,14.285515,15.156163,14.827609,0.377368,0.622632,-0.619618,0.251030,-0.077524,44.000000,14.956950,28.990723,17.601514,18.181027,0.050954,0.949046,14.033772,2.644563,3.224077,45.000000,14.864682,14.438754,15.078631,14.847112,0.361819,0.638181,-0.425928,0.213949,-0.017570,14.905133,14.285515,15.156163,14.827609,0.377368,0.622632,-0.619618,0.251030,-0.077524
6.600000,87.000000,14.991758,15.155942,14.684311,14.860257,0.373058,0.626942,0.164183,-0.307447,-0.131502,44.000000,15.044009,29.044895,14.284275,15.039731,0.051301,0.948699,14.000886,-0.759734,-0.004278,45.000000,14.950802,14.830058,14.808574,14.816330,0.361036,0.638964,-0.120744,-0.142228,-0.134472,14.991758,15.155942,14.684311,14.860257,0.373058,0.626942,0.164183,-0.307447,-0.131502
6.620000,87.000000,15.078534,15.162378,15.222558,15.200055,0.373921,0.626079,0.083844,0.144024,0.121521,44.000000,15.131219,30.336016,15.240415,16.010298,0.051126,0.948874,15.204798,0.109196,0.879080,45.000000,15.037067,15.486104,14.899110,15.107125,0.354374,0.645626,0.449036,-0.137958,0.070058,15.078534,15.162378,15.222558,15.200055,0.373921,0.626079,0.083844,0.144024,0.121521
6.640000,87.000000,15.165460,14.749091,15.049731,14.937481,0.373369,0.626631,-0.416369,-0.115729,-0.227979,44.000000,15.218578,29.469617,14.751947,15.504177,0.051231,0.948769,14.251040,-0.466630,0.285599,45.000000,15.123479,15.220468,15.203941,15.209818,0.355592,0.644408,0.096989,0.080462,0.086339,15.165460,14.749091,15.049731,14.937481,0.373369,0.626631,-0.416369,-0.115729,-0.227979
6.660000,87.000000,15.252535,15.516527,15.227640,15.336803,0.377873,0.622127,0.263992,-0.024895,0.084268,44.000000,15.306085,30.352161,15.298838,16.063438,0.050918,0.949082,15.046075,-0.007247,0.757353,45.000000,15.210035,15.601856,14.757211,15.057045,0.354983,0.645017,0.391821,-0.452824,-0.152990,15.252535,15.516527,15.227640,15.336803,0.377873,0.622127,0.263992,-0.024895,0.084268
6.680000,87.000000,15.339759,16.121854,14.994426,15.411129,0.369606,0.630394,0.782096,-0.345333,0.071371,44.000000,15.393742,29.722793,15.117778,15.858955,0.050866,0.949134,14.329051,-0.275963,0.465214,45.000000,15.296736,14.965676,15.324822,15.190931,0.372803,0.627197,-0.331060,0.028087,-0.105804,15.339759,16.121854,14.994426,15.411129,0.369606,0.630394,0.782096,-0.345333,0.071371
6.700000,87.000000,15.427130,16.069423,15.395764,15.641216,0.364358,0.635642,0.642293,-0.031367,0.214086,44.000000,15.481545,30.174841,15.658431,16.392194,0.050663,0.949337,14.693296,0.176886,0.910649,45.000000,15.383579,14.678818,15.408303,15.137051,0.371841,0.628159,-0.704762,0.024724,-0.246528,15.427130,16.069423,15.395764,15.641216,0.364358,0.635642,0.642293,-0.031367,0.214086
6.720000,87.000000,15.514649,15.682747,15.662219,15.669952,0.376721,0.623279,0.168099,0.147570,0.155304,44.000000,15.569495,31.233297,15.396896,16.194363,0.050494,0.949506,15.663802,-0.172599,0.624868,45.000000,15.470566,15.932483,15.044180,15.363962,0.359993,0.640007,0.461918,-0.426386,-0.106603,15.514649,15.682747,15.662219,15.669952,0.376721,0.623279,0.168099,0.147570,0.155304
6.740000,87.000000,15.602314,15.904912,14.956339,15.312494,0.375465,0.624535,0.302598,-0.645975,-0.289820,44.000000,15.657590,30.246115,15.968145,16.686817,0.050446,0.949554,14.588525,0.310555,1.029226,45.000000,15.557694,15.353323,15.247749,15.285285,0.355547,0.644453,-0.204371,-0.309945,-0.272408,15.602314,15.904912,14.956339,15.312494,0.375465,0.624535,0.302598,-0.645975,-0.289820
6.760000,87.000000,15.690124,14.817101,15.388083,15.174477,0.374103,0.625897,-0.873023,-0.302041,-0.515647,44.000000,15.745831,28.381151,16.217614,16.828644,0.050315,0.949685,12.635320,0.471783,1.082813,45.000000,15.644963,15.590626,16.070993,15.894166,0.368108,0.631892,-0.054337,0.426030,0.249203,15.690124,14.817101,15.388083,15.174477,0.374103,0.625897,-0.873023,-0.302041,-0.515647
6.780000,87.000000,15.778080,15.466434,16.005777,15.806491,0.369498,0.630502,-0.311646,0.227697,0.028411,44.000000,15.834216,29.872747,15.749125,16.455726,0.050138,0.949862,14.038531,-0.085091,0.621510,45.000000,15.732372,15.855807,16.088112,16.002635,0.367952,0.632048,0.123434,0.355740,0.270262,15.778080,15.466434,16.005777,15.806491,0.369498,0.630502,-0.311646,0.227697,0.028411
6.800000,87.000000,15.866179,17.289029,16.370646,16.710230,0.369764,0.630236,1.422849,0.504467,0.844050,44.000000,15.922744,29.087539,14.863310,15.578241,0.050372,0.949628,13.164796,-1.059434,-0.344503,45.000000,15.819922,16.529940,15.466941,15.853308,0.363469,0.636531,0.710019,-0.352980,0.033387,15.866179,17.289029,16.370646,16.710230,0.369764,0.630236,1.422849,0.504467,0.844050
6.820000,87.000000,15.954422,16.823366,16.101480,16.361078,0.359612,0.640388,0.868943,0.147057,0.406656,44.000000,16.011415,30.167031,15.776578,16.497380,0.050202,0.949798,14.155616,-0.234837,0.485966,45.000000,15.907610,16.210065,16.160654,16.178126,0.353612,0.646388,0.302456,0.253044,0.270517,15.954422,16.823366,16.101480,16.361078,0.359612,0.640388,0.868943,0.147057,0.406656
6.840000,87.000000,16.042808,16.613863,16.552823,16.575283,0.367953,0.632047,0.571055,0.510015,0.532475,44.000000,16.100227,31.495113,13.121394,14.075217,0.052102,0.947898,15.394886,-2.978833,-2.025010,45.000000,15.995436,16.068600,16.007903,16.029322,0.352873,0.647127,0.073164,0.012468,0.033886,16.042808,16.613863,16.552823,16.575283,0.367953,0.632047,0.571055,0.510015,0.532475
6.860000,87.000000,16.131336,16.037532,15.840614,15.914445,0.374930,0.625070,-0.093804,-0.290722,-0.216891,44.000000,16.189180,30.300541,17.238239,17.921664,0.052417,0.947583,14.111361,1.049059,1.732483,45.000000,16.083399,15.822125,16.343145,16.158204,0.354961,0.645039,-0.261274,0.259746,0.074804,16.131336,16.037532,15.840614,15.914445,0.374930,0.625070,-0.093804,-0.290722,-0.216891
6.880000,87.000000,16.220005,16.664918,15.998872,16.238482,0.359750,0.640250,0.444912,-0.221133,0.018476,44.000000,16.278274,30.919743,16.472308,17.224344,0.052171,0.947829,14.641469,0.194033,0.946070,45.000000,16.171500,16.077592,16.147765,16.122593,0.358715,0.641285,-0.093908,-0.023735,-0.048907,16.220005,16.664918,15.998872,16.238482,0.359750,0.640250,0.444912,-0.221133,0.018476
6.900000,87.000000,16.308815,16.033440,16.390094,16.258979,0.367625,0.632375,-0.275375,0.081279,-0.049836,44.000000,16.367507,28.874538,15.551346,16.244122,0.052097,0.947903,12.507030,-0.816161,-0.123385,45.000000,16.259736,15.436017,15.628725,15.560306,0.355037,0.644963,-0.823719,-0.631011,-0.699430,16.308815,16.033440,16.390094,16.258979,0.367625,0.632375,-0.275375,0.081279,-0.049836
6.920000,87.000000,16.397765,16.261679,17.232103,16.862734,0.380627,0.619373,-0.136086,0.834338,0.464969,44.000000,16.456879,31.719307,15.841742,16.662097,0.051808,0.948192,15.262427,-0.615137,0.205217,45.000000,16.348107,16.096490,15.825195,15.921665,0.355589,0.644411,-0.251617,-0.522912,-0.426443,16.397765,16.261679,17.232103,16.862734,0.380627,0.619373,-0.136086,0.834338,0.464969
6.940000,87.000000,16.486854,16.435510,16.702518,16.601173,0.379558,0.620442,-0.051344,0.215664,0.114319,44.000000,16.546389,30.984837,16.399005,17.151401,0.051703,0.948297,14.438448,-0.147384,0.605012,45.000000,16.436613,16.762041,16.393172,16.524866,0.357021,0.642979,0.325428,-0.043441,0.088253,16.486854,16.435510,16.702518,16.601173,0.379558,0.620442,-0.051344,0.215664,0.114319
6.960000,87.000000,16.576081,16.234186,17.033723,16.733661,0.375295,0.624705,-0.341896,0.457642,0.157580,44.000000,16.636036,31.510191,16.914619,17.668352,0.051760,0.948240,14.874155,0.278583,1.032316,45.000000,16.525253,16.763164,16.575761,16.642758,0.357503,0.642497,0.237911,0.050508,0.117505,16.576081,16.234186,17.033723,16.733661,0.375295,0.624705,-0.341896,0.457642,0.157580
6.980000,87.000000,16.665447,16.485359,16.563431,16.534158,0.374952,0.625048,-0.180087,-0.102016,-0.131289,44.000000,16.725820,30.879769,17.339447,18.037427,0.051650,0.948350,14.153949,0.613627,1.311607,45.000000,16.614026,17.030536,16.939566,16.972177,0.358479,0.641521,0.416510,0.325540,0.358151,16.665447,16.485359,16.563431,16.534158,0.374952,0.625048,-0.180087,-0.102016,-0.131289
7.000000,87.000000,16.754949,16.189387,16.475915,16.370350,0.368428,0.631572,-0.565563,-0.279035,-0.384600,44.000000,16.815739,31.067546,16.513109,17.257806,0.051284,0.948716,14.251807,-0.302630,0.442067,45.000000,16.702931,17.720987,16.771368,17.105162,0.351505,0.648495,1.018055,0.068436,0.402231,16.754949,16.189387,16.475915,16.370350,0.368428,0.631572,-0.565563,-0.279035,-0.384600
7.020000,87.000000,16.844588,16.382810,17.364274,17.010677,0.360276,0.639724,-0.461779,0.519685,0.166088,44.000000,16.905793,31.615621,17.474667,18.197777,0.051247,0.948753,14.709829,0.568874,1.291985,45.000000,16.791968,16.069602,16.938805,16.632700,0.352168,0.647832,-0.722367,0.146837,-0.159268,16.844588,16.382810,17.364274,17.010677,0.360276,0.639724,-0.461779,0.519685,0.166088
7.040000,87.000000,16.934363,17.067083,17.419238,17.294024,0.355564,0.644436,0.132720,0.484875,0.359661,44.000000,16.995981,31.457965,17.077977,17.809887,0.051012,0.948988,14.461984,0.081996,0.813907,45.000000,16.881136,16.077277,17.041991,16.692767,0.361998,0.638002,-0.803859,0.160854,-0.188370,16.934363,17.067083,17.419238,17.294024,0.355564,0.644436,0.132720,0.484875,0.359661
7.060000,87.000000,17.024273,16.903670,17.709344,17.427856,0.349382,0.650618,-0.120603,0.685071,0.403583,44.000000,17.086302,31.211163,16.719737,17.455797,0.050908,0.949092,14.124861,-0.366565,0.369494,45.000000,16.970435,17.564467,16.740318,17.026401,0.347125,0.652875,0.594033,-0.230116,0.055966,17.024273,16.903670,17.709344,17.427856,0.349382,0.650618,-0.120603,0.685071,0.403583
7.080000,87.000000,17.114318,16.874562,16.896389,16.888741,0.350402,0.649598,-0.239756,-0.217929,-0.225577,44.000000,17.176756,31.993778,18.209968,18.914968,0.051252,0.948748,14.817022,1.033212,1.738212,45.000000,17.059862,17.517231,17.155923,17.277976,0.337807,0.662193,0.457369,0.096061,0.218113,17.114318,16.874562,16.896389,16.888741,0.350402,0.649598,-0.239756,-0.217929,-0.225577
7.100000,87.000000,17.204496,17.195942,16.979506,17.057115,0.358578,0.641422,-0.008554,-0.224990,-0.147381,44.000000,17.267342,31.861591,17.286317,18.029438,0.051102,0.948898,14.594249,0.018975,0.762096,45.000000,17.149419,17.824977,17.143453,17.368338,0.329975,0.670025,0.675557,-0.005966,0.218919,17.204496,17.195942,16.979506,17.057115,0.358578,0.641422,-0.008554,-0.224990,-0.147381
7.120000,87.000000,17.294807,17.538350,16.844063,17.092389,0.357671,0.642329,0.243543,-0.450745,-0.202419,44.000000,17.358059,31.468192,17.937481,18.612798,0.050009,0.949991,14.110133,0.579422,1.254739,45.000000,17.239104,17.294493,17.656003,17.535720,0.332723,0.667277,0.055389,0.416899,0.296616,17.294807,17.538350,16.844063,17.092389,0.357671,0.642329,0.243543,-0.450745,-0.202419
7.140000,87.000000,17.385251,18.219399,17.285244,17.633482,0.372785,0.627215,0.834148,-0.100007,0.248231,44.000000,17.448907,32.608550,17.498059,18.241150,0.049300,0.950700,15.159644,0.049152,0.792243,45.000000,17.328917,17.192591,17.187541,17.189154,0.319460,0.680540,-0.136326,-0.141375,-0.139762,17.385251,18.219399,17.285244,17.633482,0.372785,0.627215,0.834148,-0.100007,0.248231
7.160000,87.000000,17.475827,17.839477,17.694846,17.748894,0.373698,0.626302,0.363650,0.219019,0.273067,44.000000,17.539884,31.779764,17.249138,17.935856,0.047369,0.952631,14.239880,-0.290745,0.395972,45.000000,17.418856,17.112272,17.232238,17.193167,0.325687,0.674313,-0.306584,-0.186618,-0.225689,17.475827,17.839477,17.694846,17.748894,0.373698,0.626302,0.363650,0.219019,0.273067
7.180000,87.000000,17.566533,17.354913,17.263891,17.298444,0.379608,0.620392,-0.211620,-0.302642,-0.268089,44.000000,17.630990,31.784752,17.278985,17.961841,0.047183,0.952817,14.153763,-0.352004,0.330851,45.000000,17.508921,17.432639,17.172818,17.256839,0.323380,0.676620,-0.076282,-0.336103,-0.252082,17.566533,17.354913,17.263891,17.298444,0.379608,0.620392,-0.211620,-0.302642,-0.268089
7.200000,87.000000,17.657370,18.130387,17.472465,17.724440,0.382987,0.617013,0.473017,-0.184905,0.067070,44.000000,17.722224,32.859410,17.516825,18.195627,0.044358,0.955642,15.137186,-0.205399,0.473404,45.000000,17.599112,17.412555,17.216750,17.280110,0.323590,0.676410,-0.186557,-0.382362,-0.319002,17.657370,18.130387,17.472465,17.724440,0.382987,0.617013,0.473017,-0.184905,0.067070
7.220000,87.000000,17.748337,17.666731,17.870026,17.792705,0.380339,0.619661,-0.081606,0.121689,0.044368,44.000000,17.813585,31.851086,17.809328,18.409707,0.042850,0.957150,14.037501,-0.004256,0.596122,45.000000,17.689428,17.867456,17.978835,17.942804,0.323498,0.676502,0.178028,0.289407,0.253376,17.748337,17.666731,17.870026,17.792705,0.380339,0.619661,-0.081606,0.121689,0.044368
7.240000,87.000000,17.839433,17.712312,18.064060,17.932624,0.373665,0.626335,-0.127121,0.224627,0.093191,44.000000,17.905073,33.673030,18.297088,18.926609,0.041050,0.958950,15.767957,0.392015,1.021536,45.000000,17.779868,17.749773,17.885627,17.842148,0.320041,0.679959,-0.030095,0.105759,0.062280,17.839433,17.712312,18.064060,17.932624,0.373665,0.626335,-0.127121,0.224627,0.093191
7.260000,87.000000,17.930658,19.156347,18.122642,18.507126,0.371949,0.628051,1.225689,0.191984,0.576469,44.000000,17.996687,32.654839,18.267938,18.852107,0.040698,0.959302,14.658152,0.271251,0.855420,45.000000,17.870431,18.898430,17.800625,18.145293,0.313962,0.686038,1.027999,-0.069806,0.274862,17.930658,19.156347,18.122642,18.507126,0.371949,0.628051,1.225689,0.191984,0.576469
7.280000,87.000000,18.022010,17.526795,17.893400,17.754111,0.379943,0.620057,-0.495215,-0.128610,-0.267899,44.000000,18.088426,33.827287,17.510143,18.148061,0.039212,0.960788,15.738861,-0.578283,0.059634,45.000000,17.961117,17.102935,17.547835,17.407948,0.314425,0.685575,-0.858182,-0.413282,-0.553170,18.022010,17.526795,17.893400,17.754111,0.379943,0.620057,-0.495215,-0.128610,-0.267899
7.300000,87.000000,18.113489,17.947859,18.631736,18.372109,0.379640,0.620360,-0.165631,0.518246,0.258619,44.000000,18.180290,33.324115,18.777856,19.332533,0.038223,0.961777,15.143825,0.597566,1.152243,45.000000,18.051925,17.922826,18.129867,18.061937,0.328101,0.671899,-0.129099,0.077942,0.010011,18.113489,17.947859,18.631736,18.372109,0.379640,0.620360,-0.165631,0.518246,0.258619
7.320000,87.000000,18.205095,17.735874,18.165864,18.006283,0.371126,0.628874,-0.469221,-0.039232,-0.198812,44.000000,18.272277,33.325725,18.087938,18.653917,0.037241,0.962759,15.053448,-0.184339,0.381640,45.000000,18.142855,17.280288,18.055030,17.800128,0.329016,0.670984,-0.862567,-0.087825,-0.342727,18.205095,17.735874,18.165864,18.006283,0.371126,0.628874,-0.469221,-0.039232,-0.198812
7.340000,87.000000,18.296827,18.588711,18.344694,18.434317,0.367284,0.632716,0.291884,0.047866,0.137490,44.000000,18.364387,33.689505,18.799058,19.352438,0.037257,0.962743,15.325118,0.434670,0.988050,45.000000,18.233906,18.386869,17.431001,17.746588,0.330158,0.669842,0.152964,-0.802905,-0.487318,18.296827,18.588711,18.344694,18.434317,0.367284,0.632716,0.291884,0.047866,0.137490
7.360000,87.000000,18.388685,18.864935,18.448929,18.601427,0.366576,0.633424,0.476250,0.060244,0.212742,44.000000,18.456620,33.786558,19.253653,19.784674,0.036627,0.963373,15.329938,0.797033,1.328054,45.000000,18.325076,18.966677,18.435773,18.611753,0.331474,0.668526,0.641601,0.110697,0.286677,18.388685,18.864935,18.448929,18.601427,0.366576,0.633424,0.476250,0.060244,0.212742
7.380000,87.000000,18.480667,19.134239,18.781994,18.911817,0.368560,0.631440,0.653572,0.301328,0.431151,44.000000,18.548974,34.843883,18.332923,18.932932,0.036453,0.963547,16.294909,-0.216051,0.383958,45.000000,18.416366,18.405256,18.312629,18.343420,0.332424,0.667576,-0.011111,-0.103738,-0.072946,18.480667,19.134239,18.781994,18.911817,0.368560,0.631440,0.653572,0.301328,0.431151
7.400000,87.000000,18.572772,18.664857,18.644586,18.652175,0.374366,0.625634,0.092084,0.071813,0.079402,44.000000,18.641449,34.236817,18.442660,18.970071,0.033488,0.966512,15.595368,-0.198789,0.328622,45.000000,18.507775,18.352493,18.979352,18.769450,0.334848,0.665152,-0.155283,0.471577,0.261674,18.572772,18.664857,18.644586,18.652175,0.374366,0.625634,0.092084,0.071813,0.079402
7.420000,87.000000,18.665002,19.049160,18.792818,18.890374,0.380570,0.619430,0.384158,0.127816,0.225372,44.000000,18.734044,33.722607,19.170728,19.628336,0.031524,0.968476,14.988562,0.436684,0.894292,45.000000,18.599302,18.308284,18.199302,18.235764,0.334567,0.665433,-0.291018,-0.400000,-0.363539,18.665002,19.049160,18.792818,18.890374,0.380570,0.619430,0.384158,0.127816,0.225372
7.440000,87.000000,18.757354,18.365699,18.729618,18.591461,0.379637,0.620363,-0.391655,-0.027736,-0.165893,44.000000,18.826759,33.193294,20.124678,20.540694,0.031896,0.968104,14.366535,1.297920,1.713935,45.000000,18.690947,18.245451,18.515280,18.422492,0.343878,0.656122,-0.445496,-0.175667,-0.268455,18.757354,18.365699,18.729618,18.591461,0.379637,0.620363,-0.391655,-0.027736,-0.165893
7.460000,87.000000,18.849828,19.517698,18.671460,18.991922,0.378690,0.621310,0.667871,-0.178368,0.142094,44.000000,18.919592,33.336933,18.365148,18.840846,0.031855,0.968145,14.417341,-0.554444,-0.078746,45.000000,18.782709,18.028058,18.456495,18.308051,0.346477,0.653523,-0.754651,-0.326214,-0.474657,18.849828,19.517698,18.671460,18.991922,0.378690,0.621310,0.667871,-0.178368,0.142094
7.480000,87.000000,18.942424,18.642934,18.763402,18.718533,0.372459,0.627541,-0.299489,-0.179021,-0.223891,44.000000,19.012543,35.399947,19.198513,19.710546,0.031700,0.968300,16.387405,0.185970,0.698003,45.000000,18.874586,19.196350,18.996233,19.064523,0.341254,0.658746,0.321763,0.121646,0.189937,18.942424,18.642934,18.763402,18.718533,0.372459,0.627541,-0.299489,-0.179021,-0.223891
7.500000,87.000000,19.035140,18.397445,18.620140,18.537238,0.372268,0.627732,-0.637695,-0.415000,-0.497902,44.000000,19.105611,34.710647,19.479512,19.933258,0.029871,0.970129,15.605036,0.373901,0.827647,45.000000,18.966580,19.644544,19.086515,19.275682,0.338991,0.661009,0.677965,0.119935,0.309102,19.035140,18.397445,18.620140,18.537238,0.372268,0.627732,-0.637695,-0.415000,-0.497902
7.520000,87.000000,19.127977,19.419133,18.801296,19.024872,0.361869,0.638131,0.291156,-0.326680,-0.103105,44.000000,19.198796,35.470240,19.490840,19.959577,0.029421,0.970579,16.271444,0.292044,0.760781,45.000000,19.058688,19.540851,19.150682,19.285651,0.345926,0.654074,0.482163,0.091994,0.226963,19.127977,19.419133,18.801296,19.024872,0.361869,0.638131,0.291156,-0.326680,-0.103105
7.540000,87.000000,19.220933,19.696193,19.717242,19.709741,0.356325,0.643675,0.475259,0.496308,0.488808,44.000000,19.292097,35.349294,19.260493,19.714047,0.028276,0.971724,16.057197,-0.031604,0.421951,45.000000,19.150911,19.286360,19.068826,19.145403,0.352026,0.647974,0.135449,-0.082085,-0.005508,19.220933,19.696193,19.717242,19.709741,0.356325,0.643675,0.475259,0.496308,0.488808
7.560000,87.000000,19.314009,18.210807,19.043607,18.740185,0.364340,0.635660,-1.103201,-0.270402,-0.573823,44.000000,19.385513,35.370822,19.668329,20.065407,0.025361,0.974639,15.985309,0.282816,0.679895,45.000000,19.243247,19.582721,19.962759,19.827946,0.354736,0.645264,0.339473,0.719511,0.584698,19.314009,18.210807,19.043607,18.740185,0.364340,0.635660,-1.103201,-0.270402,-0.573823
7.580000,87.000000,19.407203,20.336089,19.682155,19.911829,0.351219,0.648781,0.928887,0.274953,0.504626,44.000000,19.479043,35.179301,19.531581,19.893380,0.023189,0.976811,15.700258,0.052539,0.414338,45.000000,19.335697,19.392630,19.573321,19.509868,0.351171,0.648829,0.056932,0.237624,0.174170,19.407203,20.336089,19.682155,19.911829,0.351219,0.648781,0.928887,0.274953,0.504626
7.600000,87.000000,19.500515,19.676038,19.309160,19.438236,0.351821,0.648179,0.175523,-0.191354,-0.062279,44.000000,19.572687,35.681293,19.318045,19.695639,0.023149,0.976851,16.108607,-0.254642,0.122952,45.000000,19.428259,19.608654,19.801909,19.733635,0.353285,0.646715,0.180395,0.373650,0.305376,19.500515,19.676038,19.309160,19.438236,0.351821,0.648179,0.175523,-0.191354,-0.062279
7.620000,87.000000,19.593944,19.800579,20.188946,20.050920,0.355402,0.644598,0.206636,0.595003,0.456976,44.000000,19.666444,35.425693,19.450044,19.818701,0.023146,0.976854,15.759250,-0.216400,0.152257,45.000000,19.520933,20.281943,19.658209,19.878107,0.352551,0.647449,0.761010,0.137276,0.357174,19.593944,19.800579,20.188946,20.050920,0.355402,0.644598,0.206636,0.595003,0.456976
7.640000,87.000000,19.687489,19.672180,19.872497,19.801364,0.355103,0.644897,-0.015309,0.185008,0.113875,44.000000,19.760313,35.100600,19.342785,19.707150,0.023191,0.976809,15.340287,-0.417528,-0.053163,45.000000,19.613718,20.386738,19.572906,19.854051,0.345459,0.654541,0.773019,-0.040812,0.240333,19.687489,19.672180,19.872497,19.801364,0.355103,0.644897,-0.015309,0.185008,0.113875
7.660000,87.000000,19.781151,19.488323,19.672878,19.606636,0.358931,0.641069,-0.292828,-0.108273,-0.174515,44.000000,19.854294,36.009820,18.443680,18.858171,0.023682,0.976318,16.155526,-1.410614,-0.996123,45.000000,19.706614,19.400509,19.489711,19.458245,0.352750,0.647250,-0.306104,-0.216903,-0.248368,19.781151,19.488323,19.672878,19.606636,0.358931,0.641069,-0.292828,-0.108273,-0.174515
7.680000,87.000000,19.874928,19.796699,19.463659,19.585678,0.366381,0.633619,-0.078229,-0.411269,-0.289250,44.000000,19.948385,34.613303,19.073234,19.442545,0.023833,0.976167,14.664917,-0.875152,-0.505841,45.000000,19.799620,19.536761,20.169679,19.944871,0.355194,0.644806,-0.262858,0.370060,0.145252,19.874928,19.796699,19.463659,19.585678,0.366381,0.633619,-0.078229,-0.411269,-0.289250
7.700000,87.000000,19.968820,21.485179,20.372039,20.772887,0.360107,0.639893,1.516359,0.403219,0.804067,44.000000,20.042587,32.952665,19.586688,19.904756,0.023847,0.976153,12.910078,-0.455900,-0.137832,45.000000,19.892735,19.763552,19.959064,19.890340,0.351509,0.648491,-0.129183,0.066329,-0.002395,19.968820,21.485179,20.372039,20.772887,0.360107,0.639893,1.516359,0.403219,0.804067
7.720000,87.000000,20.062826,19.818248,20.138025,20.022016,0.362783,0.637217,-0.244578,0.075199,-0.040811,44.000000,20.136899,33.147319,20.567568,20.868598,0.023974,0.976026,13.010420,0.430670,0.731699,45.000000,19.985959,19.304054,20.004322,19.749466,0.363941,0.636059,-0.681905,0.018363,-0.236493,20.062826,19.818248,20.138025,20.022016,0.362783,0.637217,-0.244578,0.075199,-0.040811
7.740000,87.000000,20.156946,20.548862,19.894105,20.132309,0.363805,0.636195,0.391916,-0.262841,-0.024637,44.000000,20.231319,35.833317,20.014733,20.391608,0.023895,0.976105,15.601998,-0.216586,0.160288,45.000000,20.079291,20.065094,20.730124,20.482878,0.371781,0.628219,-0.014197,0.650833,0.403588,20.156946,20.548862,19.894105,20.132309,0.363805,0.636195,0.391916,-0.262841,-0.024637
7.760000,87.000000,20.251179,20.512495,20.520099,20.517361,0.360096,0.639904,0.261316,0.268920,0.266182,44.000000,20.325848,36.620144,21.292520,21.658261,0.023928,0.976072,16.294297,0.966672,1.332414,45.000000,20.172730,19.744682,19.853320,19.813358,0.367841,0.632159,-0.428049,-0.319410,-0.359372,20.251179,20.512495,20.520099,20.517361,0.360096,0.639904,0.261316,0.268920,0.266182
7.780000,87.000000,20.345525,20.052612,20.332934,20.232592,0.357953,0.642047,-0.292913,-0.012590,-0.112933,44.000000,20.420484,36.501408,20.586441,20.965215,0.023871,0.976129,16.080924,0.165958,0.544731,45.000000,20.266277,21.281889,19.975203,20.436147,0.352759,0.647241,1.015612,-0.291074,0.169870,20.345525,20.052612,20.332934,20.232592,0.357953,0.642047,-0.292913,-0.012590,-0.112933
7.800000,87.000000,20.439982,20.238400,20.225362,20.230165,0.368358,0.631642,-0.201582,-0.214620,-0.209817,44.000000,20.515226,37.927460,19.900652,20.325419,0.023654,0.976346,17.412234,-0.614575,-0.189808,45.000000,20.359930,20.363695,20.514721,20.459803,0.363630,0.636370,0.003765,0.154791,0.099874,20.439982,20.238400,20.225362,20.230165,0.368358,0.631642,-0.201582,-0.214620,-0.209817
7.820000,87.000000,20.534551,20.113316,20.414494,20.300492,0.378519,0.621481,-0.421235,-0.120057,-0.234058,44.000000,20.610075,35.311134,20.678217,21.023208,0.023636,0.976364,14.701059,0.068142,0.413133,45.000000,20.453689,20.994965,20.115207,20.428849,0.356510,0.643490,0.541276,-0.338482,-0.024839,20.534551,20.113316,20.414494,20.300492,0.378519,0.621481,-0.421235,-0.120057,-0.234058
7.840000,87.000000,20.629230,20.339678,20.812468,20.632409,0.380843,0.619157,-0.289552,0.183238,0.003179,44.000000,20.705029,38.133531,20.860284,21.229587,0.021456,0.978544,17.428502,0.155255,0.524557,45.000000,20.547552,20.331152,20.300058,20.311153,0.356807,0.643193,-0.216401,-0.247494,-0.236400,20.629230,20.339678,20.812468,20.632409,0.380843,0.619157,-0.289552,0.183238,0.003179
7.860000,87.000000,20.724020,20.985300,20.667600,20.788790,0.381462,0.618538,0.261280,-0.056420,0.064771,44.000000,20.800088,34.075845,22.166438,22.424470,0.021703,0.978297,13.275757,1.366350,1.624381,45.000000,20.641521,20.031097,20.031590,20.031416,0.352615,0.647385,-0.610424,-0.609931,-0.610105,20.724020,20.985300,20.667600,20.788790,0.381462,0.618538,0.261280,-0.056420,0.064771
7.880000,87.000000,20.818919,20.808335,20.590623,20.672781,0.377370,0.622630,-0.010584,-0.228296,-0.146138,44.000000,20.895251,36.739385,20.583813,20.932942,0.021678,0.978322,15.844133,-0.311438,0.037691,45.000000,20.735593,20.763564,20.693753,20.718291,0.351485,0.648515,0.027971,-0.041840,-0.017303,20.818919,20.808335,20.590623,20.672781,0.377370,0.622630,-0.010584,-0.228296,-0.146138
7.900000,87.000000,20.913928,20.665616,21.055746,20.908626,0.377106,0.622894,-0.248312,0.141819,-0.005302,44.000000,20.990518,38.453981,21.885561,22.242246,0.021598,0.978402,17.463464,0.895044,1.251728,45.000000,20.829769,21.394108,20.904975,21.074142,0.345852,0.654148,0.564339,0.075206,0.244373,20.913928,20.665616,21.055746,20.908626,0.377106,0.622894,-0.248312,0.141819,-0.005302
7.920000,87.000000,21.009044,21.835746,21.251510,21.467622,0.369906,0.630094,0.826702,0.242466,0.458578,44.000000,21.085887,36.866005,20.953039,21.293928,0.021487,0.978513,15.780118,-0.132848,0.208041,45.000000,20.924048,21.359637,20.790314,20.985434,0.342723,0.657277,0.435589,-0.133734,0.061386,21.009044,21.835746,21.251510,21.467622,0.369906,0.630094,0.826702,0.242466,0.458578
7.940000,87.000000,21.104269,21.823267,20.991482,21.290648,0.359668,0.640332,0.718997,-0.112787,0.186379,44.000000,21.181358,38.903844,20.545310,20.937328,0.021439,0.978561,17.722487,-0.636048,-0.244030,45.000000,21.018429,20.827070,20.577243,20.663194,0.344042,0.655958,-0.191359,-0.441186,-0.355235,21.104269,21.823267,20.991482,21.290648,0.359668,0.640332,0.718997,-0.112787,0.186379
7.960000,87.000000,21.199601,21.621823,20.885773,21.141055,0.346828,0.653172,0.422222,-0.313828,-0.058546,44.000000,21.276930,37.383262,20.595473,20.954614,0.021465,0.978535,16.106332,-0.681457,-0.322316,45.000000,21.112911,22.232292,20.708665,21.215619,0.332731,0.667269,1.119380,-0.404247,0.102708,21.199601,21.621823,20.885773,21.141055,0.346828,0.653172,0.422222,-0.313828,-0.058546
7.980000,87.000000,21.295040,21.132080,21.380584,21.294093,0.348045,0.651955,-0.162960,0.085543,-0.000947,44.000000,21.372603,37.595635,20.567867,20.931588,0.021434,0.978566,16.223032,-0.804737,-0.441015,45.000000,21.207495,21.248918,21.299064,21.282322,0.333861,0.666139,0.041423,0.091568,0.074827,21.295040,21.132080,21.380584,21.294093,0.348045,0.651955,-0.162960,0.085543,-0.000947
8.000000,87.000000,21.390586,20.863773,21.844039,21.497029,0.353997,0.646003,-0.526813,0.453453,0.106443,44.000000,21.468376,40.202401,21.251537,21.652165,0.021231,0.978769,18.734025,-0.216839,0.183788,45.000000,21.302179,21.729410,21.635172,21.667443,0.342448,0.657552,0.427231,0.332992,0.365264,21.390586,20.863773,21.844039,21.497029,0.353997,0.646003,-0.526813,0.453453,0.106443
8.020000,87.000000,21.486237,21.987320,21.489247,21.659451,0.341726,0.658274,0.501084,0.003010,0.173215,44.000000,21.564249,41.260216,20.950128,21.375140,0.021029,0.978971,19.695967,-0.614120,-0.189109,45.000000,21.396963,20.964514,21.701900,21.449865,0.341797,0.658203,-0.432449,0.304937,0.052901,21.486237,21.987320,21.489247,21.659451,0.341726,0.658274,0.501084,0.003010,0.173215
8.040000,87.000000,21.581993,22.156449,21.682810,21.841244,0.334504,0.665496,0.574456,0.100817,0.259251,44.000000,21.660220,37.894853,21.413440,21.757976,0.020972,0.979028,16.234634,-0.246779,0.097757,45.000000,21.491847,20.758763,21.095676,20.982038,0.337292,0.662708,-0.733083,-0.396171,-0.509809,21.581993,22.156449,21.682810,21.841244,0.334504,0.665496,0.574456,0.100817,0.259251
8.060000,87.000000,21.677853,21.028934,22.008835,21.681797,0.333747,0.666253,-0.648919,0.330982,0.003944,44.000000,21.756289,46.866619,21.900651,22.405077,0.020356,0.979644,25.110330,0.144363,0.648788,45.000000,21.586829,21.819973,21.557024,21.646908,0.341830,0.658170,0.233144,-0.029806,0.060078,21.677853,21.028934,22.008835,21.681797,0.333747,0.666253,-0.648919,0.330982,0.003944
8.080000,87.000000,21.773818,22.427017,21.781420,21.993509,0.328516,0.671484,0.653199,0.007602,0.219691,44.000000,21.852455,37.437064,22.336552,22.641451,0.020246,0.979754,15.584609,0.484097,0.788996,45.000000,21.681910,21.665123,21.369657,21.470929,0.342752,0.657248,-0.016787,-0.312252,-0.210981,21.773818,22.427017,21.781420,21.993509,0.328516,0.671484,0.653199,0.007602,0.219691
8.100000,87.000000,21.869886,21.661398,21.393070,21.481275,0.328722,0.671278,-0.208489,-0.476816,-0.388611,44.000000,21.948718,41.732773,21.900382,22.297141,0.020100,0.979900,19.784055,-0.048337,0.348423,45.000000,21.777088,21.775134,21.669531,21.706282,0.348009,0.651991,-0.001954,-0.107557,-0.070806,21.869886,21.661398,21.393070,21.481275,0.328722,0.671278,-0.208489,-0.476816,-0.388611
8.120000,87.000000,21.966057,22.309384,21.766512,21.945230,0.329208,0.670792,0.343327,-0.199545,-0.020828,44.000000,22.045077,37.915410,22.175659,22.489491,0.019998,0.980002,15.870333,0.130581,0.444413,45.000000,21.872363,21.283952,22.221584,21.891787,0.351735,0.648265,-0.588412,0.349220,0.019424,21.966057,22.309384,21.766512,21.945230,0.329208,0.670792,0.343327,-0.199545,-0.020828
8.140000,87.000000,22.062331,21.884367,21.688161,21.753995,0.335532,0.664468,-0.177964,-0.374170,-0.308336,44.000000,22.141532,38.951904,21.514848,21.862251,0.019996,0.980004,16.810373,-0.626684,-0.279281,45.000000,21.967735,22.127585,22.261514,22.214217,0.353156,0.646844,0.159850,0.293779,0.246481,22.062331,21.884367,21.688161,21.753995,0.335532,0.664468,-0.177964,-0.374170,-0.308336
8.160000,87.000000,22.158707,22.692249,22.235430,22.387553,0.333005,0.666995,0.533542,0.076723,0.228846,44.000000,22.238081,34.296097,22.136324,22.377722,0.019887,0.980113,12.058016,-0.101757,0.139640,45.000000,22.063203,22.936974,22.149034,22.420933,0.345076,0.654924,0.873771,0.085831,0.357729,22.158707,22.692249,22.235430,22.387553,0.333005,0.666995,0.533542,0.076723,0.228846
8.180000,87.000000,22.255184,23.271854,22.666178,22.865173,0.328551,0.671449,1.016671,0.410994,0.609990,44.000000,22.334724,37.714619,21.893798,22.206164,0.019803,0.980197,15.379895,-0.440926,-0.128560,45.000000,22.158767,21.656046,22.754876,22.363434,0.356236,0.643764,-0.502720,0.596109,0.204668,22.255184,23.271854,22.666178,22.865173,0.328551,0.671449,1.016671,0.410994,0.609990
8.200000,87.000000,22.351761,21.979263,21.962939,21.968379,0.333214,0.666786,-0.372498,-0.388822,-0.383383,44.000000,22.431461,38.395286,22.482234,22.795958,0.019775,0.980225,15.963825,0.050773,0.364497,45.000000,22.254425,22.603525,22.163319,22.319111,0.353907,0.646093,0.349100,-0.091106,0.064686,22.351761,21.979263,21.962939,21.968379,0.333214,0.666786,-0.372498,-0.388822,-0.383383
8.220000,87.000000,22.448439,23.759938,22.522525,22.920078,0.321279,0.678721,1.311499,0.074086,0.471639,44.000000,22.528290,40.038893,23.129453,23.464073,0.019857,0.980143,17.510602,0.601163,0.935783,45.000000,22.350177,21.733118,22.298705,22.097025,0.356586,0.643414,-0.617059,-0.051472,-0.253153,22.448439,23.759938,22.522525,22.920078,0.321279,0.678721,1.311499,0.074086,0.471639
8.240000,87.000000,22.545217,22.250239,22.434450,22.375548,0.319751,0.680249,-0.294978,-0.110767,-0.169669,44.000000,22.625212,39.413589,22.249668,22.588502,0.019811,0.980189,16.788377,-0.375543,-0.036709,45.000000,22.446024,22.341599,22.374331,22.362690,0.355632,0.644368,-0.104425,-0.071693,-0.083333,22.545217,22.250239,22.434450,22.375548,0.319751,0.680249,-0.294978,-0.110767,-0.169669
8.260000,87.000000,22.642094,23.428136,22.575164,22.850301,0.322563,0.677437,0.786042,-0.066930,0.208207,44.000000,22.722225,38.041344,22.611788,22.915955,0.019770,0.980230,15.319119,-0.110437,0.193731,45.000000,22.541964,23.768961,21.924368,22.570635,0.350361,0.649639,1.226997,-0.617596,0.028672,22.642094,23.428136,22.575164,22.850301,0.322563,0.677437,0.786042,-0.066930,0.208207
8.280000,87.000000,22.739070,21.805958,22.621743,22.357383,0.324057,0.675943,-0.933112,-0.117327,-0.381687,44.000000,22.819328,40.344527,23.534318,23.866609,0.019834,0.980166,17.525199,0.714990,1.047281,45.000000,22.637996,22.419767,23.410338,23.056627,0.357078,0.642922,-0.218229,0.772342,0.418631,22.739070,21.805958,22.621743,22.357383,0.324057,0.675943,-0.933112,-0.117327,-0.381687
8.300000,87.000000,22.836144,22.135523,22.863400,22.628434,0.322811,0.677189,-0.700621,0.027256,-0.207710,44.000000,22.916522,38.881860,23.456115,23.761435,0.019849,0.980151,15.965338,0.539593,0.844913,45.000000,22.734121,23.708409,22.553923,22.952436,0.345187,0.654813,0.974289,-0.180197,0.218315,22.836144,22.135523,22.863400,22.628434,0.322811,0.677189,-0.700621,0.027256,-0.207710
8.320000,87.000000,22.933316,23.679393,22.610386,22.944774,0.312804,0.687196,0.746077,-0.322930,0.011458,44.000000,23.013805,41.596768,22.883885,23.251909,0.019749,0.980251,18.582962,-0.129921,0.238103,45.000000,22.830337,22.932873,22.363060,22.554991,0.336832,0.663168,0.102536,-0.467277,-0.275345,22.933316,23.679393,22.610386,22.944774,0.312804,0.687196,0.746077,-0.322930,0.011458
8.340000,87.000000,23.030585,22.634287,22.750532,22.713918,0.314971,0.685029,-0.396297,-0.280053,-0.316666,44.000000,23.111178,40.152553,22.588936,22.933553,0.019694,0.980306,17.041375,-0.522242,-0.177625,45.000000,22.926644,22.199639,22.917786,22.668886,0.346587,0.653413,-0.727005,-0.008858,-0.257758,23.030585,22.634287,22.750532,22.713918,0.314971,0.685029,-0.396297,-0.280053,-0.316666
8.360000,87.000000,23.127950,23.395791,22.855117,23.025085,0.314362,0.685638,0.267841,-0.272833,-0.102865,44.000000,23.208638,40.940272,22.478793,22.838286,0.019552,0.980448,17.731634,-0.729845,-0.370352,45.000000,23.023042,22.892903,23.618136,23.358252,0.358346,0.641654,-0.130140,0.595094,0.335210,23.127950,23.395791,22.855117,23.025085,0.314362,0.685638,0.267841,-0.272833,-0.102865
8.380000,87.000000,23.225412,22.584517,22.934522,22.823003,0.318620,0.681380,-0.640895,-0.290890,-0.402408,44.000000,23.306186,38.273491,23.632918,23.919328,0.019613,0.980387,14.967305,0.326732,0.613142,45.000000,23.119530,23.848001,23.128226,23.381975,0.352540,0.647460,0.728471,0.008696,0.262445,23.225412,22.584517,22.934522,22.823003,0.318620,0.681380,-0.640895,-0.290890,-0.402408
8.400000,87.000000,23.322969,24.595911,23.474633,23.822069,0.309858,0.690142,1.272942,0.151664,0.499100,44.000000,23.403821,38.304757,23.364752,23.656809,0.019601,0.980399,14.900936,-0.039069,0.252988,45.000000,23.216108,23.423435,22.957332,23.117457,0.343542,0.656458,0.207327,-0.258776,-0.098650,23.322969,24.595911,23.474633,23.822069,0.309858,0.690142,1.272942,0.151664,0.499100
8.420000,87.000000,23.420621,23.492457,23.372414,23.409729,0.310852,0.689148,0.071836,-0.048208,-0.010892,44.000000,23.501542,44.703199,23.786628,24.190087,0.019390,0.980610,21.201657,0.285086,0.688544,45.000000,23.312774,23.388824,23.316419,23.341292,0.343529,0.656471,0.076050,0.003645,0.028518,23.420621,23.492457,23.372414,23.409729,0.310852,0.689148,0.071836,-0.048208,-0.010892
8.440000,87.000000,23.518368,22.768335,23.432780,23.225444,0.312044,0.687956,-0.750034,-0.085588,-0.292924,44.000000,23.599349,41.565945,24.555912,24.879606,0.019096,0.980904,17.966596,0.956564,1.280257,45.000000,23.409529,22.979889,23.325592,23.206647,0.344067,0.655933,-0.429640,-0.083937,-0.202882,23.518368,22.768335,23.432780,23.225444,0.312044,0.687956,-0.750034,-0.085588,-0.292924
8.460000,87.000000,23.616209,23.839159,24.106708,24.020878,0.320801,0.679199,0.222949,0.490499,0.404669,44.000000,23.697241,39.734747,24.589751,24.879807,0.019205,0.980795,16.037506,0.892511,1.182566,45.000000,23.506372,22.977889,23.388060,23.246788,0.344421,0.655579,-0.528484,-0.118313,-0.259584,23.616209,23.839159,24.106708,24.020878,0.320801,0.679199,0.222949,0.490499,0.404669
8.480000,87.000000,23.714144,23.492895,23.336185,23.386192,0.319106,0.680894,-0.221249,-0.377959,-0.327952,44.000000,23.795217,37.597300,23.511518,23.781358,0.019202,0.980798,13.802083,-0.283699,-0.013859,45.000000,23.603303,23.469393,23.828708,23.703295,0.349033,0.650967,-0.133909,0.225405,0.099993,23.714144,23.492895,23.336185,23.386192,0.319106,0.680894,-0.221249,-0.377959,-0.327952
8.500000,87.000000,23.812172,23.117844,24.113998,23.790838,0.324408,0.675592,-0.694328,0.301826,-0.021334,44.000000,23.893277,40.485105,24.525185,24.830238,0.019172,0.980828,16.591828,0.631908,0.936961,45.000000,23.700320,24.890685,23.487780,23.965848,0.340772,0.659228,1.190365,-0.212540,0.265528,23.812172,23.117844,24.113998,23.790838,0.324408,0.675592,-0.694328,0.301826,-0.021334
8.520000,87.000000,23.910292,24.318633,23.897469,24.034433,0.325202,0.674798,0.408341,-0.012823,0.124140,44.000000,23.991420,39.758794,23.986332,24.286894,0.019113,0.980887,15.767374,-0.005088,0.295474,45.000000,23.797424,23.376757,23.673593,23.570915,0.345908,0.654092,-0.420666,-0.123831,-0.226509,23.910292,24.318633,23.897469,24.034433,0.325202,0.674798,0.408341,-0.012823,0.124140
8.540000,87.000000,24.008505,24.461986,24.049301,24.182006,0.321566,0.678434,0.453481,0.040796,0.173501,44.000000,24.089646,40.292404,24.020124,24.330047,0.019107,0.980893,16.202758,-0.069522,0.240402,45.000000,23.894613,23.040017,24.118073,23.735043,0.355298,0.644702,-0.854596,0.223460,-0.159570,24.008505,24.461986,24.049301,24.182006,0.321566,0.678434,0.453481,0.040796,0.173501
8.560000,87.000000,24.106809,25.392272,24.054550,24.465428,0.307150,0.692850,1.285463,-0.052260,0.358619,44.000000,24.187953,42.118512,24.394314,24.729722,0.018995,0.981005,17.930559,0.206360,0.541768,45.000000,23.991888,24.642189,23.325118,23.774222,0.340988,0.659012,0.650301,-0.666770,-0.217667,24.106809,25.392272,24.054550,24.465428,0.307150,0.692850,1.285463,-0.052260,0.358619
8.580000,87.000000,24.205205,24.100140,24.195562,24.165738,0.312545,0.687455,-0.105065,-0.009643,-0.039466,44.000000,24.286342,40.510579,23.593104,23.915118,0.019100,0.980900,16.224237,-0.693238,-0.371224,45.000000,24.089248,24.605288,24.084946,24.259418,0.335302,0.664698,0.516040,-0.004302,0.170170,24.205205,24.100140,24.195562,24.165738,0.312545,0.687455,-0.105065,-0.009643,-0.039466
8.600000,87.000000,24.303691,24.486890,24.352365,24.394605,0.313996,0.686004,0.183199,0.048674,0.090914,44.000000,24.384811,41.112210,23.267897,23.612482,0.019384,0.980616,16.727399,-1.116914,-0.772329,45.000000,24.186692,24.269481,24.121289,24.170548,0.332400,0.667600,0.082789,-0.065403,-0.016144,24.303691,24.486890,24.352365,24.394605,0.313996,0.686004,0.183199,0.048674,0.090914
8.620000,87.000000,24.402267,25.016823,24.715339,24.808391,0.308646,0.691354,0.614557,0.313072,0.406124,44.000000,24.483361,40.497115,24.627819,24.934493,0.019383,0.980617,16.013754,0.144459,0.451133,45.000000,24.284221,23.217982,24.292064,23.922680,0.343907,0.656093,-1.066238,0.007843,-0.361540,24.402267,25.016823,24.715339,24.808391,0.308646,0.691354,0.614557,0.313072,0.406124
8.640000,87.000000,24.500933,25.183777,24.565113,24.752628,0.303098,0.696902,0.682844,0.064180,0.251696,44.000000,24.581989,42.914662,23.923516,24.290324,0.019398,0.980602,18.332673,-0.658473,-0.291665,45.000000,24.381832,24.515847,24.522466,24.520141,0.351298,0.648702,0.134015,0.140634,0.138309,24.500933,25.183777,24.565113,24.752628,0.303098,0.696902,0.682844,0.064180,0.251696
8.660000,87.000000,24.599688,24.606338,23.966630,24.158019,0.299182,0.700818,0.006651,-0.633058,-0.441669,44.000000,24.680697,41.383242,24.817613,25.132273,0.019057,0.980943,16.702545,0.136917,0.451577,45.000000,24.479526,24.851151,24.160444,24.398902,0.345238,0.654762,0.371624,-0.319082,-0.080625,24.599688,24.606338,23.966630,24.158019,0.299182,0.700818,0.006651,-0.633058,-0.441669
8.680000,87.000000,24.698532,25.141377,24.712821,24.840596,0.298153,0.701847,0.442846,0.014289,0.142064,44.000000,24.779482,40.814664,23.730107,24.054511,0.019055,0.980945,16.035182,-1.049375,-0.724971,45.000000,24.577303,25.065086,24.119979,24.434893,0.333206,0.666794,0.487783,-0.457324,-0.142410,24.698532,25.141377,24.712821,24.840596,0.298153,0.701847,0.442846,0.014289,0.142064
8.700000,87.000000,24.797464,24.963403,25.032638,25.011330,0.307770,0.692230,0.165939,0.235174,0.213866,44.000000,24.878345,41.411962,25.027789,25.338055,0.018998,0.981002,16.533617,0.149444,0.459710,45.000000,24.675162,25.388399,23.940481,24.407167,0.322317,0.677683,0.713237,-0.734680,-0.267994,24.797464,24.963403,25.032638,25.011330,0.307770,0.692230,0.165939,0.235174,0.213866
8.720000,87.000000,24.896484,25.197293,25.245575,25.230776,0.306507,0.693493,0.300810,0.349091,0.334292,44.000000,24.977285,47.766331,24.230793,24.668649,0.018728,0.981272,22.789046,-0.746491,-0.308636,45.000000,24.773102,24.635083,24.828552,24.766707,0.319665,0.680335,-0.138019,0.055450,-0.006395,24.896484,25.197293,25.245575,25.230776,0.306507,0.693493,0.300810,0.349091,0.334292
8.740000,87.000000,24.995591,25.316002,25.240358,25.263840,0.310426,0.689574,0.320412,0.244767,0.268249,44.000000,25.076301,40.761848,25.840821,26.122217,0.018909,0.981091,15.685547,0.764520,1.045916,45.000000,24.871123,24.498722,25.127411,24.927435,0.318085,0.681915,-0.372401,0.256289,0.056312,24.995591,25.316002,25.240358,25.263840,0.310426,0.689574,0.320412,0.244767,0.268249
8.760000,87.000000,25.094785,25.382228,25.440821,25.422609,0.310830,0.689170,0.287443,0.346037,0.327824,44.000000,25.175393,44.917281,25.343468,25.706339,0.018624,0.981376,19.741888,0.168075,0.530946,45.000000,24.969224,24.348832,25.107897,24.863215,0.322346,0.677654,-0.620392,0.138673,-0.106009,25.094785,25.382228,25.440821,25.422609,0.310830,0.689170,0.287443,0.346037,0.327824
8.780000,87.000000,25.194065,25.194593,25.059699,25.101282,0.308263,0.691737,0.000528,-0.134366,-0.092783,44.000000,25.274560,41.557615,24.247620,24.571144,0.018757,0.981243,16.283056,-1.026940,-0.703416,45.000000,25.067405,25.642201,24.809195,25.080893,0.326166,0.673834,0.574796,-0.258210,0.013488,25.194065,25.194593,25.059699,25.101282,0.308263,0.691737,0.000528,-0.134366,-0.092783
8.800000,87.000000,25.293431,24.924025,25.437662,25.277792,0.311250,0.688750,-0.369406,0.144230,-0.015639,44.000000,25.373801,40.836104,25.329320,25.618759,0.018719,0.981281,15.462303,-0.044480,0.244958,45.000000,25.165666,25.668161,25.162877,25.325206,0.321265,0.678735,0.502495,-0.002789,0.159540,25.293431,24.924025,25.437662,25.277792,0.311250,0.688750,-0.369406,0.144230,-0.015639
8.820000,87.000000,25.392883,25.166053,25.728256,25.552095,0.313341,0.686659,-0.226830,0.335373,0.159212,44.000000,25.473116,44.383362,25.301694,25.655697,0.018633,0.981367,18.910246,-0.171421,0.182581,45.000000,25.264006,26.148966,25.048755,25.399913,0.319175,0.680825,0.884960,-0.215251,0.135907,25.392883,25.166053,25.728256,25.552095,0.313341,0.686659,-0.226830,0.335373,0.159212
8.840000,87.000000,25.492419,25.603451,25.483652,25.520738,0.309570,0.690430,0.111032,-0.008768,0.028319,44.000000,25.572504,42.429672,26.213244,26.516873,0.018783,0.981217,16.857168,0.640740,0.944369,45.000000,25.362424,25.137964,25.833005,25.607299,0.324738,0.675262,-0.224460,0.470581,0.244875,25.492419,25.603451,25.483652,25.520738,0.309570,0.690430,0.111032,-0.008768,0.028319
8.860000,87.000000,25.592041,25.770682,25.853847,25.827878,0.312260,0.687740,0.178642,0.261807,0.235838,44.000000,25.671965,42.007539,25.131413,25.439943,0.018345,0.981655,16.335574,-0.540552,-0.232022,45.000000,25.460920,25.355843,25.127200,25.201053,0.323004,0.676996,-0.105077,-0.333719,-0.259867,25.592041,25.770682,25.853847,25.827878,0.312260,0.687740,0.178642,0.261807,0.235838
8.880000,87.000000,25.691746,24.952594,25.238841,25.148563,0.315385,0.684615,-0.739151,-0.452905,-0.543183,44.000000,25.771498,42.918000,25.940710,26.250993,0.018340,0.981660,17.146502,0.169212,0.479495,45.000000,25.559493,25.923718,25.366649,25.544708,0.319635,0.680365,0.364225,-0.192844,-0.014786,25.691746,24.952594,25.238841,25.148563,0.315385,0.684615,-0.739151,-0.452905,-0.543183
8.900000,87.000000,25.791534,26.201930,25.623345,25.802255,0.309220,0.690780,0.410396,-0.168189,0.010720,44.000000,25.871102,43.043758,25.636711,25.950752,0.018107,0.981893,17.172657,-0.234391,0.079650,45.000000,25.658144,26.942716,26.067304,26.344298,0.316416,0.683584,1.284572,0.409160,0.686154,25.791534,26.201930,25.623345,25.802255,0.309220,0.690780,0.410396,-0.168189,0.010720
8.920000,87.000000,25.891406,25.861728,25.725896,25.768329,0.312389,0.687611,-0.029678,-0.165510,-0.123077,44.000000,25.970776,41.770560,26.795265,27.068233,0.018277,0.981723,15.799783,0.824488,1.097457,45.000000,25.756871,26.405863,26.035457,26.153267,0.318056,0.681944,0.648992,0.278586,0.396395,25.891406,25.861728,25.725896,25.768329,0.312389,0.687611,-0.029678,-0.165510,-0.123077
8.940000,87.000000,25.991361,25.436105,26.345823,26.050804,0.324298,0.675702,-0.555256,0.354462,0.059444,44.000000,26.070521,44.213838,25.970508,26.301827,0.018234,0.981766,18.143317,-0.100013,0.231305,45.000000,25.855675,25.408068,25.350371,25.368763,0.318764,0.681236,-0.447607,-0.505304,-0.486912,25.991361,25.436105,26.345823,26.050804,0.324298,0.675702,-0.555256,0.354462,0.059444
8.960000,87.000000,26.091397,25.315277,25.726817,25.590201,0.331965,0.668035,-0.776120,-0.364580,-0.501197,44.000000,26.170336,44.475139,26.667718,26.990651,0.018204,0.981796,18.304804,0.497382,0.820315,45.000000,25.954554,26.411537,26.273049,26.318746,0.329969,0.670031,0.456983,0.318495,0.364192,26.091397,25.315277,25.726817,25.590201,0.331965,0.668035,-0.776120,-0.364580,-0.501197
8.980000,87.000000,26.191516,26.744254,25.771198,26.085919,0.323437,0.676563,0.552738,-0.420318,-0.105597,44.000000,26.270219,45.159595,26.240799,26.580916,0.018055,0.981945,18.889376,-0.029420,0.310697,45.000000,26.053508,26.073931,25.603194,25.756939,0.326605,0.673395,0.020423,-0.450314,-0.296569,26.191516,26.744254,25.771198,26.085919,0.323437,0.676563,0.552738,-0.420318,-0.105597
9.000000,87.000000,26.291716,27.245104,26.333991,26.616147,0.309684,0.690316,0.953388,0.042275,0.324431,44.000000,26.370171,41.576092,27.098345,27.361815,0.018244,0.981756,15.205921,0.728174,0.991644,45.000000,26.152537,26.741191,26.274017,26.425472,0.324193,0.675807,0.588654,0.121480,0.272935,26.291716,27.245104,26.333991,26.616147,0.309684,0.690316,0.953388,0.042275,0.324431
9.020000,87.000000,26.391997,25.753541,26.225379,26.076475,0.315583,0.684417,-0.638455,-0.166618,-0.315521,44.000000,26.470191,48.474213,27.005971,27.393613,0.018157,0.981843,22.004023,0.535780,0.923423,45.000000,26.251640,26.163441,26.327607,26.275058,0.320093,0.679907,-0.088200,0.075967,0.023418,26.391997,25.753541,26.225379,26.076475,0.315583,0.684417,-0.638455,-0.166618,-0.315521
9.040000,87.000000,26.492358,26.981189,26.720712,26.803275,0.316972,0.683028,0.488831,0.228354,0.310918,44.000000,26.570277,45.136354,25.953066,26.300206,0.018176,0.981824,18.566077,-0.617211,-0.270072,45.000000,26.350817,25.831206,26.128684,26.033675,0.319382,0.680618,-0.519611,-0.222133,-0.317142,26.492358,26.981189,26.720712,26.803275,0.316972,0.683028,0.488831,0.228354,0.310918
9.060000,87.000000,26.592799,26.106249,26.019800,26.046687,0.311017,0.688983,-0.486549,-0.572998,-0.546111,44.000000,26.670430,40.452895,26.244796,26.509203,0.018655,0.981345,13.782465,-0.425635,-0.161227,45.000000,26.450067,26.859899,26.656376,26.721513,0.320047,0.679953,0.409831,0.206308,0.271445,26.592799,26.106249,26.019800,26.046687,0.311017,0.688983,-0.486549,-0.572998,-0.546111
9.080000,87.000000,26.693320,27.145812,26.614307,26.779983,0.311711,0.688289,0.452493,-0.079013,0.086663,44.000000,26.770650,44.873432,27.548276,27.870753,0.018680,0.981320,18.102783,0.777627,1.100103,45.000000,26.549390,26.498979,26.285614,26.353952,0.320288,0.679712,-0.050412,-0.263777,-0.195438,26.693320,27.145812,26.614307,26.779983,0.311711,0.688289,0.452493,-0.079013,0.086663
9.100000,87.000000,26.793919,26.560710,26.629174,26.607701,0.313639,0.686361,-0.233210,-0.164746,-0.186219,44.000000,26.870934,47.081091,26.523296,26.906389,0.018730,0.981270,20.210157,-0.347638,0.035455,45.000000,26.648786,25.902785,27.146131,26.736639,0.329348,0.670652,-0.746001,0.497345,0.087853,26.793919,26.560710,26.629174,26.607701,0.313639,0.686361,-0.233210,-0.164746,-0.186219
9.120000,87.000000,26.894598,26.494954,26.906932,26.775186,0.319789,0.680211,-0.399644,0.012334,-0.119412,44.000000,26.971283,47.503663,27.144067,27.521101,0.018611,0.981389,20.532380,0.172783,0.549817,45.000000,26.748254,26.432819,26.711423,26.620918,0.324853,0.675147,-0.315435,-0.036830,-0.127336,26.894598,26.494954,26.906932,26.775186,0.319789,0.680211,-0.399644,0.012334,-0.119412
9.140000,87.000000,26.995355,26.712978,26.775451,26.755369,0.321459,0.678541,-0.282376,-0.219904,-0.239986,44.000000,27.071697,45.287227,27.787274,28.112304,0.018642,0.981358,18.215530,0.715578,1.040608,45.000000,26.847793,26.437744,26.825583,26.699137,0.326027,0.673973,-0.410049,-0.022209,-0.148655,26.995355,26.712978,26.775451,26.755369,0.321459,0.678541,-0.282376,-0.219904,-0.239986
9.160000,87.000000,27.096189,27.340235,26.577948,26.821767,0.319853,0.680147,0.244045,-0.518241,-0.274422,44.000000,27.172174,47.550128,28.112855,28.474511,0.018691,0.981309,20.377954,0.940682,1.302337,45.000000,26.947403,26.890153,27.409524,27.234620,0.336761,0.663239,-0.057250,0.462121,0.287218,27.096189,27.340235,26.577948,26.821767,0.319853,0.680147,0.244045,-0.518241,-0.274422
9.180000,87.000000,27.197101,26.968095,26.856715,26.892779,0.323789,0.676211,-0.229006,-0.340386,-0.304323,44.000000,27.272713,45.178123,27.886198,28.208066,0.018681,0.981319,17.905409,0.613485,0.935353,45.000000,27.047084,26.975786,26.531086,26.675933,0.325719,0.674281,-0.071298,-0.515997,-0.371150,27.197101,26.968095,26.856715,26.892779,0.323789,0.676211,-0.229006,-0.340386,-0.304323
9.200000,87.000000,27.298090,27.546767,27.394581,27.443714,0.322847,0.677153,0.248676,0.096491,0.145623,44.000000,27.373316,42.958371,27.503255,27.790794,0.018658,0.981342,15.585055,0.129939,0.417478,45.000000,27.146835,26.627848,27.154078,26.979268,0.332194,0.667806,-0.518987,0.007243,-0.167567,27.298090,27.546767,27.394581,27.443714,0.322847,0.677153,0.248676,0.096491,0.145623
9.220000,87.000000,27.399156,27.899276,27.496607,27.629693,0.330509,0.669491,0.500120,0.097451,0.230537,44.000000,27.473980,51.697372,28.217587,28.645961,0.018366,0.981634,24.223392,0.743607,1.171982,45.000000,27.246655,26.910810,27.615349,27.379781,0.334358,0.665642,-0.335846,0.368694,0.133126,27.399156,27.899276,27.496607,27.629693,0.330509,0.669491,0.500120,0.097451,0.230537
9.240000,87.000000,27.500298,27.530642,27.674771,27.627122,0.330605,0.669395,0.030345,0.174474,0.126824,44.000000,27.574705,44.485676,27.070657,27.390597,0.018439,0.981561,16.910971,-0.504048,-0.184108,45.000000,27.346545,27.701902,27.410333,27.507103,0.331894,0.668106,0.355357,0.063788,0.160558,27.500298,27.530642,27.674771,27.627122,0.330605,0.669395,0.030345,0.174474,0.126824
9.260000,87.000000,27.601515,27.910327,27.877924,27.888867,0.337718,0.662282,0.308812,0.276409,0.287352,44.000000,27.675491,45.254234,27.363758,27.692298,0.018435,0.981565,17.578743,-0.311733,0.016807,45.000000,27.446504,28.250391,27.161648,27.529075,0.337479,0.662521,0.803887,-0.284856,0.082571,27.601515,27.910327,27.877924,27.888867,0.337718,0.662282,0.308812,0.276409,0.287352
9.280000,87.000000,27.702808,27.924570,27.811780,27.849259,0.332293,0.667707,0.221763,0.108972,0.146452,44.000000,27.776337,42.811393,27.561128,27.839766,0.018322,0.981678,15.035057,-0.215209,0.063429,45.000000,27.546532,27.476293,27.574547,27.542220,0.329017,0.670983,-0.070238,0.028015,-0.004312,27.702808,27.924570,27.811780,27.849259,0.332293,0.667707,0.221763,0.108972,0.146452
9.300000,87.000000,27.804175,27.583323,27.595489,27.591498,0.328107,0.671893,-0.220852,-0.208686,-0.212677,44.000000,27.877242,49.671561,27.463957,27.864238,0.018132,0.981868,21.794319,-0.413285,-0.013004,45.000000,27.646627,27.581221,27.070331,27.241835,0.335697,0.664303,-0.065406,-0.576295,-0.404791,27.804175,27.583323,27.595489,27.591498,0.328107,0.671893,-0.220852,-0.208686,-0.212677
9.320000,87.000000,27.905617,27.206201,27.493347,27.396304,0.337957,0.662043,-0.699416,-0.412270,-0.509313,44.000000,27.978206,44.662004,28.310569,28.606997,0.018187,0.981813,16.683798,0.332363,0.628790,45.000000,27.746790,27.518679,27.319417,27.386823,0.338279,0.661721,-0.228111,-0.427372,-0.359966,27.905617,27.206201,27.493347,27.396304,0.337957,0.662043,-0.699416,-0.412270,-0.509313
9.340000,87.000000,28.007133,28.034676,28.315411,28.219984,0.339918,0.660082,0.027543,0.308278,0.212851,44.000000,28.079229,40.833893,27.670694,27.909299,0.018164,0.981836,12.754665,-0.408534,-0.169929,45.000000,27.847020,27.929653,28.106435,28.047115,0.335555,0.664445,0.082633,0.259416,0.200095,28.007133,28.034676,28.315411,28.219984,0.339918,0.660082,0.027543,0.308278,0.212851
9.360000,87.000000,28.108722,27.989335,28.542129,28.349188,0.349029,0.650971,-0.119387,0.433407,0.240466,44.000000,28.180309,44.106708,27.537966,27.838109,0.018175,0.981825,15.926400,-0.642343,-0.342200,45.000000,27.947317,27.816094,27.585899,27.661344,0.327744,0.672256,-0.131223,-0.361417,-0.285972,28.108722,27.989335,28.542129,28.349188,0.349029,0.650971,-0.119387,0.433407,0.240466
9.380000,87.000000,28.210385,28.791465,28.520066,28.613598,0.344630,0.655370,0.581080,0.309681,0.403213,44.000000,28.281446,42.812064,27.622295,27.897965,0.018199,0.981801,14.530619,-0.659151,-0.383481,45.000000,28.047680,27.249873,27.397113,27.347847,0.334600,0.665400,-0.797807,-0.650566,-0.699833,28.210385,28.791465,28.520066,28.613598,0.344630,0.655370,0.581080,0.309681,0.403213
9.400000,87.000000,28.312121,29.313734,28.584704,28.838652,0.348338,0.651662,1.001613,0.272584,0.526532,44.000000,28.382639,45.659910,28.855641,29.160927,0.018229,0.981771,17.277270,0.473001,0.778288,45.000000,28.148108,28.167128,28.111775,28.130459,0.337531,0.662469,0.019020,-0.036333,-0.017650,28.312121,29.313734,28.584704,28.838652,0.348338,0.651662,1.001613,0.272584,0.526532
9.420000,87.000000,28.413928,28.570864,28.557087,28.561899,0.349243,0.650757,0.156936,0.143159,0.147970,44.000000,28.483889,44.278149,28.069057,28.366184,0.018389,0.981611,15.794260,-0.414832,-0.117705,45.000000,28.248603,27.912969,28.349008,28.200167,0.341348,0.658652,-0.335634,0.100405,-0.048436,28.413928,28.570864,28.557087,28.561899,0.349243,0.650757,0.156936,0.143159,0.147970
9.440000,87.000000,28.515808,28.455164,29.228078,28.955415,0.352774,0.647226,-0.060644,0.712270,0.439607,44.000000,28.585194,43.816376,29.469273,29.732216,0.018373,0.981627,15.231182,0.884079,1.147022,45.000000,28.349162,28.918086,28.112265,28.380369,0.332709,0.667291,0.568924,-0.236897,0.031207,28.515808,28.455164,29.228078,28.955415,0.352774,0.647226,-0.060644,0.712270,0.439607
9.460000,87.000000,28.617760,28.534437,28.477575,28.497445,0.349430,0.650570,-0.083323,-0.140184,-0.120315,44.000000,28.686554,49.686770,28.115726,28.503818,0.018092,0.981908,21.000216,-0.570828,-0.182736,45.000000,28.449786,27.836057,28.826032,28.491523,0.337897,0.662103,-0.613729,0.376246,0.041737,28.617760,28.534437,28.477575,28.497445,0.349430,0.650570,-0.083323,-0.140184,-0.120315
9.480000,87.000000,28.719782,28.771648,28.715680,28.735275,0.350113,0.649887,0.051866,-0.004102,0.015493,44.000000,28.787968,49.180452,28.059606,28.439597,0.018088,0.981912,20.392484,-0.728362,-0.348371,45.000000,28.550474,27.820595,28.438932,28.229141,0.339283,0.660717,-0.729879,-0.111542,-0.321333,28.719782,28.771648,28.715680,28.735275,0.350113,0.649887,0.051866,-0.004102,0.015493
9.500000,87.000000,28.821876,28.722187,29.194229,29.030328,0.347216,0.652784,-0.099689,0.372353,0.208452,44.000000,28.889435,47.221728,28.612966,28.945515,0.017945,0.982055,18.332293,-0.276470,0.056079,45.000000,28.651226,28.044501,28.733119,28.487264,0.357028,0.642972,-0.606725,0.081894,-0.163962,28.821876,28.722187,29.194229,29.030328,0.347216,0.652784,-0.099689,0.372353,0.208452
9.520000,87.000000,28.924040,28.703539,29.039991,28.921111,0.353333,0.646667,-0.220501,0.115951,-0.002928,44.000000,28.990956,45.248494,29.068939,29.358181,0.017933,0.982067,16.257538,0.077983,0.367225,45.000000,28.752041,28.348421,28.776746,28.623089,0.358740,0.641260,-0.403620,0.024705,-0.128952,28.924040,28.703539,29.039991,28.921111,0.353333,0.646667,-0.220501,0.115951,-0.002928
9.540000,87.000000,29.026273,29.459091,29.020383,29.175163,0.352809,0.647191,0.432817,-0.005890,0.148890,44.000000,29.092529,46.281267,29.701179,29.998539,0.017994,0.982006,17.188738,0.608650,0.906010,45.000000,28.852919,28.263798,28.754855,28.580272,0.355526,0.644474,-0.589121,-0.098064,-0.272648,29.026273,29.459091,29.020383,29.175163,0.352809,0.647191,0.432817,-0.005890,0.148890
9.560000,87.000000,29.128577,29.248382,28.981300,29.078556,0.364141,0.635859,0.119805,-0.147277,-0.050021,44.000000,29.194154,48.107608,29.423711,29.757631,0.017947,0.982053,18.913453,0.229557,0.563477,45.000000,28.953860,28.532540,28.895031,28.761232,0.369109,0.630891,-0.421320,-0.058829,-0.192628,29.128577,29.248382,28.981300,29.078556,0.364141,0.635859,0.119805,-0.147277,-0.050021
9.580000,87.000000,29.230949,29.097298,29.345988,29.255083,0.365534,0.634466,-0.133651,0.115038,0.024134,44.000000,29.295831,47.099428,29.498571,29.812217,0.017886,0.982114,17.803598,0.202741,0.516387,45.000000,29.054863,28.525509,29.251664,28.975158,0.380781,0.619219,-0.529354,0.196801,-0.079704,29.230949,29.097298,29.345988,29.255083,0.365534,0.634466,-0.133651,0.115038,0.024134
9.600000,87.000000,29.333390,29.285733,29.220720,29.244528,0.366209,0.633791,-0.047658,-0.112671,-0.088862,44.000000,29.397558,49.350591,28.864412,29.224792,0.017680,0.982320,19.953034,-0.533146,-0.172766,45.000000,29.155927,28.351434,28.870757,28.673987,0.378899,0.621101,-0.804493,-0.285170,-0.481940,29.333390,29.285733,29.220720,29.244528,0.366209,0.633791,-0.047658,-0.112671,-0.088862
9.620000,87.000000,29.435900,29.331317,29.383396,29.364155,0.369452,0.630548,-0.104584,-0.052504,-0.071745,44.000000,29.499335,48.323697,30.319310,30.637825,0.017760,0.982240,18.824362,0.819974,1.138490,45.000000,29.257053,29.719171,29.158985,29.368346,0.373735,0.626265,0.462118,-0.098068,0.111293,29.435900,29.331317,29.383396,29.364155,0.369452,0.630548,-0.104584,-0.052504,-0.071745
9.640000,87.000000,29.538478,29.867038,29.277887,29.496181,0.370522,0.629478,0.328560,-0.260590,-0.042297,44.000000,29.601162,48.028488,30.401985,30.714847,0.017816,0.982184,18.427326,0.800823,1.113685,45.000000,29.358240,28.740853,29.313021,29.096270,0.378825,0.621175,-0.617386,-0.045219,-0.261970,29.538478,29.867038,29.277887,29.496181,0.370522,0.629478,0.328560,-0.260590,-0.042297
9.660000,87.000000,29.641123,30.080081,29.668400,29.821213,0.371194,0.628806,0.438958,0.027276,0.180090,44.000000,29.703038,48.281697,28.872438,29.218779,0.017925,0.982075,18.578660,-0.830600,-0.484259,45.000000,29.459487,28.652335,29.657096,29.280514,0.374799,0.625201,-0.807152,0.197609,-0.178973,29.641123,30.080081,29.668400,29.821213,0.371194,0.628806,0.438958,0.027276,0.180090
9.680000,87.000000,29.743836,29.434336,29.815593,29.671160,0.378834,0.621166,-0.309500,0.071757,-0.072676,44.000000,29.804962,47.390440,29.503588,29.819130,0.017709,0.982291,17.585478,-0.301375,0.014168,45.000000,29.560794,28.803242,29.553432,29.283823,0.359388,0.640612,-0.757552,-0.007362,-0.276971,29.743836,29.434336,29.815593,29.671160,0.378834,0.621166,-0.309500,0.071757,-0.072676
9.700000,87.000000,29.846615,30.700542,29.357071,29.848149,0.365531,0.634469,0.853927,-0.489544,0.001534,44.000000,29.906935,49.120497,30.214241,30.547101,0.017682,0.982318,19.213563,0.307307,0.640166,45.000000,29.662161,29.434636,29.497851,29.475996,0.345719,0.654281,-0.227525,-0.164310,-0.186165,29.846615,30.700542,29.357071,29.848149,0.365531,0.634469,0.853927,-0.489544,0.001534
9.720000,87.000000,29.949461,30.458329,30.123626,30.244760,0.361916,0.638084,0.508868,0.174165,0.295299,44.000000,30.008954,48.525947,30.388406,30.709456,0.017771,0.982229,18.516992,0.379451,0.700502,45.000000,29.763587,29.919089,30.056823,30.009151,0.346115,0.653885,0.155501,0.293236,0.245564,29.949461,30.458329,30.123626,30.244760,0.361916,0.638084,0.508868,0.174165,0.295299
9.740000,87.000000,30.052373,29.131922,29.524446,29.381214,0.364900,0.635100,-0.920451,-0.527928,-0.671159,44.000000,30.111021,48.835809,29.490048,29.830594,0.017683,0.982317,18.724788,-0.620973,-0.280427,45.000000,29.865073,29.675717,29.493794,29.558041,0.353153,0.646847,-0.189355,-0.371278,-0.307032,30.052373,29.131922,29.524446,29.381214,0.364900,0.635100,-0.920451,-0.527928,-0.671159
9.760000,87.000000,30.155351,29.588984,30.156356,29.947337,0.368399,0.631601,-0.566367,0.001005,-0.208014,44.000000,30.213134,47.696168,30.657445,30.959430,0.017785,0.982215,17.483034,0.444311,0.746296,45.000000,29.966616,30.072926,30.119500,30.102737,0.359908,0.640092,0.106309,0.152883,0.136121,30.155351,29.588984,30.156356,29.947337,0.368399,0.631601,-0.566367,0.001005,-0.208014
9.780000,87.000000,30.258394,30.967297,30.520727,30.683811,0.365193,0.634807,0.708903,0.262333,0.425417,44.000000,30.315292,48.335700,30.427875,30.740596,0.017530,0.982470,18.020408,0.112583,0.425304,45.000000,30.068218,30.269377,30.243713,30.252761,0.352535,0.647465,0.201159,0.175495,0.184542,30.258394,30.967297,30.520727,30.683811,0.365193,0.634807,0.708903,0.262333,0.425417
9.800000,87.000000,30.361502,31.145223,30.231611,30.553626,0.352464,0.647536,0.783721,-0.129891,0.192123,44.000000,30.417495,49.399131,30.198460,30.532536,0.017477,0.982523,18.981635,-0.219035,0.115040,45.000000,30.169878,31.067188,30.244754,30.534646,0.352481,0.647519,0.897310,0.074876,0.364768,30.361502,31.145223,30.231611,30.553626,0.352464,0.647536,0.783721,-0.129891,0.192123
9.820000,87.000000,30.464675,30.382957,30.258623,30.301704,0.346489,0.653511,-0.081718,-0.206051,-0.162971,44.000000,30.519743,48.614331,29.751440,30.081159,0.017555,0.982445,18.094588,-0.768303,-0.438584,45.000000,30.271595,31.505169,30.424505,30.802267,0.349565,0.650435,1.233575,0.152910,0.530672,30.464675,30.382957,30.258623,30.301704,0.346489,0.653511,-0.081718,-0.206051,-0.162971
9.840000,87.000000,30.567912,31.101815,30.625027,30.788815,0.343525,0.656475,0.533903,0.057115,0.220904,44.000000,30.622035,48.327711,30.191726,30.507802,0.017497,0.982503,17.705675,-0.430309,-0.114233,45.000000,30.373369,29.854356,30.230744,30.098494,0.351366,0.648634,-0.519013,-0.142625,-0.274875,30.567912,31.101815,30.625027,30.788815,0.343525,0.656475,0.533903,0.057115,0.220904
9.860000,87.000000,30.671212,31.054620,31.002367,31.020258,0.342390,0.657610,0.383408,0.331155,0.349046,44.000000,30.724371,48.626433,32.098419,32.392390,0.017845,0.982155,17.902062,1.374048,1.668019,45.000000,30.475199,30.817347,30.212574,30.426553,0.353817,0.646183,0.342147,-0.262625,-0.048646,30.671212,31.054620,31.002367,31.020258,0.342390,0.657610,0.383408,0.331155,0.349046
9.880000,87.000000,30.774577,30.225415,30.957625,30.704682,0.345451,0.654549,-0.549162,0.183048,-0.069894,44.000000,30.826749,49.361725,29.429899,29.789354,0.018121,0.981879,18.534976,-1.396850,-1.037395,45.000000,30.577086,29.909612,30.136173,30.057406,0.347662,0.652338,-0.667474,-0.440913,-0.519680,30.774577,30.225415,30.957625,30.704682,0.345451,0.654549,-0.549162,0.183048,-0.069894
9.900000,87.000000,30.878004,31.233266,30.644721,30.848273,0.345858,0.654142,0.355262,-0.233283,-0.029731,44.000000,30.929169,49.791094,30.668417,31.011995,0.018046,0.981954,18.861924,-0.260752,0.082825,45.000000,30.679029,31.654562,30.747474,31.063236,0.348105,0.651895,0.975533,0.068446,0.384207,30.878004,31.233266,30.644721,30.848273,0.345858,0.654142,0.355262,-0.233283,-0.029731
9.920000,87.000000,30.981494,31.666153,30.877957,31.146297,0.340449,0.659551,0.684659,-0.103537,0.164803,44.000000,31.031632,50.391077,31.691252,32.027318,0.018047,0.981953,19.359445,0.659620,0.995686,45.000000,30.781027,30.480624,29.758234,30.014084,0.354172,0.645828,-0.300403,-1.022793,-0.766943,30.981494,31.666153,30.877957,31.146297,0.340449,0.659551,0.684659,-0.103537,0.164803
9.940000,87.000000,31.085047,31.127039,31.205113,31.179038,0.333975,0.666025,0.041992,0.120066,0.093991,44.000000,31.134135,51.096352,29.465097,29.860672,0.018390,0.981610,19.962217,-1.669038,-1.273463,45.000000,30.883080,30.813406,30.551481,30.644550,0.355330,0.644670,-0.069674,-0.331599,-0.238530,31.085047,31.127039,31.205113,31.179038,0.333975,0.666025,0.041992,0.120066,0.093991
9.960000,87.000000,31.188661,30.639499,31.055165,30.916304,0.334069,0.665931,-0.549162,-0.133496,-0.272357,44.000000,31.236679,49.339742,30.991601,31.327221,0.018366,0.981634,18.103063,-0.245078,0.090542,45.000000,30.985188,31.427063,30.619444,30.911009,0.361019,0.638981,0.441875,-0.365744,-0.074178,31.188661,30.639499,31.055165,30.916304,0.334069,0.665931,-0.549162,-0.133496,-0.272357
9.980000,87.000000,31.292338,31.962712,31.587352,31.714359,0.338360,0.661640,0.670375,0.295014,0.422021,44.000000,31.339263,49.593853,31.176657,31.513610,0.018370,0.981630,18.254590,-0.162606,0.174347,45.000000,31.087350,31.419716,31.404628,31.410017,0.357172,0.642828,0.332366,0.317278,0.322667,31.292338,31.962712,31.587352,31.714359,0.338360,0.661640,0.670375,0.295014,0.422021
10.000000,87.000000,31.396075,30.977711,31.401074,31.253003,0.349749,0.650251,-0.418364,0.004999,-0.143072,44.000000,31.441887,49.964016,31.087901,31.431093,0.018259,0.981741,18.522129,-0.353986,-0.010794,45.000000,31.189566,31.149589,31.551628,31.410115,0.351987,0.648013,-0.039977,0.362062,0.220549,31.396075,30.977711,31.401074,31.253003,0.349749,0.650251,-0.418364,0.004999,-0.143072
10.020000,87.000000,31.499874,32.047707,31.570365,31.733877,0.342545,0.657455,0.547834,0.070492,0.234003,44.000000,31.544549,49.856773,31.271348,31.610929,0.018347,0.981653,18.312224,-0.273201,0.066380,45.000000,31.291836,30.880583,30.809620,30.834740,0.353996,0.646004,-0.411253,-0.482216,-0.457095,31.499874,32.047707,31.570365,31.733877,0.342545,0.657455,0.547834,0.070492,0.234003
10.040000,87.000000,31.603733,31.764764,31.737823,31.747106,0.344569,0.655431,0.161031,0.134090,0.143373,44.000000,31.647250,43.640453,32.367549,32.574899,0.018422,0.981578,11.993203,0.720299,0.927649,45.000000,31.394159,32.271546,31.044194,31.493073,0.365731,0.634269,0.877387,-0.349965,0.098915,31.603733,31.764764,31.737823,31.747106,0.344569,0.655431,0.161031,0.134090,0.143373
10.060000,87.000000,31.707652,31.488256,32.223024,31.965038,0.351112,0.648888,-0.219397,0.515372,0.257386,44.000000,31.749989,57.031905,31.391693,31.850256,0.018027,0.981973,25.281916,-0.358296,0.100267,45.000000,31.496535,31.782234,31.341229,31.503792,0.368621,0.631379,0.285700,-0.155306,0.007258,31.707652,31.488256,32.223024,31.965038,0.351112,0.648888,-0.219397,0.515372,0.257386
10.080000,87.000000,31.811632,31.947241,31.550743,31.690641,0.352834,0.647166,0.135609,-0.260888,-0.120991,44.000000,31.852765,48.609917,31.932321,32.231076,0.017974,0.982026,16.757152,0.079556,0.378311,45.000000,31.598963,32.275252,31.235068,31.625854,0.375690,0.624310,0.676289,-0.363895,0.026891,31.811632,31.947241,31.550743,31.690641,0.352834,0.647166,0.135609,-0.260888,-0.120991
10.100000,87.000000,31.915671,32.837529,32.048871,32.321022,0.345082,0.654918,0.921859,0.133200,0.405352,44.000000,31.955578,51.999571,30.435151,30.825685,0.018212,0.981788,20.043993,-1.520427,-1.129893,45.000000,31.701443,31.820072,32.214743,32.065387,0.378431,0.621569,0.118629,0.513300,0.363944,31.915671,32.837529,32.048871,32.321022,0.345082,0.654918,0.921859,0.133200,0.405352
10.120000,87.000000,32.019769,31.687397,31.765362,31.738656,0.342545,0.657455,-0.332372,-0.254406,-0.281113,44.000000,32.058427,49.810220,32.250805,32.571747,0.018345,0.981655,17.751792,0.192378,0.513320,45.000000,31.803975,31.564932,32.215501,31.967300,0.381514,0.618486,-0.239044,0.411526,0.163325,32.019769,31.687397,31.765362,31.738656,0.342545,0.657455,-0.332372,-0.254406,-0.281113
10.140000,87.000000,32.123926,32.092086,32.194988,32.159708,0.342845,0.657155,-0.031840,0.071062,0.035783,44.000000,32.161312,52.253538,32.710343,33.067728,0.018371,0.981629,20.092226,0.549031,0.906416,45.000000,31.906559,31.937890,32.133815,32.059187,0.380904,0.619096,0.031331,0.227256,0.152628,32.123926,32.092086,32.194988,32.159708,0.342845,0.657155,-0.031840,0.071062,0.035783
10.160000,87.000000,32.228141,32.295552,32.014700,32.111827,0.345830,0.654170,0.067411,-0.213441,-0.116314,44.000000,32.264232,50.971356,31.791001,32.139785,0.018265,0.981735,18.707124,-0.473230,-0.124447,45.000000,32.009194,31.768720,32.378385,32.146070,0.381054,0.618946,-0.240473,0.369192,0.136877,32.228141,32.295552,32.014700,32.111827,0.345830,0.654170,0.067411,-0.213441,-0.116314
10.180000,87.000000,32.332415,31.296661,32.490811,32.067845,0.354200,0.645800,-1.035753,0.158396,-0.264570,44.000000,32.367186,51.726072,32.552810,32.899933,0.018185,0.981815,19.358886,0.185624,0.532747,45.000000,32.111879,32.227659,31.969268,32.067449,0.379970,0.620030,0.115780,-0.142611,-0.044430,32.332415,31.296661,32.490811,32.067845,0.354200,0.645800,-1.035753,0.158396,-0.264570
10.200000,87.000000,32.436746,32.387568,32.413937,32.404557,0.355711,0.644289,-0.049179,-0.022809,-0.032189,44.000000,32.470174,51.922038,32.109017,32.466253,0.018116,0.981884,19.451863,-0.361158,-0.003921,45.000000,32.214615,31.593837,32.042534,31.872131,0.379774,0.620226,-0.620777,-0.172080,-0.342484,32.436746,32.387568,32.413937,32.404557,0.355711,0.644289,-0.049179,-0.022809,-0.032189
10.220000,87.000000,32.541135,31.623629,32.368032,32.096719,0.364471,0.635529,-0.917506,-0.173103,-0.444416,44.000000,32.573196,51.892142,32.943218,33.288388,0.018295,0.981705,19.318946,0.370022,0.715192,45.000000,32.317400,32.424085,33.068446,32.822811,0.381207,0.618793,0.106684,0.751046,0.505411,32.541135,31.623629,32.368032,32.096719,0.364471,0.635529,-0.917506,-0.173103,-0.444416
10.240000,87.000000,32.645581,32.480438,32.721599,32.633487,0.365369,0.634631,-0.165143,0.076018,-0.012095,44.000000,32.676251,52.250921,32.269988,32.632560,0.018233,0.981767,19.574670,-0.406263,-0.043690,45.000000,32.420235,32.422441,32.269047,32.327425,0.380571,0.619429,0.002206,-0.151188,-0.092811,32.645581,32.480438,32.721599,32.633487,0.365369,0.634631,-0.165143,0.076018,-0.012095
10.260000,87.000000,32.750084,32.645990,33.642723,33.266757,0.377199,0.622801,-0.104094,0.892639,0.516673,44.000000,32.779338,52.424118,33.226020,33.575216,0.018270,0.981730,19.644780,0.446682,0.795878,45.000000,32.523120,32.354720,32.472138,32.428507,0.371584,0.628416,-0.168400,-0.050982,-0.094613,32.750084,32.645990,33.642723,33.266757,0.377199,0.622801,-0.104094,0.892639,0.516673
10.280000,87.000000,32.854643,31.892450,32.853523,32.496512,0.371472,0.628528,-0.962194,-0.001120,-0.358132,44.000000,32.882457,52.248329,32.006380,32.374845,0.018293,0.981707,19.365872,-0.876077,-0.507612,45.000000,32.626053,33.283914,33.008362,33.111662,0.374883,0.625117,0.657860,0.382309,0.485608,32.854643,31.892450,32.853523,32.496512,0.371472,0.628528,-0.962194,-0.001120,-0.358132
10.300000,87.000000,32.959259,33.212505,33.058757,33.116078,0.372822,0.627178,0.253246,0.099498,0.156819,44.000000,32.985607,52.320674,33.197515,33.548632,0.018442,0.981558,19.335067,0.211907,0.563025,45.000000,32.729035,32.500807,32.232474,32.332528,0.372873,0.627127,-0.228228,-0.496562,-0.396508,32.959259,33.212505,33.058757,33.116078,0.372822,0.627178,0.253246,0.099498,0.156819
10.320000,87.000000,33.063930,33.119730,33.072820,33.090489,0.376659,0.623341,0.055799,0.008890,0.026559,44.000000,33.088788,53.114710,34.180810,34.532285,0.018643,0.981357,20.025922,1.092022,1.443497,45.000000,32.832066,32.898420,33.018869,32.974324,0.369828,0.630172,0.066354,0.186803,0.142258,33.063930,33.119730,33.072820,33.090489,0.376659,0.623341,0.055799,0.008890,0.026559
10.340000,87.000000,33.168657,33.149773,32.734604,32.890580,0.375693,0.624307,-0.018884,-0.434053,-0.278077,44.000000,33.191999,51.968636,33.997726,34.333267,0.018744,0.981256,18.776637,0.805727,1.141268,45.000000,32.935144,33.775705,32.410526,32.934598,0.383886,0.616114,0.840561,-0.524617,-0.000546,33.168657,33.149773,32.734604,32.890580,0.375693,0.624307,-0.018884,-0.434053,-0.278077
10.360000,87.000000,33.273439,33.247615,32.959528,33.065568,0.368082,0.631918,-0.025824,-0.313911,-0.207871,44.000000,33.295240,53.179789,32.702129,33.082845,0.018686,0.981314,19.884549,-0.593111,-0.212395,45.000000,33.038270,33.093955,33.233799,33.180574,0.380601,0.619399,0.055686,0.195530,0.142305,33.273439,33.247615,32.959528,33.065568,0.368082,0.631918,-0.025824,-0.313911,-0.207871
10.380000,87.000000,33.378276,33.539892,33.015896,33.207663,0.365971,0.634029,0.161616,-0.362380,-0.170612,44.000000,33.398510,52.776328,33.245401,33.606427,0.018570,0.981430,19.377818,-0.153109,0.207917,45.000000,33.141443,32.583321,33.215456,32.978835,0.374320,0.625680,-0.558122,0.074013,-0.162607,33.378276,33.539892,33.015896,33.207663,0.365971,0.634029,0.161616,-0.362380,-0.170612
10.400000,87.000000,33.483167,33.623621,33.629794,33.627487,0.373697,0.626303,0.140454,0.146627,0.144320,44.000000,33.501809,53.948393,33.320605,33.699144,0.018445,0.981555,20.446585,-0.181203,0.197336,45.000000,33.244662,33.570636,33.188169,33.332559,0.377521,0.622479,0.325973,-0.056493,0.087896,33.483167,33.623621,33.629794,33.627487,0.373697,0.626303,0.140454,0.146627,0.144320
10.420000,87.000000,33.588112,33.567194,33.931761,33.794103,0.377594,0.622406,-0.020918,0.343649,0.205990,44.000000,33.605135,52.387842,33.198190,33.549649,0.018396,0.981604,18.782707,-0.406945,-0.055486,45.000000,33.347929,32.153470,33.314394,32.887776,0.367482,0.632518,-1.194459,-0.033535,-0.460152,33.588112,33.567194,33.931761,33.794103,0.377594,0.622406,-0.020918,0.343649,0.205990
10.440000,87.000000,33.693112,32.975657,33.425171,33.257662,0.372645,0.627355,-0.717454,-0.267941,-0.435450,44.000000,33.708489,52.180225,34.312748,34.637941,0.018270,0.981730,18.471736,0.604259,0.929452,45.000000,33.451241,32.464977,33.031434,32.830148,0.355342,0.644658,-0.986264,-0.419807,-0.621093,33.693112,32.975657,33.425171,33.257662,0.372645,0.627355,-0.717454,-0.267941,-0.435450
10.460000,87.000000,33.798164,33.627065,33.634408,33.631666,0.373383,0.626617,-0.171100,-0.163757,-0.166499,44.000000,33.811870,52.441477,34.516233,34.845228,0.018425,0.981575,18.629607,0.704362,1.033357,45.000000,33.554600,32.874438,33.849815,33.503965,0.354582,0.645418,-0.680162,0.295216,-0.050635,33.798164,33.627065,33.634408,33.631666,0.373383,0.626617,-0.171100,-0.163757,-0.166499
10.480000,87.000000,33.903270,34.302584,33.700752,33.922190,0.367940,0.632060,0.399313,-0.202518,0.018920,44.000000,33.915278,53.237677,34.369216,34.715811,0.018448,0.981552,19.322399,0.453938,0.800533,45.000000,33.658004,33.378682,33.765682,33.627569,0.356881,0.643119,-0.279322,0.107678,-0.030435,33.903270,34.302584,33.700752,33.922190,0.367940,0.632060,0.399313,-0.202518,0.018920
10.500000,87.000000,34.008429,34.098491,34.035681,34.058466,0.362762,0.637238,0.090061,0.027252,0.050037,44.000000,34.018711,53.523360,34.017661,34.375394,0.018424,0.981576,19.504649,-0.001050,0.356683,45.000000,33.761453,33.842264,33.229114,33.455394,0.369045,0.630955,0.080811,-0.532339,-0.306059,34.008429,34.098491,34.035681,34.058466,0.362762,0.637238,0.090061,0.027252,0.050037
10.520000,87.000000,34.113641,33.772645,33.996409,33.915413,0.361971,0.638029,-0.340996,-0.117231,-0.198228,44.000000,34.122170,53.882586,34.091040,34.452816,0.018366,0.981634,19.760416,-0.031130,0.330646,45.000000,33.864947,33.238720,33.318194,33.288595,0.372435,0.627565,-0.626227,-0.546753,-0.576352,34.113641,33.772645,33.996409,33.915413,0.361971,0.638029,-0.340996,-0.117231,-0.198228
10.540000,87.000000,34.218904,34.474942,34.152605,34.269544,0.362785,0.637215,0.256038,-0.066299,0.050640,44.000000,34.225653,55.117664,34.097108,34.477438,0.018190,0.981810,20.892010,-0.128545,0.251785,45.000000,33.968486,33.590589,33.493677,33.530369,0.378615,0.621385,-0.377897,-0.474809,-0.438117,34.218904,34.474942,34.152605,34.269544,0.362785,0.637215,0.256038,-0.066299,0.050640
10.560000,87.000000,34.324220,34.520330,34.189857,34.309496,0.362023,0.637977,0.196110,-0.134363,-0.014724,44.000000,34.329161,53.414586,35.016684,35.350962,0.018243,0.981757,19.085424,0.687523,1.021801,45.000000,34.072068,33.546584,34.321799,34.030851,0.375313,0.624687,-0.525484,0.249731,-0.041217,34.324220,34.520330,34.189857,34.309496,0.362023,0.637977,0.196110,-0.134363,-0.014724
10.580000,87.000000,34.429587,34.050728,34.480546,34.324253,0.363625,0.636375,-0.378859,0.050959,-0.105334,44.000000,34.432693,54.849972,34.469136,34.837496,0.018164,0.981836,20.417279,0.036443,0.404803,45.000000,34.175695,34.377558,34.138823,34.228712,0.376522,0.623478,0.201863,-0.036872,0.053017,34.429587,34.050728,34.480546,34.324253,0.363625,0.636375,-0.378859,0.050959,-0.105334
10.600000,87.000000,34.535006,34.963095,34.493110,34.662102,0.359569,0.640431,0.428089,-0.041896,0.127096,44.000000,34.536248,52.238806,33.869154,34.203603,0.018281,0.981719,17.702558,-0.667093,-0.332645,45.000000,34.279365,34.116021,34.359280,34.267962,0.375393,0.624607,-0.163345,0.079915,-0.011403,34.535006,34.963095,34.493110,34.662102,0.359569,0.640431,0.428089,-0.041896,0.127096
10.620000,87.000000,34.640475,34.745853,34.334114,34.480630,0.355847,0.644153,0.105378,-0.306361,-0.159845,44.000000,34.639825,54.359979,34.642676,34.997218,0.018066,0.981934,19.720154,0.002851,0.357393,45.000000,34.383079,34.998510,33.982051,34.358829,0.370678,0.629322,0.615431,-0.401028,-0.024250,34.640475,34.745853,34.334114,34.480630,0.355847,0.644153,0.105378,-0.306361,-0.159845
10.640000,87.000000,34.745995,34.236765,34.670162,34.512281,0.364289,0.635711,-0.509230,-0.075833,-0.233715,44.000000,34.743425,53.364836,34.428139,34.765014,0.017866,0.982134,18.621411,-0.315286,0.021589,45.000000,34.486835,34.525988,34.101657,34.255713,0.363055,0.636945,0.039153,-0.385178,-0.231122,34.745995,34.236765,34.670162,34.512281,0.364289,0.635711,-0.509230,-0.075833,-0.233715
10.660000,87.000000,34.851566,35.219795,34.912084,35.024383,0.364949,0.635051,0.368229,0.060518,0.172817,44.000000,34.847046,47.732146,33.916923,34.163994,0.017925,0.982075,12.885099,-0.930123,-0.683053,45.000000,34.590634,34.314301,34.789605,34.618380,0.360243,0.639757,-0.276333,0.198971,0.027746,34.851566,35.219795,34.912084,35.024383,0.364949,0.635051,0.368229,0.060518,0.172817
10.680000,87.000000,34.957187,35.233935,34.662116,34.866189,0.356884,0.643116,0.276749,-0.295071,-0.090998,44.000000,34.950689,57.338058,34.191961,34.603546,0.017897,0.982103,22.387370,-0.758728,-0.347142,45.000000,34.694476,33.208155,34.891064,34.272307,0.367673,0.632327,-1.486321,0.196589,-0.422168,34.957187,35.233935,34.662116,34.866189,0.356884,0.643116,0.276749,-0.295071,-0.090998
10.700000,87.000000,35.062857,35.558463,34.602654,34.946928,0.360191,0.639809,0.495606,-0.460203,-0.115930,44.000000,35.054343,57.694032,35.579188,35.971214,0.017832,0.982168,22.639689,0.524844,0.916870,45.000000,34.798359,35.524147,34.217146,34.681652,0.355400,0.644600,0.725788,-0.581213,-0.116707,35.062857,35.558463,34.602654,34.946928,0.360191,0.639809,0.495606,-0.460203,-0.115930
10.720000,87.000000,35.168577,35.033333,35.517291,35.338989,0.368424,0.631576,-0.135244,0.348714,0.170412,44.000000,35.158012,61.954561,34.339960,34.820840,0.017575,0.982425,26.796549,-0.818051,-0.337171,45.000000,34.902284,35.197036,35.018648,35.081459,0.352108,0.647892,0.294752,0.116364,0.179176,35.168577,35.033333,35.517291,35.338989,0.368424,0.631576,-0.135244,0.348714,0.170412
10.740000,87.000000,35.274346,34.392010,35.725834,35.222108,0.377657,0.622343,-0.882336,0.451488,-0.052238,44.000000,35.261694,57.068334,35.759772,36.131707,0.017550,0.982450,21.806640,0.498077,0.870013,45.000000,35.006250,34.233290,34.247651,34.242559,0.354572,0.645428,-0.772960,-0.758599,-0.763691,35.274346,34.392010,35.725834,35.222108,0.377657,0.622343,-0.882336,0.451488,-0.052238
10.760000,87.000000,35.380164,34.601818,35.350709,35.066515,0.379486,0.620514,-0.778346,-0.029455,-0.313649,44.000000,35.365392,63.255960,36.229822,36.692538,0.017273,0.982727,27.890568,0.864430,1.327146,45.000000,35.110258,34.640363,35.044538,34.900073,0.357431,0.642569,-0.469895,-0.065720,-0.210184,35.380164,34.601818,35.350709,35.066515,0.379486,0.620514,-0.778346,-0.029455,-0.313649
10.780000,87.000000,35.486030,35.273200,35.759180,35.578643,0.371491,0.628509,-0.212831,0.273150,0.092613,44.000000,35.469106,52.045516,36.113288,36.387584,0.017269,0.982731,16.576410,0.644182,0.918479,45.000000,35.214306,35.862087,34.573520,35.019906,0.346422,0.653578,0.647781,-0.640786,-0.194400,35.486030,35.273200,35.759180,35.578643,0.371491,0.628509,-0.212831,0.273150,0.092613
10.800000,87.000000,35.591945,36.010227,35.928769,35.958466,0.364566,0.635434,0.418282,0.336824,0.366521,44.000000,35.572837,59.879072,34.867694,35.296337,0.017268,0.982732,24.306235,-0.705142,-0.276500,45.000000,35.318394,36.303425,35.696657,35.907311,0.347174,0.652826,0.985031,0.378263,0.588916,35.591945,36.010227,35.928769,35.958466,0.364566,0.635434,0.418282,0.336824,0.366521
10.820000,87.000000,35.697908,35.679650,35.900912,35.820914,0.361554,0.638446,-0.018258,0.203004,0.123006,44.000000,35.676585,51.864944,35.131992,35.419414,0.017235,0.982765,16.188360,-0.544593,-0.257171,45.000000,35.422523,35.919029,35.307859,35.522987,0.351993,0.648007,0.496507,-0.114664,0.100464,35.697908,35.679650,35.900912,35.820914,0.361554,0.638446,-0.018258,0.203004,0.123006
10.840000,87.000000,35.803918,34.810828,35.803311,35.457413,0.348519,0.651481,-0.993090,-0.000607,-0.346505,44.000000,35.780350,56.274461,35.510070,35.865220,0.017193,0.982807,20.494111,-0.270280,0.084870,45.000000,35.526691,35.081740,35.192491,35.153684,0.350402,0.649598,-0.444951,-0.334200,-0.373007,35.803918,34.810828,35.803311,35.457413,0.348519,0.651481,-0.993090,-0.000607,-0.346505
10.860000,87.000000,35.909976,36.308903,36.222319,36.252489,0.348446,0.651554,0.398927,0.312343,0.342513,44.000000,35.884131,47.244525,36.048140,36.233470,0.016578,0.983422,11.360395,0.164009,0.349339,45.000000,35.630899,36.805136,35.227209,35.764837,0.340720,0.659280,1.174237,-0.403690,0.133938,35.909976,36.308903,36.222319,36.252489,0.348446,0.651554,0.398927,0.312343,0.342513
10.880000,87.000000,36.016081,35.805300,36.151965,36.029929,0.352031,0.647969,-0.210781,0.135885,0.013848,44.000000,35.987927,57.140966,36.519933,36.855413,0.016353,0.983647,21.153038,0.532006,0.867486,45.000000,35.735146,35.662232,36.202269,36.016232,0.344490,0.655510,-0.072914,0.467123,0.281086,36.016081,35.805300,36.151965,36.029929,0.352031,0.647969,-0.210781,0.135885,0.013848
10.900000,87.000000,36.122232,35.743759,35.726666,35.732612,0.347846,0.652154,-0.378473,-0.395566,-0.389621,44.000000,36.091737,50.199054,35.555894,35.795010,0.016372,0.983628,14.107316,-0.535843,-0.296727,45.000000,35.839432,35.864270,35.283888,35.486283,0.348727,0.651273,0.024838,-0.555544,-0.353149,36.122232,35.743759,35.726666,35.732612,0.347846,0.652154,-0.378473,-0.395566,-0.389621
10.920000,87.000000,36.228430,36.904959,36.091325,36.374278,0.347765,0.652235,0.676529,-0.137105,0.145848,44.000000,36.195561,58.857851,36.178493,36.542969,0.016171,0.983829,22.662289,-0.017069,0.347408,45.000000,35.943756,35.947542,35.848382,35.883164,0.350765,0.649235,0.003786,-0.095374,-0.060592,36.228430,36.904959,36.091325,36.374278,0.347765,0.652235,0.676529,-0.137105,0.145848
10.940000,87.000000,36.334675,36.830650,36.506353,36.620047,0.350585,0.649415,0.495975,0.171679,0.285372,44.000000,36.299399,57.228071,37.188341,37.505626,0.015910,0.984090,20.928671,0.888942,1.206226,45.000000,36.048113,36.255516,36.140641,36.181044,0.351708,0.648292,0.207403,0.092528,0.132931,36.334675,36.830650,36.506353,36.620047,0.350585,0.649415,0.495975,0.171679,0.285372
10.960000,87.000000,36.440965,36.567408,36.448713,36.490880,0.355256,0.644744,0.126443,0.007748,0.049915,44.000000,36.403251,59.840434,35.524462,35.909199,0.015936,0.984064,23.437183,-0.878789,-0.494052,45.000000,36.152504,36.389930,36.171415,36.249274,0.356309,0.643691,0.237427,0.018911,0.096770,36.440965,36.567408,36.448713,36.490880,0.355256,0.644744,0.126443,0.007748,0.049915
10.980000,87.000000,36.547301,36.699402,36.893195,36.825071,0.351528,0.648472,0.152101,0.345894,0.277770,44.000000,36.507115,55.297194,36.638145,36.934074,0.015927,0.984073,18.790079,0.131030,0.426960,45.000000,36.256930,35.900707,36.350284,36.188347,0.360198,0.639802,-0.356223,0.093354,-0.068583,36.547301,36.699402,36.893195,36.825071,0.351528,0.648472,0.152101,0.345894,0.277770
11.000000,87.000000,36.653682,37.541500,36.541446,36.903931,0.362466,0.637534,0.887818,-0.112236,0.250249,44.000000,36.610990,60.646836,36.545805,36.923922,0.015800,0.984200,24.035846,-0.065185,0.312932,45.000000,36.361393,36.673229,36.038234,36.261323,0.351324,0.648676,0.311836,-0.323159,-0.100070,36.653682,37.541500,36.541446,36.903931,0.362466,0.637534,0.887818,-0.112236,0.250249
11.020000,87.000000,36.760108,36.649235,36.717666,36.693130,0.358546,0.641454,-0.110874,-0.042442,-0.066978,44.000000,36.714877,61.012662,36.082742,36.471739,0.015722,0.984278,24.297785,-0.632136,-0.243138,45.000000,36.465893,36.280856,35.868671,36.012308,0.348476,0.651524,-0.185037,-0.597222,-0.453585,36.760108,36.649235,36.717666,36.693130,0.358546,0.641454,-0.110874,-0.042442,-0.066978
11.040000,87.000000,36.866579,36.951290,36.685109,36.781156,0.360835,0.639165,0.084711,-0.181470,-0.085423,44.000000,36.818776,49.565204,37.575050,37.762898,0.015694,0.984306,12.746428,0.756274,0.944122,45.000000,36.570428,37.013885,36.648896,36.778950,0.356323,0.643677,0.443457,0.078468,0.208522,36.866579,36.951290,36.685109,36.781156,0.360835,0.639165,0.084711,-0.181470,-0.085423
11.060000,87.000000,36.973095,37.234503,36.899829,37.023428,0.369313,0.630687,0.261408,-0.073266,0.050333,44.000000,36.922686,57.787150,37.007076,37.334711,0.015849,0.984151,20.864464,0.084390,0.412025,45.000000,36.674999,37.352967,36.580723,36.853556,0.353299,0.646701,0.677968,-0.094276,0.178557,36.973095,37.234503,36.899829,37.023428,0.369313,0.630687,0.261408,-0.073266,0.050333
11.080000,87.000000,37.079655,36.875452,36.756521,36.800171,0.367021,0.632979,-0.204203,-0.323134,-0.279484,44.000000,37.026605,59.308682,36.568320,36.925407,0.015801,0.984199,22.282077,-0.458285,-0.101198,45.000000,36.779607,36.436371,36.729373,36.622494,0.364772,0.635228,-0.343236,-0.050234,-0.157113,37.079655,36.875452,36.756521,36.800171,0.367021,0.632979,-0.204203,-0.323134,-0.279484
11.100000,87.000000,37.186259,37.812782,37.257857,37.461460,0.366902,0.633098,0.626523,0.071599,0.275201,44.000000,37.130532,60.475369,37.630364,37.980018,0.015403,0.984597,23.344837,0.499832,0.849486,45.000000,36.884249,36.493680,37.024247,36.830316,0.365517,0.634483,-0.390569,0.139997,-0.053934,37.186259,37.812782,37.257857,37.461460,0.366902,0.633098,0.626523,0.071599,0.275201
11.120000,87.000000,37.292906,36.883022,37.117579,37.032003,0.364840,0.635160,-0.409884,-0.175327,-0.260903,44.000000,37.234468,56.241412,37.223996,37.515141,0.015377,0.984623,19.006944,-0.010472,0.280673,45.000000,36.988927,36.482424,36.961384,36.787479,0.363088,0.636912,-0.506503,-0.027543,-0.201447,37.292906,36.883022,37.117579,37.032003,0.364840,0.635160,-0.409884,-0.175327,-0.260903
11.140000,87.000000,37.399597,37.064424,37.233046,37.171669,0.363990,0.636010,-0.335173,-0.166551,-0.227928,44.000000,37.338411,58.800639,37.885594,38.205271,0.015366,0.984634,21.462227,0.547182,0.866859,45.000000,37.093639,36.308003,37.034407,36.768228,0.366434,0.633566,-0.785636,-0.059232,-0.325411,37.399597,37.064424,37.233046,37.171669,0.363990,0.636010,-0.335173,-0.166551,-0.227928
11.160000,87.000000,37.506331,37.302490,37.192284,37.232241,0.362566,0.637434,-0.203841,-0.314047,-0.274090,44.000000,37.442362,58.493769,37.208201,37.532196,0.015305,0.984695,21.051407,-0.234161,0.089833,45.000000,37.198385,37.240956,36.771827,36.939307,0.357003,0.642997,0.042570,-0.426559,-0.259078,37.506331,37.302490,37.192284,37.232241,0.362566,0.637434,-0.203841,-0.314047,-0.274090
11.180000,87.000000,37.613108,37.667409,37.542560,37.589456,0.375624,0.624376,0.054301,-0.070548,-0.023652,44.000000,37.546320,55.122763,37.936210,38.198702,0.015328,0.984672,17.576443,0.389890,0.652382,45.000000,37.303165,37.278448,37.112858,37.172117,0.357866,0.642134,-0.024717,-0.190307,-0.131048,37.613108,37.667409,37.542560,37.589456,0.375624,0.624376,0.054301,-0.070548,-0.023652
11.200000,87.000000,37.719927,38.185965,37.445889,37.728982,0.382519,0.617481,0.466038,-0.274038,0.009055,44.000000,37.650284,62.563107,37.050725,37.436393,0.015237,0.984763,24.912823,-0.599559,-0.213891,45.000000,37.407980,38.233090,37.262648,37.598243,0.345817,0.654183,0.825110,-0.145331,0.190263,37.719927,38.185965,37.445889,37.728982,0.382519,0.617481,0.466038,-0.274038,0.009055
11.220000,87.000000,37.826789,37.517955,38.719532,38.260626,0.381921,0.618079,-0.308834,0.892743,0.433837,44.000000,37.754253,57.611636,37.887031,38.185644,0.015211,0.984789,19.857383,0.132778,0.431391,45.000000,37.512828,37.260874,36.765317,36.931881,0.336114,0.663886,-0.251955,-0.747511,-0.580948,37.826789,37.517955,38.719532,38.260626,0.381921,0.618079,-0.308834,0.892743,0.433837
11.240000,87.000000,37.933693,38.339953,38.389364,38.370382,0.384171,0.615829,0.406261,0.455671,0.436689,44.000000,37.858226,61.305220,37.660309,38.015283,0.015115,0.984885,23.446994,-0.197918,0.157057,45.000000,37.617709,37.662443,38.022229,37.899549,0.340980,0.659020,0.044734,0.404520,0.281840,37.933693,38.339953,38.389364,38.370382,0.384171,0.615829,0.406261,0.455671,0.436689
11.260000,87.000000,38.040638,37.797760,38.129239,38.003470,0.379417,0.620583,-0.242878,0.088600,-0.037168,44.000000,37.962204,58.870664,38.501862,38.808455,0.015128,0.984872,20.908461,0.539659,0.846252,45.000000,37.722622,38.570289,37.037953,37.541949,0.328909,0.671091,0.847667,-0.684669,-0.180673,38.040638,37.797760,38.129239,38.003470,0.379417,0.620583,-0.242878,0.088600,-0.037168
11.280000,87.000000,38.147626,38.209532,38.324982,38.281922,0.372977,0.627023,0.061907,0.177356,0.134296,44.000000,38.066184,61.268445,38.126926,38.470254,0.014933,0.985067,23.202261,0.060743,0.404070,45.000000,37.827568,38.119705,37.724391,37.854233,0.328453,0.671547,0.292138,-0.103177,0.026666,38.147626,38.209532,38.324982,38.281922,0.372977,0.627023,0.061907,0.177356,0.134296
11.300000,87.000000,38.254654,38.410970,38.223032,38.293073,0.372683,0.627317,0.156317,-0.031622,0.038420,44.000000,38.170166,61.785226,37.305982,37.669542,0.014960,0.985040,23.615060,-0.864184,-0.500624,45.000000,37.932545,37.709865,37.889280,37.829884,0.331049,0.668951,-0.222681,-0.043266,-0.102661,38.254654,38.410970,38.223032,38.293073,0.372683,0.627317,0.156317,-0.031622,0.038420
11.320000,87.000000,38.361723,38.390175,37.855429,38.052867,0.369218,0.630782,0.028452,-0.506294,-0.308856,44.000000,38.274149,60.066698,37.712721,38.041165,0.014782,0.985218,21.792549,-0.561427,-0.232984,45.000000,38.037556,38.273505,37.879445,38.008416,0.327286,0.672714,0.235950,-0.158110,-0.029140,38.361723,38.390175,37.855429,38.052867,0.369218,0.630782,0.028452,-0.506294,-0.308856
11.340000,87.000000,38.468833,39.185176,37.935824,38.387765,0.361742,0.638258,0.716342,-0.533009,-0.081068,44.000000,38.378131,59.914113,37.633492,37.958924,0.014694,0.985306,21.535981,-0.744639,-0.419208,45.000000,38.142598,38.224049,38.173767,38.190773,0.338211,0.661789,0.081451,0.031169,0.048175,38.468833,39.185176,37.935824,38.387765,0.361742,0.638258,0.716342,-0.533009,-0.081068
11.360000,87.000000,38.575984,38.332808,38.473697,38.422262,0.365074,0.634926,-0.243176,-0.102287,-0.153722,44.000000,38.482112,56.243173,38.689583,38.945738,0.014647,0.985353,17.761061,0.207471,0.463626,45.000000,38.247673,38.306813,38.408366,38.374032,0.338089,0.661911,0.059140,0.160694,0.126360,38.575984,38.332808,38.473697,38.422262,0.365074,0.634926,-0.243176,-0.102287,-0.153722
11.380000,87.000000,38.683174,38.415628,38.843239,38.683629,0.373259,0.626741,-0.267547,0.160064,0.000455,44.000000,38.586091,61.566310,39.015477,39.343738,0.014647,0.985353,22.980219,0.429386,0.757647,45.000000,38.352779,38.376022,38.482420,38.446854,0.334273,0.665727,0.023243,0.129641,0.094075,38.683174,38.415628,38.843239,38.683629,0.373259,0.626741,-0.267547,0.160064,0.000455
11.400000,87.000000,38.790405,39.682521,38.333562,38.820122,0.360695,0.639305,0.892116,-0.456843,0.029717,44.000000,38.690066,59.121320,39.460227,39.749216,0.014768,0.985232,20.431255,0.770162,1.059150,45.000000,38.457916,39.146220,38.730643,38.869742,0.334713,0.665287,0.688304,0.272727,0.411826,38.790405,39.682521,38.333562,38.820122,0.360695,0.639305,0.892116,-0.456843,0.029717
11.420000,87.000000,38.897675,38.408327,39.234154,38.933532,0.364026,0.635974,-0.489349,0.336479,0.035856,44.000000,38.794035,58.695853,38.823705,39.114825,0.014720,0.985280,19.901818,0.029670,0.320790,45.000000,38.563085,38.702783,38.367120,38.476271,0.325181,0.674819,0.139699,-0.195965,-0.086814,38.897675,38.408327,39.234154,38.933532,0.364026,0.635974,-0.489349,0.336479,0.035856
11.440000,87.000000,39.004985,38.879613,39.155918,39.055583,0.363131,0.636869,-0.125373,0.150933,0.050598,44.000000,38.897998,60.341551,39.252350,39.559581,0.014647,0.985353,21.443553,0.354352,0.661583,45.000000,38.668284,39.346538,38.251424,38.596174,0.314809,0.685191,0.678254,-0.416860,-0.072110,39.004985,38.879613,39.155918,39.055583,0.363131,0.636869,-0.125373,0.150933,0.050598
11.460000,87.000000,39.112334,38.673193,39.322299,39.083091,0.368519,0.631481,-0.439141,0.209965,-0.029243,44.000000,39.001952,61.112647,39.131122,39.448107,0.014506,0.985494,22.110695,0.129169,0.446155,45.000000,38.773513,38.899402,38.754374,38.798957,0.307410,0.692590,0.125889,-0.019138,0.025445,39.112334,38.673193,39.322299,39.083091,0.368519,0.631481,-0.439141,0.209965,-0.029243
11.480000,87.000000,39.219722,39.493719,39.530155,39.516502,0.374714,0.625286,0.273997,0.310433,0.296780,44.000000,39.105897,61.284108,40.079719,40.386589,0.014551,0.985449,22.178211,0.973822,1.280692,45.000000,38.878771,39.299196,39.128256,39.180215,0.303962,0.696038,0.420425,0.249485,0.301444,39.219722,39.493719,39.530155,39.516502,0.374714,0.625286,0.273997,0.310433,0.296780
11.500000,87.000000,39.327149,40.024721,39.448571,39.661400,0.369399,0.630601,0.697572,0.121422,0.334251,44.000000,39.209831,60.739630,39.398173,39.706443,0.014525,0.985475,21.529799,0.188342,0.496612,45.000000,38.984057,39.655157,38.556049,38.886953,0.301068,0.698932,0.671100,-0.428008,-0.097104,39.327149,40.024721,39.448571,39.661400,0.369399,0.630601,0.697572,0.121422,0.334251
11.520000,87.000000,39.434614,39.984045,39.234742,39.505100,0.360813,0.639187,0.549432,-0.199871,0.070487,44.000000,39.313752,63.771801,39.261468,39.613190,0.014455,0.985545,24.458049,-0.052284,0.299438,45.000000,39.089371,39.682306,39.433019,39.507669,0.299453,0.700547,0.592935,0.343648,0.418298,39.434614,39.984045,39.234742,39.505100,0.360813,0.639187,0.549432,-0.199871,0.070487
11.540000,87.000000,39.542117,39.642476,39.595915,39.612833,0.363358,0.636642,0.100359,0.053798,0.070716,44.000000,39.417659,60.929541,38.648475,38.971268,0.014575,0.985425,21.511883,-0.769183,-0.446391,45.000000,39.194713,40.284581,39.092451,39.441057,0.292424,0.707576,1.089868,-0.102261,0.246344,39.542117,39.642476,39.595915,39.612833,0.363358,0.636642,0.100359,0.053798,0.070716
11.560000,87.000000,39.649658,39.359069,39.805351,39.640207,0.370044,0.629956,-0.290589,0.155693,-0.009451,44.000000,39.521549,60.588310,37.858464,38.194868,0.014893,0.985107,21.066761,-1.663085,-1.326681,45.000000,39.300080,39.708437,39.093131,39.268276,0.284646,0.715354,0.408357,-0.206948,-0.031804,39.649658,39.359069,39.805351,39.640207,0.370044,0.629956,-0.290589,0.155693,-0.009451
11.580000,87.000000,39.757236,39.527054,40.076225,39.872284,0.371362,0.628638,-0.230182,0.318989,0.115048,44.000000,39.625422,61.603044,39.792553,40.115176,0.014878,0.985122,21.977622,0.167131,0.489754,45.000000,39.405471,38.858691,39.650983,39.421556,0.289574,0.710426,-0.546781,0.245511,0.016085,39.757236,39.527054,40.076225,39.872284,0.371362,0.628638,-0.230182,0.318989,0.115048
11.600000,87.000000,39.864852,40.008441,39.233518,39.520454,0.370278,0.629722,0.143589,-0.631334,-0.344398,44.000000,39.729274,60.137109,39.981288,40.278485,0.014818,0.985182,20.407834,0.252014,0.549210,45.000000,39.510887,38.857093,39.747274,39.487238,0.292117,0.707883,-0.653794,0.236387,-0.023649,39.864852,40.008441,39.233518,39.520454,0.370278,0.629722,0.143589,-0.631334,-0.344398
11.620000,87.000000,39.972506,40.202464,40.087980,40.130651,0.372728,0.627272,0.229958,0.115474,0.158146,44.000000,39.833105,60.892035,39.537915,39.852404,0.014809,0.985191,21.058930,-0.295190,0.019299,45.000000,39.616326,39.562229,39.453214,39.485656,0.297595,0.702405,-0.054096,-0.163112,-0.130669,39.972506,40.202464,40.087980,40.130651,0.372728,0.627272,0.229958,0.115474,0.158146
11.640000,87.000000,40.080196,40.111175,39.788427,39.906718,0.366512,0.633488,0.030980,-0.291769,-0.173478,44.000000,39.936912,61.603306,40.626846,40.936809,0.014856,0.985144,21.666394,0.689934,0.999896,45.000000,39.721785,39.949403,39.969819,39.963689,0.300280,0.699720,0.227617,0.248034,0.241903,40.080196,40.111175,39.788427,39.906718,0.366512,0.633488,0.030980,-0.291769,-0.173478
11.660000,87.000000,40.187923,40.643879,39.803188,40.107788,0.362322,0.637678,0.455956,-0.384735,-0.080135,44.000000,40.040694,61.851109,39.117048,39.453473,0.014892,0.985108,21.810414,-0.923646,-0.587221,45.000000,39.827265,39.421824,39.938656,39.783770,0.299685,0.700315,-0.405441,0.111391,-0.043496,40.187923,40.643879,39.803188,40.107788,0.362322,0.637678,0.455956,-0.384735,-0.080135
11.680000,87.000000,40.295686,39.813240,40.681973,40.356329,0.374850,0.625150,-0.482446,0.386287,0.060643,44.000000,40.144448,62.058737,41.739943,42.048563,0.015265,0.984735,21.914289,1.595495,1.904115,45.000000,39.932764,39.608953,39.662023,39.646492,0.292651,0.707349,-0.323812,-0.270742,-0.286273,40.295686,39.813240,40.681973,40.356329,0.374850,0.625150,-0.482446,0.386287,0.060643
11.700000,87.000000,40.403486,39.785921,40.157190,40.014751,0.383654,0.616346,-0.617564,-0.246296,-0.388735,44.000000,40.248172,60.583276,40.034840,40.346719,0.015256,0.984744,20.335104,-0.213332,0.098547,45.000000,40.038281,39.940205,40.303304,40.193470,0.302491,0.697509,-0.098075,0.265023,0.155189,40.403486,39.785921,40.157190,40.014751,0.383654,0.616346,-0.617564,-0.246296,-0.388735
11.720000,87.000000,40.511321,40.578944,40.980908,40.826093,0.385147,0.614853,0.067623,0.469587,0.314772,44.000000,40.351864,61.723004,41.488818,41.801723,0.015541,0.984459,21.371140,1.136954,1.449859,45.000000,40.143813,40.064589,39.751321,39.845881,0.301849,0.698151,-0.079224,-0.392492,-0.297932,40.511321,40.578944,40.980908,40.826093,0.385147,0.614853,0.067623,0.469587,0.314772
11.740000,87.000000,40.619193,40.404186,40.624758,40.541758,0.376294,0.623706,-0.215006,0.005565,-0.077434,44.000000,40.455522,61.584494,40.620402,40.943819,0.015510,0.984490,21.128972,0.164880,0.488297,45.000000,40.249360,39.942302,40.003636,39.985094,0.302312,0.697688,-0.307057,-0.245723,-0.264265,40.619193,40.404186,40.624758,40.541758,0.376294,0.623706,-0.215006,0.005565,-0.077434
11.760000,87.000000,40.727099,41.315761,40.879894,41.039575,0.366352,0.633648,0.588662,0.152795,0.312475,44.000000,40.559144,60.571452,39.727482,40.054280,0.015761,0.984239,20.012308,-0.831662,-0.504863,45.000000,40.354919,40.448305,40.365433,40.390291,0.299961,0.700039,0.093386,0.010514,0.035372,40.727099,41.315761,40.879894,41.039575,0.366352,0.633648,0.588662,0.152795,0.312475
11.780000,87.000000,40.835041,40.774835,40.791894,40.785714,0.362225,0.637775,-0.060207,-0.043148,-0.049327,44.000000,40.662726,63.113265,40.094460,40.452903,0.015672,0.984328,22.450539,-0.568266,-0.209824,45.000000,40.460490,40.228283,39.768567,39.909029,0.305540,0.694460,-0.232206,-0.691922,-0.551461,40.835041,40.774835,40.791894,40.785714,0.362225,0.637775,-0.060207,-0.043148,-0.049327
11.800000,87.000000,40.943019,41.845349,41.429161,41.578450,0.358706,0.641294,0.902330,0.486143,0.635432,44.000000,40.766268,62.316733,41.071112,41.403285,0.015721,0.984279,21.550465,0.304844,0.637017,45.000000,40.566070,40.307906,40.887954,40.706201,0.313341,0.686659,-0.258164,0.321884,0.140131,40.943019,41.845349,41.429161,41.578450,0.358706,0.641294,0.902330,0.486143,0.635432
11.820000,87.000000,41.051030,40.514584,41.288856,41.008026,0.362703,0.637297,-0.536446,0.237825,-0.043005,44.000000,40.869767,62.795604,41.836820,42.165960,0.015788,0.984212,21.925838,0.967054,1.296193,45.000000,40.671657,40.782953,40.130270,40.335146,0.313898,0.686102,0.111296,-0.541387,-0.336512,41.051030,40.514584,41.288856,41.008026,0.362703,0.637297,-0.536446,0.237825,-0.043005
11.840000,87.000000,41.159077,41.455409,41.371968,41.401638,0.355575,0.644425,0.296332,0.212891,0.242561,44.000000,40.973219,62.387766,40.844184,41.182122,0.015775,0.984225,21.414547,-0.129035,0.208902,45.000000,40.777250,40.319522,40.620043,40.525301,0.315260,0.684740,-0.457728,-0.157207,-0.251949,41.159077,41.455409,41.371968,41.401638,0.355575,0.644425,0.296332,0.212891,0.242561
11.860000,87.000000,41.267157,40.813773,41.242258,41.088334,0.359228,0.640772,-0.453385,-0.024899,-0.178823,44.000000,41.076623,63.556222,41.740902,42.085654,0.015895,0.984105,22.479598,0.664279,1.009031,45.000000,40.882847,40.302038,40.249601,40.266749,0.327022,0.672978,-0.580810,-0.633246,-0.616098,41.267157,40.813773,41.242258,41.088334,0.359228,0.640772,-0.453385,-0.024899,-0.178823
11.880000,87.000000,41.375272,42.000173,41.511096,41.683118,0.351728,0.648272,0.624901,0.135824,0.307846,44.000000,41.179977,63.115119,40.816778,41.168205,0.015855,0.984145,21.935142,-0.363199,-0.011772,45.000000,40.988446,42.269955,41.127454,41.484914,0.312876,0.687124,1.281509,0.139009,0.496468,41.375272,42.000173,41.511096,41.683118,0.351728,0.648272,0.624901,0.135824,0.307846
11.900000,87.000000,41.483421,41.995837,41.115516,41.419427,0.345228,0.654772,0.512416,-0.367905,-0.063994,44.000000,41.283277,63.259953,41.732873,42.072510,0.015866,0.984134,21.976676,0.449596,0.789233,45.000000,41.094044,41.058747,41.366102,41.268213,0.318486,0.681514,-0.035297,0.272058,0.174169,41.483421,41.995837,41.115516,41.419427,0.345228,0.654772,0.512416,-0.367905,-0.063994
11.920000,87.000000,41.591603,41.699283,40.709598,41.052691,0.346670,0.653330,0.107680,-0.882005,-0.538912,44.000000,41.386521,63.191721,41.335461,41.680737,0.015889,0.984111,21.805200,-0.051060,0.294216,45.000000,41.199640,40.743568,40.745039,40.744569,0.319256,0.680744,-0.456072,-0.454601,-0.455071,41.591603,41.699283,40.709598,41.052691,0.346670,0.653330,0.107680,-0.882005,-0.538912
11.940000,87.000000,41.699819,42.100104,41.906822,41.974051,0.347828,0.652172,0.400285,0.207003,0.274232,44.000000,41.489706,63.502337,41.773052,42.112545,0.015713,0.984287,22.012631,0.283346,0.622838,45.000000,41.305231,42.465584,41.495061,41.798011,0.312152,0.687848,1.160353,0.189830,0.492780,41.699819,42.100104,41.906822,41.974051,0.347828,0.652172,0.400285,0.207003,0.274232
11.960000,87.000000,41.808068,42.846472,41.139588,41.712858,0.335860,0.664140,1.038404,-0.668480,-0.095210,44.000000,41.592830,65.260760,42.805419,43.158342,0.015813,0.984187,23.667930,1.212588,1.565512,45.000000,41.410815,41.788068,41.416448,41.532050,0.311075,0.688925,0.377253,0.005633,0.121234,41.808068,42.846472,41.139588,41.712858,0.335860,0.664140,1.038404,-0.668480,-0.095210
11.980000,87.000000,41.916350,42.073489,41.519660,41.702706,0.330510,0.669490,0.157139,-0.396690,-0.213644,44.000000,41.695890,63.739224,41.801885,42.145970,0.015777,0.984223,22.043334,0.105995,0.450080,45.000000,41.516391,41.842347,41.181512,41.382684,0.304421,0.695579,0.325957,-0.334879,-0.133707,41.916350,42.073489,41.519660,41.702706,0.330510,0.669490,0.157139,-0.396690,-0.213644
12.000000,87.000000,42.024665,41.097335,41.682585,41.482659,0.341609,0.658391,-0.927329,-0.342079,-0.542006,44.000000,41.798883,62.950226,42.370419,42.695266,0.015866,0.984134,21.151343,0.571536,0.896383,45.000000,41.621954,42.385991,41.583627,41.826669,0.302908,0.697092,0.764037,-0.038327,0.204715,42.024665,41.097335,41.682585,41.482659,0.341609,0.658391,-0.927329,-0.342079,-0.542006
12.020000,87.000000,42.133012,41.526820,42.338420,42.056991,0.346759,0.653241,-0.606192,0.205408,-0.076021,44.000000,41.901807,63.051081,41.414402,41.758088,0.015975,0.984025,21.149275,-0.487404,-0.143718,45.000000,41.727504,42.306068,41.599697,41.811848,0.300340,0.699660,0.578564,-0.127807,0.084344,42.133012,41.526820,42.338420,42.056991,0.346759,0.653241,-0.606192,0.205408,-0.076021
12.040000,87.000000,42.241391,42.732546,42.303190,42.451413,0.345221,0.654779,0.491155,0.061799,0.210021,44.000000,42.004657,63.807644,41.024610,41.390068,0.016142,0.983858,21.802987,-0.980048,-0.614589,45.000000,41.833037,41.126525,41.867525,41.640592,0.306254,0.693746,-0.706512,0.034488,-0.192445,42.241391,42.732546,42.303190,42.451413,0.345221,0.654779,0.491155,0.061799,0.210021
12.060000,87.000000,42.349803,42.794304,42.025904,42.288715,0.342024,0.657976,0.444501,-0.323899,-0.061088,44.000000,42.107433,63.832305,41.990366,42.340798,0.016137,0.983863,21.724872,-0.117067,0.233365,45.000000,41.938551,41.313377,41.539591,41.468885,0.312563,0.687437,-0.625174,-0.398960,-0.469666,42.349803,42.794304,42.025904,42.288715,0.342024,0.657976,0.444501,-0.323899,-0.061088
12.080000,87.000000,42.458246,42.122650,42.875285,42.612740,0.348835,0.651165,-0.335596,0.417039,0.154494,44.000000,42.209348,64.857694,41.643118,42.015980,0.016167,0.983833,22.648346,-0.566230,-0.193367,45.000000,42.044043,42.694273,42.458742,42.531702,0.309769,0.690231,0.650229,0.414699,0.487659,42.458246,42.122650,42.875285,42.612740,0.348835,0.651165,-0.335596,0.417039,0.154494
12.100000,87.000000,42.566721,42.740213,42.236209,42.412613,0.350005,0.649995,0.173492,-0.330512,-0.154108,44.000000,42.310393,63.885903,43.396431,43.729463,0.016337,0.983663,21.575510,1.086038,1.419070,45.000000,42.149512,42.455313,42.231988,42.300149,0.305209,0.694791,0.305802,0.082477,0.150638,42.566721,42.740213,42.236209,42.412613,0.350005,0.649995,0.173492,-0.330512,-0.154108
12.120000,87.000000,42.675228,42.292228,42.787411,42.613126,0.351961,0.648039,-0.383000,0.112183,-0.062102,44.000000,42.410572,64.793095,42.366860,42.730385,0.016309,0.983691,22.382522,-0.043712,0.319813,45.000000,42.254953,42.892445,42.190199,42.399673,0.298292,0.701708,0.637492,-0.064753,0.144720,42.675228,42.292228,42.787411,42.613126,0.351961,0.648039,-0.383000,0.112183,-0.062102
12.140000,87.000000,42.783765,43.725945,42.595341,42.980863,0.340989,0.659011,0.942180,-0.188424,0.197098,44.000000,42.509889,64.584529,42.985906,43.335006,0.016255,0.983745,22.074640,0.476016,0.825116,45.000000,42.360364,42.498722,42.513796,42.509345,0.295284,0.704716,0.138358,0.153432,0.148981,42.783765,43.725945,42.595341,42.980863,0.340989,0.659011,0.942180,-0.188424,0.197098
12.160000,87.000000,42.892334,41.923040,42.945366,42.589904,0.347700,0.652300,-0.969294,0.053032,-0.302430,44.000000,42.608348,64.133696,42.772399,43.117568,0.016248,0.983752,21.525349,0.164051,0.509220,45.000000,42.465743,42.654038,42.470629,42.525047,0.296704,0.703296,0.188295,0.004886,0.059304,42.892334,41.923040,42.945366,42.589904,0.347700,0.652300,-0.969294,0.053032,-0.302430
12.180000,87.000000,43.000934,42.805507,42.775196,42.785754,0.348329,0.651671,-0.195426,-0.225738,-0.215180,44.000000,42.705951,65.918905,43.742938,44.101921,0.016285,0.983715,23.212954,1.036987,1.395970,45.000000,42.571086,42.136759,42.422374,42.336948,0.299095,0.700905,-0.434327,-0.148712,-0.234139,43.000934,42.805507,42.775196,42.785754,0.348329,0.651671,-0.195426,-0.225738,-0.215180
12.200000,87.000000,43.109564,42.723235,42.827843,42.790745,0.354638,0.645362,-0.386328,-0.281721,-0.318818,44.000000,42.802702,64.416533,42.718986,43.071673,0.016348,0.983652,21.613831,-0.083717,0.268970,45.000000,42.676391,42.257810,42.804159,42.635609,0.308503,0.691497,-0.418581,0.127768,-0.040782,43.109564,42.723235,42.827843,42.790745,0.354638,0.645362,-0.386328,-0.281721,-0.318818
12.220000,87.000000,43.218224,42.186851,43.048319,42.747843,0.348796,0.651204,-1.031373,-0.169906,-0.470381,44.000000,42.898605,64.543321,42.870765,43.222813,0.016336,0.983664,21.644715,-0.027841,0.324207,45.000000,42.781654,42.340736,42.931526,42.745842,0.314297,0.685703,-0.440919,0.149872,-0.035812,43.218224,42.186851,43.048319,42.747843,0.348796,0.651204,-1.031373,-0.169906,-0.470381
12.240000,87.000000,43.326915,43.730290,43.431613,43.534781,0.345418,0.654582,0.403375,0.104698,0.207866,44.000000,42.993663,65.920636,43.475724,43.840812,0.016365,0.983635,22.926972,0.482061,0.847149,45.000000,42.886873,42.037337,42.544272,42.385035,0.314118,0.685882,-0.849536,-0.342601,-0.501838,43.326915,43.730290,43.431613,43.534781,0.345418,0.654582,0.403375,0.104698,0.207866
12.260000,87.000000,43.435635,44.086150,43.608902,43.770653,0.338925,0.661075,0.650514,0.173267,0.335018,44.000000,43.087879,65.882274,43.045783,43.415440,0.016290,0.983710,22.794395,-0.042096,0.327561,45.000000,42.992044,42.483014,43.130128,42.917771,0.328161,0.671839,-0.509031,0.138084,-0.074274,43.435635,44.086150,43.608902,43.770653,0.338925,0.661075,0.650514,0.173267,0.335018
12.280000,87.000000,43.544386,42.813426,43.481132,43.252577,0.342300,0.657700,-0.730960,-0.063254,-0.291809,44.000000,43.181256,65.139948,43.654400,44.003183,0.016324,0.983676,21.958692,0.473144,0.821927,45.000000,43.097165,42.951043,43.261995,43.158326,0.333392,0.666608,-0.146121,0.164830,0.061161,43.544386,42.813426,43.481132,43.252577,0.342300,0.657700,-0.730960,-0.063254,-0.291809
12.300000,87.000000,43.653166,44.003937,43.691823,43.798292,0.341121,0.658879,0.350772,0.038657,0.145126,44.000000,43.273797,66.892142,43.088868,43.473407,0.016266,0.983734,23.618344,-0.184930,0.199609,45.000000,43.201372,42.618779,43.734521,43.353603,0.341405,0.658595,-0.582592,0.533150,0.152231,43.653166,44.003937,43.691823,43.798292,0.341121,0.658879,0.350772,0.038657,0.145126
12.320000,87.000000,43.761975,44.231372,43.482394,43.735939,0.338522,0.661478,0.469397,-0.279581,-0.026036,44.000000,43.365506,65.563534,43.541479,43.896343,0.016209,0.983791,22.198028,0.175973,0.530837,45.000000,43.304659,43.149665,42.866678,42.963679,0.342776,0.657224,-0.154995,-0.437981,-0.340980,43.761975,44.231372,43.482394,43.735939,0.338522,0.661478,0.469397,-0.279581,-0.026036
12.340000,87.000000,43.870814,44.098557,43.963152,44.010106,0.346768,0.653232,0.227743,0.092339,0.139293,44.000000,43.456385,67.351607,43.003774,43.393545,0.016124,0.983876,23.895222,-0.452612,-0.062841,45.000000,43.407032,43.650134,43.670161,43.663285,0.343312,0.656688,0.243103,0.263129,0.256254,43.870814,44.098557,43.963152,44.010106,0.346768,0.653232,0.227743,0.092339,0.139293
12.360000,87.000000,43.979681,44.300291,43.909556,44.043415,0.342584,0.657416,0.320610,-0.070125,0.063734,44.000000,43.546438,66.695050,43.943673,44.307416,0.016088,0.983912,23.148612,0.397235,0.760978,45.000000,43.508492,43.195945,43.407405,43.334640,0.344106,0.655894,-0.312547,-0.101087,-0.173852,43.979681,44.300291,43.909556,44.043415,0.342584,0.657416,0.320610,-0.070125,0.063734
12.380000,87.000000,44.088577,43.987879,43.792307,43.858427,0.338083,0.661917,-0.100698,-0.296270,-0.230150,44.000000,43.635667,65.869436,43.785799,44.139038,0.016090,0.983910,22.233769,0.150132,0.503370,45.000000,43.609043,44.471926,43.981147,44.147153,0.338251,0.661749,0.862883,0.372104,0.538111,44.088577,43.987879,43.792307,43.858427,0.338083,0.661917,-0.100698,-0.296270,-0.230150
12.400000,87.000000,44.197502,44.740561,43.996646,44.251451,0.342519,0.657481,0.543059,-0.200856,0.053949,44.000000,43.724075,65.742042,43.034116,43.397878,0.016119,0.983881,22.017967,-0.689959,-0.326197,45.000000,43.708688,43.527517,43.221932,43.325764,0.339779,0.660221,-0.181171,-0.486756,-0.382924,44.197502,44.740561,43.996646,44.251451,0.342519,0.657481,0.543059,-0.200856,0.053949
12.420000,87.000000,44.306455,44.542268,44.336090,44.405163,0.335020,0.664980,0.235812,0.029634,0.098708,44.000000,43.811666,65.115317,44.900807,45.227451,0.016239,0.983761,21.303651,1.089141,1.415786,45.000000,43.807431,45.257836,43.315846,43.948128,0.325589,0.674411,1.450405,-0.491585,0.140698,44.306455,44.542268,44.336090,44.405163,0.335020,0.664980,0.235812,0.029634,0.098708
12.440000,87.000000,44.415437,43.806998,44.632548,44.352781,0.338886,0.661114,-0.608439,0.217112,-0.062656,44.000000,43.898441,66.760240,43.972429,44.339509,0.016210,0.983790,22.861799,0.073989,0.441068,45.000000,43.905273,44.214912,43.918002,44.016322,0.331144,0.668856,0.309638,0.012729,0.111049,44.415437,43.806998,44.632548,44.352781,0.338886,0.661114,-0.608439,0.217112,-0.062656
12.460000,87.000000,44.524446,44.565924,44.686822,44.646259,0.335513,0.664487,0.041478,0.162376,0.121813,44.000000,43.984403,65.989156,44.624558,44.969530,0.016236,0.983764,22.004752,0.640155,0.985127,45.000000,44.002219,43.973071,43.855117,43.894205,0.331383,0.668617,-0.029148,-0.147102,-0.108014,44.524446,44.565924,44.686822,44.646259,0.335513,0.664487,0.041478,0.162376,0.121813
12.480000,87.000000,44.633484,43.954736,44.892033,44.571744,0.341717,0.658283,-0.678748,0.258549,-0.061740,44.000000,44.069556,67.840285,44.178115,44.555506,0.016058,0.983942,23.770729,0.108560,0.485950,45.000000,44.098272,44.422230,44.004673,44.142238,0.329451,0.670549,0.323959,-0.093598,0.043966,44.633484,43.954736,44.892033,44.571744,0.341717,0.658283,-0.678748,0.258549,-0.061740
12.500000,87.000000,44.742549,44.613672,44.854447,44.770516,0.348588,0.651412,-0.128877,0.111898,0.027967,44.000000,44.153901,65.735734,44.295723,44.638063,0.016056,0.983944,21.581833,0.141822,0.484162,45.000000,44.193433,44.975380,44.522961,44.674058,0.333976,0.666024,0.781947,0.329528,0.480624,44.742549,44.613672,44.854447,44.770516,0.348588,0.651412,-0.128877,0.111898,0.027967
12.520000,87.000000,44.851641,45.254217,44.489284,44.756038,0.348729,0.651271,0.402576,-0.362357,-0.095603,44.000000,44.237442,66.163830,44.953699,45.294237,0.016143,0.983857,21.926388,0.716257,1.056796,45.000000,44.287706,44.586927,43.325672,43.741274,0.329517,0.670483,0.299220,-0.962034,-0.546432,44.851641,45.254217,44.489284,44.756038,0.348729,0.651271,0.402576,-0.362357,-0.095603
12.540000,87.000000,44.960761,45.469732,45.016948,45.173236,0.345171,0.654829,0.508972,0.056187,0.212475,44.000000,44.320180,67.257179,43.600895,43.982013,0.016220,0.983780,22.936999,-0.719285,-0.338167,45.000000,44.381094,44.812211,44.141803,44.366633,0.335364,0.664636,0.431117,-0.239291,-0.014461,44.960761,45.469732,45.016948,45.173236,0.345171,0.654829,0.508972,0.056187,0.212475
12.560000,87.000000,45.069908,44.546423,45.283409,45.027486,0.347257,0.652743,-0.523485,0.213502,-0.042422,44.000000,44.402119,68.197065,45.037524,45.397624,0.015650,0.984350,23.794946,0.635405,0.995505,45.000000,44.473599,43.928876,44.564367,44.345717,0.344064,0.655936,-0.544723,0.090768,-0.127882,45.069908,44.546423,45.283409,45.027486,0.347257,0.652743,-0.523485,0.213502,-0.042422
12.580000,87.000000,45.179081,45.106980,45.541154,45.390749,0.346416,0.653584,-0.072102,0.362073,0.211668,44.000000,44.483260,67.053756,43.904907,44.267343,0.015759,0.984241,22.570496,-0.578353,-0.215917,45.000000,44.565224,44.468106,45.114103,44.892134,0.343607,0.656393,-0.097118,0.548879,0.326910,45.179081,45.106980,45.541154,45.390749,0.346416,0.653584,-0.072102,0.362073,0.211668
12.600000,87.000000,45.288282,45.241568,45.453540,45.378599,0.353541,0.646459,-0.046714,0.165258,0.090317,44.000000,44.563607,65.687341,44.801602,45.128654,0.015742,0.984258,21.123735,0.237995,0.565047,45.000000,44.655971,44.926783,44.508426,44.648254,0.334232,0.665768,0.270811,-0.147545,-0.007717,45.288282,45.241568,45.453540,45.378599,0.353541,0.646459,-0.046714,0.165258,0.090317
12.620000,87.000000,45.397509,45.354477,45.874935,45.687910,0.359348,0.640652,-0.043032,0.477426,0.290401,44.000000,44.643161,67.368228,46.024243,46.361483,0.015888,0.984112,22.725067,1.381082,1.718322,45.000000,44.745843,45.064729,44.323812,44.568552,0.330321,0.669679,0.318886,-0.422031,-0.177291,45.397509,45.354477,45.874935,45.687910,0.359348,0.640652,-0.043032,0.477426,0.290401
12.640000,87.000000,45.506762,45.414402,45.482613,45.457881,0.362580,0.637420,-0.092360,-0.024150,-0.048882,44.000000,44.721924,69.087235,45.390351,45.762759,0.015823,0.984177,24.365310,0.668426,1.040835,45.000000,44.834843,44.849608,44.795147,44.813094,0.329546,0.670454,0.014765,-0.039696,-0.021748,45.506762,45.414402,45.482613,45.457881,0.362580,0.637420,-0.092360,-0.024150,-0.048882
12.660000,87.000000,45.616042,44.905712,46.006557,45.593580,0.375146,0.624854,-0.710331,0.390515,-0.022462,44.000000,44.799900,67.742311,43.987464,44.360131,0.015796,0.984204,22.942411,-0.812436,-0.439770,45.000000,44.922972,44.428682,45.114212,44.887944,0.330063,0.669937,-0.494290,0.191240,-0.035028,45.616042,44.905712,46.006557,45.593580,0.375146,0.624854,-0.710331,0.390515,-0.022462
12.680000,87.000000,45.725348,45.605793,45.689605,45.658395,0.372379,0.627621,-0.119554,-0.035743,-0.066953,44.000000,44.877090,68.105216,45.305051,45.655495,0.015467,0.984533,23.228126,0.427962,0.778406,45.000000,45.010233,44.948969,45.518642,45.328278,0.334165,0.665835,-0.061264,0.508409,0.318045,45.725348,45.605793,45.689605,45.658395,0.372379,0.627621,-0.119554,-0.035743,-0.066953
12.700000,87.000000,45.834680,45.449843,45.985084,45.784473,0.374806,0.625194,-0.384836,0.150404,-0.050207,44.000000,44.953496,68.488741,44.266792,44.641015,0.015560,0.984440,23.535245,-0.686704,-0.312482,45.000000,45.096629,44.186181,45.204420,44.861430,0.336847,0.663153,-0.910447,0.107791,-0.235199,45.834680,45.449843,45.985084,45.784473,0.374806,0.625194,-0.384836,0.150404,-0.050207
12.720000,87.000000,45.944037,45.955757,45.491911,45.662050,0.366801,0.633199,0.011720,-0.452126,-0.281987,44.000000,45.029121,67.893606,45.387584,45.731959,0.015396,0.984604,22.864485,0.358463,0.702838,45.000000,45.182161,45.204476,45.037312,45.093810,0.337983,0.662017,0.022315,-0.144849,-0.088350,45.944037,45.955757,45.491911,45.662050,0.366801,0.633199,0.011720,-0.452126,-0.281987
12.740000,87.000000,46.053420,45.520938,46.190777,45.942326,0.370912,0.629088,-0.532482,0.137357,-0.111094,44.000000,45.103966,68.360827,45.548025,45.896516,0.015373,0.984627,23.256861,0.444059,0.792550,45.000000,45.266831,45.266175,45.012788,45.098002,0.336300,0.663700,-0.000656,-0.254043,-0.168829,46.053420,45.520938,46.190777,45.942326,0.370912,0.629088,-0.532482,0.137357,-0.111094
12.760000,87.000000,46.162828,44.766248,46.415108,45.814361,0.364343,0.635657,-1.396580,0.252280,-0.348467,44.000000,45.178034,67.741987,44.975605,45.319587,0.015205,0.984795,22.563953,-0.202429,0.141552,45.000000,45.350643,46.280200,45.194556,45.551243,0.328550,0.671450,0.929557,-0.156087,0.200600,46.162828,44.766248,46.415108,45.814361,0.364343,0.635657,-1.396580,0.252280,-0.348467
12.780000,87.000000,46.272262,46.286050,45.812215,45.987305,0.369517,0.630483,0.013789,-0.460047,-0.284957,44.000000,45.251327,67.642556,45.028997,45.368579,0.015110,0.984890,22.391230,-0.222330,0.117253,45.000000,45.433597,45.694963,45.377199,45.481601,0.328553,0.671447,0.261366,-0.056399,0.048004,46.272262,46.286050,45.812215,45.987305,0.369517,0.630483,0.013789,-0.460047,-0.284957
12.800000,87.000000,46.381720,46.428820,46.442355,46.437411,0.365248,0.634752,0.047100,0.060635,0.055691,44.000000,45.323846,68.844303,44.834188,45.195641,0.015160,0.984840,23.520457,-0.489658,-0.128205,45.000000,45.515696,46.427727,45.475366,45.777792,0.317555,0.682445,0.912031,-0.040330,0.262096,46.381720,46.428820,46.442355,46.437411,0.365248,0.634752,0.047100,0.060635,0.055691
12.820000,87.000000,46.491204,45.976627,47.013702,46.636484,0.363733,0.636267,-0.514577,0.522498,0.145280,44.000000,45.395594,68.518808,45.112558,45.463873,0.015110,0.984890,23.123214,-0.283036,0.068279,45.000000,45.596942,45.853512,45.865483,45.861638,0.321202,0.678798,0.256570,0.268540,0.264695,46.491204,45.976627,47.013702,46.636484,0.363733,0.636267,-0.514577,0.522498,0.145280
12.840000,87.000000,46.600712,45.713956,46.223658,46.040971,0.358420,0.641580,-0.886756,-0.377054,-0.559741,44.000000,45.466572,70.547368,44.282773,44.681102,0.015294,0.984706,25.080796,-1.183799,-0.785470,45.000000,45.677337,45.657151,46.016551,45.900814,0.322029,0.677971,-0.020186,0.339214,0.223477,46.600712,45.713956,46.223658,46.040971,0.358420,0.641580,-0.886756,-0.377054,-0.559741
12.860000,87.000000,46.710245,46.905315,45.919227,46.287398,0.373366,0.626634,0.195071,-0.791018,-0.422846,44.000000,45.536782,67.602459,44.822737,45.170689,0.015371,0.984629,22.065677,-0.714045,-0.366094,45.000000,45.756882,45.773411,45.719745,45.737007,0.321664,0.678336,0.016528,-0.037137,-0.019875,46.710245,46.905315,45.919227,46.287398,0.373366,0.626634,0.195071,-0.791018,-0.422846
12.880000,87.000000,46.819802,46.667886,47.490760,47.192298,0.362707,0.637293,-0.151916,0.670959,0.372497,44.000000,45.606229,68.334057,44.562282,44.926245,0.015416,0.984584,22.727828,-1.043947,-0.679984,45.000000,45.835580,45.939658,45.918478,45.925489,0.331015,0.668985,0.104078,0.082898,0.089909,46.819802,46.667886,47.490760,47.192298,0.362707,0.637293,-0.151916,0.670959,0.372497
12.900000,87.000000,46.929383,46.621468,46.874163,46.784840,0.353481,0.646519,-0.307915,-0.055220,-0.144543,44.000000,45.674915,70.659356,45.860710,46.239173,0.015376,0.984624,24.984441,0.185795,0.564258,45.000000,45.913432,45.812500,46.059252,45.977747,0.330314,0.669686,-0.100932,0.145820,0.064314,46.929383,46.621468,46.874163,46.784840,0.353481,0.646519,-0.307915,-0.055220,-0.144543
12.920000,87.000000,47.038989,46.920636,46.960824,46.947009,0.343757,0.656243,-0.118353,-0.078165,-0.091980,44.000000,45.742844,68.107001,45.583195,45.926074,0.015317,0.984683,22.364157,-0.159649,0.183229,45.000000,45.990440,44.390081,46.062878,45.497575,0.337941,0.662059,-1.600359,0.072438,-0.492865,47.038989,46.920636,46.960824,46.947009,0.343757,0.656243,-0.118353,-0.078165,-0.091980
12.940000,87.000000,47.148618,47.134349,47.205531,47.181230,0.341392,0.658608,-0.014269,0.056913,0.032612,44.000000,45.810021,68.786394,45.683752,46.034747,0.015292,0.984708,22.976373,-0.126269,0.224726,45.000000,46.066605,46.202936,46.081968,46.123787,0.345707,0.654293,0.136330,0.015362,0.057182,47.148618,47.134349,47.205531,47.181230,0.341392,0.658608,-0.014269,0.056913,0.032612
12.960000,87.000000,47.258271,46.964249,47.087147,47.046757,0.328647,0.671353,-0.294023,-0.171124,-0.211515,44.000000,45.876448,67.549427,46.564278,46.883405,0.015289,0.984711,21.672978,0.687830,1.006956,45.000000,46.141930,46.494577,46.155719,46.272981,0.346050,0.653950,0.352647,0.013789,0.131051,47.258271,46.964249,47.087147,47.046757,0.328647,0.671353,-0.294023,-0.171124,-0.211515
12.980000,87.000000,47.367948,47.744851,47.111215,47.319444,0.328626,0.671374,0.376903,-0.256733,-0.048504,44.000000,45.942130,69.833146,45.761012,46.125679,0.015256,0.984744,23.891015,-0.181118,0.183549,45.000000,46.216416,46.542194,46.417575,46.461169,0.349817,0.650183,0.325778,0.201160,0.244753,47.367948,47.744851,47.111215,47.319444,0.328626,0.671374,0.376903,-0.256733,-0.048504
13.000000,87.000000,47.477649,47.841289,47.541697,47.642196,0.335452,0.664548,0.363640,0.064048,0.164547,44.000000,46.007071,69.403303,45.527403,45.888978,0.015249,0.984751,23.396233,-0.479668,-0.118093,45.000000,46.290063,46.400320,46.242928,46.298932,0.355826,0.644174,0.110257,-0.047136,0.008869,47.477649,47.841289,47.541697,47.642196,0.335452,0.664548,0.363640,0.064048,0.164547
13.020000,87.000000,47.587372,47.625128,47.193685,47.342850,0.345735,0.654265,0.037756,-0.393687,-0.244522,44.000000,46.071273,68.896567,46.570816,46.907210,0.015159,0.984841,22.825294,0.499544,0.835937,45.000000,46.362875,46.209551,46.700057,46.520516,0.366032,0.633968,-0.153324,0.337182,0.157641,47.587372,47.625128,47.193685,47.342850,0.345735,0.654265,0.037756,-0.393687,-0.244522
13.040000,87.000000,47.697119,47.158644,47.809785,47.589920,0.337660,0.662340,-0.538475,0.112665,-0.107199,44.000000,46.134740,69.394696,47.305062,47.635818,0.015062,0.984938,23.259956,1.170322,1.501078,45.000000,46.434852,46.975195,46.389676,46.598074,0.355921,0.644079,0.540343,-0.045176,0.163222,47.697119,47.158644,47.809785,47.589920,0.337660,0.662340,-0.538475,0.112665,-0.107199
13.060000,87.000000,47.806889,48.291754,48.021261,48.111464,0.333474,0.666526,0.484865,0.214372,0.304574,44.000000,46.197477,71.187583,45.683597,46.063444,0.015012,0.984988,24.990107,-0.513880,-0.134033,45.000000,46.505996,46.865536,46.395812,46.560538,0.350686,0.649314,0.359540,-0.110184,0.054542,47.806889,48.291754,48.021261,48.111464,0.333474,0.666526,0.484865,0.214372,0.304574
13.080000,87.000000,47.916682,48.247458,47.849873,47.985571,0.341305,0.658695,0.330776,-0.066809,0.068889,44.000000,46.259486,69.783641,45.738510,46.093233,0.014856,0.985144,23.524155,-0.520976,-0.166253,45.000000,46.576309,47.307821,46.339421,46.673838,0.345330,0.654670,0.731512,-0.236888,0.097529,47.916682,48.247458,47.849873,47.985571,0.341305,0.658695,0.330776,-0.066809,0.068889
13.100000,87.000000,48.026498,47.993998,47.944234,47.961038,0.337675,0.662325,-0.032499,-0.082264,-0.065460,44.000000,46.320772,69.251404,45.753917,46.099441,0.014804,0.985196,22.930632,-0.566855,-0.221331,45.000000,46.645795,46.641844,46.772616,46.727109,0.347987,0.652013,-0.003952,0.126821,0.081314,48.026498,47.993998,47.944234,47.961038,0.337675,0.662325,-0.032499,-0.082264,-0.065460
13.120000,87.000000,48.136336,47.846179,47.449671,47.586817,0.345883,0.654117,-0.290157,-0.686665,-0.549519,44.000000,46.381337,69.016319,46.331530,46.664120,0.014753,0.985247,22.634982,-0.049807,0.282783,45.000000,46.714458,45.934708,46.789615,46.482597,0.359125,0.640875,-0.779750,0.075157,-0.231861,48.136336,47.846179,47.449671,47.586817,0.345883,0.654117,-0.290157,-0.686665,-0.549519
13.140000,87.000000,48.246197,47.839002,48.442360,48.240656,0.334304,0.665696,-0.407194,0.196164,-0.005541,44.000000,46.441186,70.678605,46.737800,47.088351,0.014745,0.985255,24.237419,0.296614,0.647165,45.000000,46.782302,46.083890,46.715316,46.486135,0.362959,0.637041,-0.698412,-0.066987,-0.296168,48.246197,47.839002,48.442360,48.240656,0.334304,0.665696,-0.407194,0.196164,-0.005541
13.160000,87.000000,48.356080,48.415123,48.453765,48.440517,0.342831,0.657169,0.059043,0.097685,0.084437,44.000000,46.500322,71.191368,46.573096,46.932204,0.014695,0.985305,24.691046,0.072774,0.431882,45.000000,46.849330,48.038061,46.588430,47.098280,0.351712,0.648288,1.188731,-0.260899,0.248950,48.356080,48.415123,48.453765,48.440517,0.342831,0.657169,0.059043,0.097685,0.084437
13.180000,87.000000,48.465985,48.116779,47.980483,48.027367,0.343987,0.656013,-0.349206,-0.485502,-0.438618,44.000000,46.558748,71.465315,45.431664,45.812980,0.014768,0.985232,24.906567,-1.127084,-0.745768,45.000000,46.915545,44.930899,46.805727,46.136653,0.356875,0.643125,-1.984647,-0.109818,-0.778893,48.465985,48.116779,47.980483,48.027367,0.343987,0.656013,-0.349206,-0.485502,-0.438618
13.200000,87.000000,48.575912,49.033746,48.289639,48.550103,0.350036,0.649964,0.457834,-0.286273,-0.025809,44.000000,46.616468,70.093572,47.529903,47.863516,0.014877,0.985123,23.477104,0.913435,1.247048,45.000000,46.980952,48.150186,46.724979,47.210811,0.340887,0.659113,1.169234,-0.255973,0.229858,48.575912,49.033746,48.289639,48.550103,0.350036,0.649964,0.457834,-0.286273,-0.025809
13.220000,87.000000,48.685861,48.733281,48.199453,48.393501,0.363504,0.636496,0.047419,-0.486408,-0.292360,44.000000,46.673485,70.245525,45.865625,46.226613,0.014914,0.985086,23.572040,-0.807860,-0.446872,45.000000,47.045554,46.652857,46.601654,46.618918,0.337162,0.662838,-0.392697,-0.443900,-0.426637,48.685861,48.733281,48.199453,48.393501,0.363504,0.636496,0.047419,-0.486408,-0.292360
13.240000,87.000000,48.795832,49.561092,48.836597,49.101948,0.366256,0.633744,0.765260,0.040765,0.306115,44.000000,46.729803,70.097394,46.061656,46.418377,0.014946,0.985054,23.367591,-0.668147,-0.311426,45.000000,47.109355,47.698500,47.324173,47.448287,0.331565,0.668435,0.589145,0.214818,0.338932,48.795832,49.561092,48.836597,49.101948,0.366256,0.633744,0.765260,0.040765,0.306115
13.260000,87.000000,48.905825,48.835143,48.551714,48.655335,0.365596,0.634404,-0.070682,-0.354110,-0.250490,44.000000,46.785425,70.632726,47.118200,47.467174,0.014941,0.985059,23.847301,0.332775,0.681749,45.000000,47.172358,47.945366,46.898241,47.234147,0.320789,0.679211,0.773008,-0.274117,0.061789,48.905825,48.835143,48.551714,48.655335,0.365596,0.634404,-0.070682,-0.354110,-0.250490
13.280000,87.000000,49.015839,49.432710,49.138798,49.248938,0.374739,0.625261,0.416872,0.122959,0.233099,44.000000,46.840355,69.834228,47.415142,47.749126,0.014989,0.985011,22.993873,0.574787,0.908771,45.000000,47.234567,46.922765,47.426670,47.264410,0.322006,0.677994,-0.311801,0.192103,0.029843,49.015839,49.432710,49.138798,49.248938,0.374739,0.625261,0.416872,0.122959,0.233099
13.300000,87.000000,49.125874,48.954137,49.291469,49.166837,0.369466,0.630534,-0.171737,0.165595,0.040962,44.000000,46.894595,70.980219,46.653951,47.015087,0.014953,0.985047,24.085624,-0.240644,0.120492,45.000000,47.295985,47.093293,47.625246,47.455698,0.318728,0.681272,-0.202692,0.329261,0.159713,49.125874,48.954137,49.291469,49.166837,0.369466,0.630534,-0.171737,0.165595,0.040962
13.320000,87.000000,49.235931,49.024853,49.396290,49.262519,0.360145,0.639855,-0.211078,0.160359,0.026588,44.000000,46.948150,71.500229,47.935784,48.288984,0.015090,0.984910,24.552078,0.987633,1.340834,45.000000,47.356616,48.057266,47.228545,47.489273,0.314616,0.685384,0.700650,-0.128071,0.132657,49.235931,49.024853,49.396290,49.262519,0.360145,0.639855,-0.211078,0.160359,0.026588
13.340000,87.000000,49.346009,49.600407,49.476730,49.521301,0.360380,0.639620,0.254398,0.130722,0.175292,44.000000,47.001023,71.466353,46.776097,47.144028,0.015013,0.984987,24.465330,-0.224926,0.143005,45.000000,47.416464,47.454328,47.508065,47.491148,0.314809,0.685191,0.037864,0.091601,0.074684,49.346009,49.600407,49.476730,49.521301,0.360380,0.639620,0.254398,0.130722,0.175292
13.360000,87.000000,49.456108,49.419117,50.112862,49.867670,0.353433,0.646567,-0.036991,0.656754,0.411562,44.000000,47.053217,69.775704,48.490605,48.815064,0.015327,0.984673,22.722487,1.437389,1.761848,45.000000,47.475531,47.592868,47.384952,47.450006,0.312886,0.687114,0.117337,-0.090579,-0.025525,49.456108,49.419117,50.112862,49.867670,0.353433,0.646567,-0.036991,0.656754,0.411562
13.380000,87.000000,49.566227,50.548930,50.073569,50.242305,0.354965,0.645035,0.982702,0.507342,0.676078,44.000000,47.104734,72.168783,47.782590,48.153962,0.015339,0.984661,25.064048,0.677856,1.049228,45.000000,47.533822,46.859681,47.328886,47.179322,0.318761,0.681239,-0.674141,-0.204936,-0.354500,49.566227,50.548930,50.073569,50.242305,0.354965,0.645035,0.982702,0.507342,0.676078
13.400000,87.000000,49.676368,49.915054,49.964288,49.947067,0.349780,0.650220,0.238686,0.287921,0.270699,44.000000,47.155580,71.264075,46.546446,46.921202,0.015274,0.984726,24.108495,-0.609134,-0.234378,45.000000,47.591340,48.039634,47.339962,47.561051,0.315990,0.684010,0.448295,-0.251378,-0.030289,49.676368,49.915054,49.964288,49.947067,0.349780,0.650220,0.238686,0.287921,0.270699
13.420000,87.000000,49.786529,50.855661,49.952719,50.273136,0.354859,0.645141,1.069133,0.166191,0.486607,44.000000,47.205756,70.165935,47.137007,47.483035,0.015123,0.984877,22.960179,-0.068749,0.277278,45.000000,47.648088,48.361207,47.339817,47.669517,0.322796,0.677204,0.713119,-0.308270,0.021429,49.786529,50.855661,49.952719,50.273136,0.354859,0.645141,1.069133,0.166191,0.486607
13.440000,87.000000,49.896710,49.381721,49.915581,49.725348,0.356335,0.643665,-0.514989,0.018871,-0.171362,44.000000,47.255267,71.879325,48.723628,49.077341,0.015375,0.984625,24.624059,1.468361,1.822074,45.000000,47.704070,47.360753,47.994042,47.785812,0.328807,0.671193,-0.343317,0.289972,0.081742,49.896710,49.381721,49.915581,49.725348,0.356335,0.643665,-0.514989,0.018871,-0.171362
13.460000,87.000000,50.006912,49.900729,50.193078,50.089286,0.355028,0.644972,-0.106183,0.186166,0.082374,44.000000,47.304115,70.265379,47.292173,47.641802,0.015317,0.984683,22.961264,-0.011942,0.337688,45.000000,47.759289,47.820833,48.280926,48.127638,0.333168,0.666832,0.061544,0.521637,0.368349,50.006912,49.900729,50.193078,50.089286,0.355028,0.644972,-0.106183,0.186166,0.082374
13.480000,87.000000,50.117134,51.105194,50.253867,50.568275,0.369316,0.630684,0.988060,0.136733,0.451142,44.000000,47.352303,70.869256,48.077191,48.424974,0.015355,0.984645,23.516953,0.724888,1.072671,45.000000,47.813749,47.570213,47.839147,47.748297,0.337817,0.662183,-0.243536,0.025398,-0.065452,50.117134,51.105194,50.253867,50.568275,0.369316,0.630684,0.988060,0.136733,0.451142
13.500000,87.000000,50.227376,49.604729,50.330244,50.066285,0.363823,0.636177,-0.622647,0.102868,-0.161091,44.000000,47.399835,71.046122,47.785981,48.140307,0.015334,0.984666,23.646287,0.386145,0.740472,45.000000,47.867453,48.359121,47.303884,47.657535,0.335140,0.664860,0.491669,-0.563569,-0.209918,50.227376,49.604729,50.330244,50.066285,0.363823,0.636177,-0.622647,0.102868,-0.161091
13.520000,87.000000,50.337638,49.715499,50.271031,50.075390,0.352169,0.647831,-0.622139,-0.066606,-0.262248,44.000000,47.446715,72.318256,47.722488,48.093774,0.015207,0.984793,24.871541,0.275773,0.647059,45.000000,47.920404,47.854019,47.439374,47.579663,0.338335,0.661665,-0.066385,-0.481030,-0.340741,50.337638,49.715499,50.271031,50.075390,0.352169,0.647831,-0.622139,-0.066606,-0.262248
13.540000,87.000000,50.447920,50.012669,50.535105,50.354889,0.344952,0.655048,-0.435250,0.087185,-0.093030,44.000000,47.492944,72.507244,47.152184,47.534367,0.015191,0.984809,25.014300,-0.340759,0.041423,45.000000,47.972606,48.205907,47.989770,48.063513,0.341186,0.658814,0.233300,0.017164,0.090907,50.447920,50.012669,50.535105,50.354889,0.344952,0.655048,-0.435250,0.087185,-0.093030
13.560000,87.000000,50.558221,50.633036,50.276518,50.402658,0.353811,0.646189,0.074815,-0.281703,-0.155563,44.000000,47.538526,71.385164,48.313319,48.660535,0.015147,0.984853,23.846637,0.774793,1.122009,45.000000,48.024062,47.703881,47.896032,47.831070,0.338076,0.661924,-0.320181,-0.128031,-0.192992,50.558221,50.633036,50.276518,50.402658,0.353811,0.646189,0.074815,-0.281703,-0.155563
13.580000,87.000000,50.668543,50.141225,50.447578,50.339145,0.353947,0.646053,-0.527317,-0.220965,-0.329397,44.000000,47.583465,72.248080,48.348973,48.707534,0.015108,0.984892,24.664615,0.765508,1.124069,45.000000,48.074776,47.679499,48.238634,48.050354,0.336734,0.663266,-0.395277,0.163858,-0.024422,50.668543,50.141225,50.447578,50.339145,0.353947,0.646053,-0.527317,-0.220965,-0.329397
13.600000,87.000000,50.778883,50.856380,50.821257,50.833759,0.355955,0.644045,0.077497,0.042374,0.054876,44.000000,47.627764,71.547010,47.255854,47.621800,0.015173,0.984827,23.919246,-0.371910,-0.005964,45.000000,48.124750,48.376108,48.050985,48.160592,0.337124,0.662876,0.251358,-0.073766,0.035841,50.778883,50.856380,50.821257,50.833759,0.355955,0.644045,0.077497,0.042374,0.054876
13.620000,87.000000,50.889244,51.258171,50.648243,50.870829,0.364938,0.635062,0.368927,-0.241000,-0.018415,44.000000,47.671425,72.201828,47.652225,48.013559,0.014827,0.985173,24.530403,-0.019200,0.342134,45.000000,48.173989,47.296225,48.007719,47.761906,0.345489,0.654511,-0.877764,-0.166270,-0.412083,50.889244,51.258171,50.648243,50.870829,0.364938,0.635062,0.368927,-0.241000,-0.018415
13.640000,87.000000,50.999623,50.439990,50.560022,50.516301,0.364247,0.635753,-0.559633,-0.439601,-0.483322,44.000000,47.714452,72.050151,47.742817,48.098737,0.014748,0.985252,24.335700,0.028366,0.384286,45.000000,48.222495,48.158761,48.432170,48.337045,0.347922,0.652078,-0.063734,0.209676,0.114551,50.999623,50.439990,50.560022,50.516301,0.364247,0.635753,-0.559633,-0.439601,-0.483322
13.660000,87.000000,51.110022,51.052665,51.098891,51.081635,0.373288,0.626712,-0.057357,-0.011131,-0.028386,44.000000,47.756847,71.964029,48.181144,48.527931,0.014682,0.985318,24.207182,0.424297,0.771084,45.000000,48.270271,48.314628,48.393707,48.366509,0.343934,0.656066,0.044356,0.123436,0.096238,51.110022,51.052665,51.098891,51.081635,0.373288,0.626712,-0.057357,-0.011131,-0.028386
13.680000,87.000000,51.220439,51.263070,50.946926,51.066167,0.377174,0.622826,0.042630,-0.273513,-0.154272,44.000000,47.798614,72.952712,47.107172,47.487054,0.014818,0.985182,25.154097,-0.691443,-0.311560,45.000000,48.317321,48.737967,48.245011,48.410441,0.335589,0.664411,0.420645,-0.072310,0.093120,51.220439,51.263070,50.946926,51.066167,0.377174,0.622826,0.042630,-0.273513,-0.154272
13.700000,87.000000,51.330876,51.315809,50.951436,51.091239,0.383681,0.616319,-0.015066,-0.379440,-0.239637,44.000000,47.839756,70.970221,48.462341,48.793130,0.014787,0.985213,23.130464,0.622585,0.953373,45.000000,48.363649,48.197216,48.888412,48.656396,0.335675,0.664325,-0.166433,0.524764,0.292747,51.330876,51.315809,50.951436,51.091239,0.383681,0.616319,-0.015066,-0.379440,-0.239637
13.720000,87.000000,51.441331,51.638765,51.489131,51.546371,0.382531,0.617469,0.197434,0.047800,0.105039,44.000000,47.880276,71.715195,48.181046,48.525675,0.014743,0.985257,23.834919,0.300770,0.645399,45.000000,48.409257,48.400284,48.134948,48.223913,0.335291,0.664709,-0.008973,-0.274308,-0.185344,51.441331,51.638765,51.489131,51.546371,0.382531,0.617469,0.197434,0.047800,0.105039
13.740000,87.000000,51.551805,51.659975,51.684625,51.675250,0.380341,0.619659,0.108169,0.132820,0.123444,44.000000,47.920177,71.455912,48.728014,49.059771,0.014689,0.985311,23.535735,0.807837,1.139594,45.000000,48.454148,49.147235,48.036787,48.401979,0.328870,0.671130,0.693087,-0.417361,-0.052168,51.551805,51.659975,51.684625,51.675250,0.380341,0.619659,0.108169,0.132820,0.123444
13.760000,87.000000,51.662298,51.362413,51.941807,51.725600,0.373162,0.626838,-0.299885,0.279509,0.063302,44.000000,47.959462,72.917293,47.350846,47.728206,0.014878,0.985122,24.957832,-0.608616,-0.231256,45.000000,48.498326,48.771769,48.822664,48.805480,0.337640,0.662360,0.273443,0.324339,0.307154,51.662298,51.362413,51.941807,51.725600,0.373162,0.626838,-0.299885,0.279509,0.063302
13.780000,87.000000,51.772809,52.262437,51.481119,51.770082,0.369840,0.630160,0.489628,-0.291690,-0.002727,44.000000,47.998133,72.976225,47.761887,48.135654,0.014939,0.985061,24.978092,-0.236246,0.137521,45.000000,48.541794,48.183881,48.404909,48.329476,0.341283,0.658717,-0.357913,-0.136885,-0.212318,51.772809,52.262437,51.481119,51.770082,0.369840,0.630160,0.489628,-0.291690,-0.002727
13.800000,87.000000,51.883339,50.768627,51.623833,51.302966,0.375193,0.624807,-1.114711,-0.259506,-0.580373,44.000000,48.036194,72.924176,49.478512,49.829098,0.015053,0.984947,24.887982,1.442318,1.792904,45.000000,48.584555,49.064924,48.470232,48.675201,0.344664,0.655336,0.480369,-0.114323,0.090646,51.883339,50.768627,51.623833,51.302966,0.375193,0.624807,-1.114711,-0.259506,-0.580373
13.820000,87.000000,51.993886,51.685281,52.119392,51.959171,0.369077,0.630923,-0.308606,0.125506,-0.034715,44.000000,48.073648,71.844157,48.804828,49.149466,0.015055,0.984945,23.770509,0.731181,1.075818,45.000000,48.626612,49.330204,48.960119,49.086517,0.341537,0.658463,0.703592,0.333507,0.459904,51.993886,51.685281,52.119392,51.959171,0.369077,0.630923,-0.308606,0.125506,-0.034715
13.840000,87.000000,52.104452,52.271620,52.733876,52.562366,0.371029,0.628971,0.167168,0.629424,0.457913,44.000000,48.110497,74.120209,48.365553,48.746102,0.014896,0.985104,26.009712,0.255056,0.635606,45.000000,48.667969,49.425418,48.830018,49.028833,0.333920,0.666080,0.757449,0.162049,0.360865,52.104452,52.271620,52.733876,52.562366,0.371029,0.628971,0.167168,0.629424,0.457913
13.860000,87.000000,52.215037,51.956429,52.529598,52.309417,0.384148,0.615852,-0.258607,0.314561,0.094380,44.000000,48.146744,72.943373,48.581562,48.939667,0.014806,0.985194,24.796628,0.434818,0.792923,45.000000,48.708628,49.259245,48.967197,49.064170,0.332044,0.667956,0.550617,0.258569,0.355542,52.215037,51.956429,52.529598,52.309417,0.384148,0.615852,-0.258607,0.314561,0.094380
13.880000,87.000000,52.325639,52.434480,52.266086,52.328927,0.373177,0.626823,0.108841,-0.059553,0.003288,44.000000,48.182393,72.297214,48.273997,48.623271,0.014641,0.985359,24.114820,0.091604,0.440878,45.000000,48.748593,48.872911,48.857925,48.862900,0.331990,0.668010,0.124319,0.109332,0.114308,52.325639,52.434480,52.266086,52.328927,0.373177,0.626823,0.108841,-0.059553,0.003288
13.900000,87.000000,52.436258,52.455900,52.488091,52.476134,0.371432,0.628568,0.019641,0.051832,0.039876,44.000000,48.217446,73.694523,48.000689,48.375842,0.014719,0.985281,25.477076,-0.216757,0.158396,45.000000,48.787866,48.304340,48.936981,48.725782,0.333838,0.666162,-0.483527,0.149115,-0.062085,52.436258,52.455900,52.488091,52.476134,0.371432,0.628568,0.019641,0.051832,0.039876
13.920000,87.000000,52.546896,52.440918,52.818077,52.676734,0.374758,0.625242,-0.105978,0.271181,0.129838,44.000000,48.251906,74.211282,49.218419,49.583262,0.014709,0.985291,25.959376,0.966512,1.331356,45.000000,48.826451,48.914215,47.761860,48.133462,0.322473,0.677527,0.087763,-1.064591,-0.692990,52.546896,52.440918,52.818077,52.676734,0.374758,0.625242,-0.105978,0.271181,0.129838
13.940000,87.000000,52.657551,52.378585,52.374778,52.376203,0.374358,0.625642,-0.278966,-0.282773,-0.281348,44.000000,48.285776,71.821498,48.068393,48.416849,0.014771,0.985229,23.535721,-0.217384,0.131073,45.000000,48.864351,48.888359,48.909823,48.902883,0.323349,0.676651,0.024008,0.045471,0.038531,52.657551,52.378585,52.374778,52.376203,0.374358,0.625642,-0.278966,-0.282773,-0.281348
13.960000,87.000000,52.768224,53.071628,53.119177,53.101398,0.373904,0.626096,0.303404,0.350952,0.333174,44.000000,48.319059,73.325773,47.999950,48.371427,0.014783,0.985217,25.006714,-0.319109,0.052369,45.000000,48.901569,48.625136,49.215820,49.021181,0.329514,0.670486,-0.276434,0.314251,0.119612,52.768224,53.071628,53.119177,53.101398,0.373904,0.626096,0.303404,0.350952,0.333174
13.980000,87.000000,52.878914,52.861599,53.430311,53.211931,0.383990,0.616010,-0.017315,0.551396,0.333017,44.000000,48.351757,73.331257,48.915682,49.273536,0.014763,0.985237,24.979500,0.563926,0.921779,45.000000,48.938108,49.490027,48.601373,48.889926,0.324708,0.675292,0.551919,-0.336735,-0.048183,52.878914,52.861599,53.430311,53.211931,0.383990,0.616010,-0.017315,0.551396,0.333017
14.000000,87.000000,52.989622,53.122514,52.610917,52.807657,0.384560,0.615440,0.132892,-0.378705,-0.181965,44.000000,48.383873,74.728435,48.516625,48.898264,0.014682,0.985318,26.344562,0.132752,0.514391,45.000000,48.973971,49.460936,48.672983,48.925773,0.320819,0.679181,0.486965,-0.300988,-0.048198,52.989622,53.122514,52.610917,52.807657,0.384560,0.615440,0.132892,-0.378705,-0.181965
14.020000,87.000000,53.100347,53.186881,52.971134,53.054056,0.384349,0.615651,0.086534,-0.129213,-0.046291,44.000000,48.415410,74.278189,48.156576,48.537428,0.014701,0.985299,25.862779,-0.258834,0.122018,45.000000,49.009161,49.060721,48.504621,48.679734,0.314895,0.685105,0.051560,-0.504540,-0.329427,53.100347,53.186881,52.971134,53.054056,0.384349,0.615651,0.086534,-0.129213,-0.046291
14.040000,87.000000,53.211089,53.105268,53.573196,53.392767,0.385592,0.614408,-0.105821,0.362108,0.181678,44.000000,48.446371,72.693092,47.439521,47.810937,0.014822,0.985178,24.246721,-1.006850,-0.635435,45.000000,49.043681,49.474027,49.744147,49.657285,0.321568,0.678432,0.430346,0.700466,0.613604,53.211089,53.105268,53.573196,53.392767,0.385592,0.614408,-0.105821,0.362108,0.181678
14.060000,87.000000,53.321848,53.594007,53.746505,53.688088,0.383063,0.616937,0.272159,0.424657,0.366240,44.000000,48.476759,72.819580,48.634635,48.989312,0.014770,0.985230,24.342821,0.157877,0.512553,45.000000,49.077533,49.481003,49.232474,49.312754,0.323021,0.676979,0.403470,0.154940,0.235220,53.321848,53.594007,53.746505,53.688088,0.383063,0.616937,0.272159,0.424657,0.366240
14.080000,87.000000,53.432624,53.505047,53.414700,53.449058,0.380291,0.619709,0.072423,-0.017925,0.016434,44.000000,48.506575,73.089235,48.343117,48.704338,0.014706,0.985294,24.582659,-0.163458,0.197763,45.000000,49.110722,49.506986,48.607446,48.899710,0.324905,0.675095,0.396264,-0.503276,-0.211012,53.432624,53.505047,53.414700,53.449058,0.380291,0.619709,0.072423,-0.017925,0.016434
14.100000,87.000000,53.543417,54.398422,53.332487,53.739580,0.381913,0.618087,0.855005,-0.210930,0.196163,44.000000,48.535824,73.876685,48.107153,48.481195,0.014633,0.985367,25.340861,-0.428671,-0.054629,45.000000,49.143249,48.383812,49.493447,49.127332,0.329943,0.670057,-0.759437,0.350198,-0.015917,53.543417,54.398422,53.332487,53.739580,0.381913,0.618087,0.855005,-0.210930,0.196163
14.120000,87.000000,53.654227,53.609261,53.442083,53.506161,0.383292,0.616708,-0.044966,-0.212143,-0.148065,44.000000,48.564507,73.265007,47.767615,48.140050,0.014723,0.985277,24.700501,-0.796892,-0.424457,45.000000,49.175119,49.292753,49.258307,49.269498,0.324883,0.675117,0.117634,0.083188,0.094379,53.654227,53.609261,53.442083,53.506161,0.383292,0.616708,-0.044966,-0.212143,-0.148065
14.140000,87.000000,53.765053,53.930055,53.228938,53.489989,0.372336,0.627664,0.165002,-0.536115,-0.275064,44.000000,48.592627,73.594591,48.025030,48.399813,0.014774,0.985226,25.001964,-0.567597,-0.192814,45.000000,49.206333,48.859603,49.138050,49.048075,0.323130,0.676870,-0.346730,-0.068283,-0.158258,53.765053,53.930055,53.228938,53.489989,0.372336,0.627664,0.165002,-0.536115,-0.275064
14.160000,87.000000,53.875896,53.462333,54.225073,53.935981,0.379017,0.620983,-0.413563,0.349177,0.060085,44.000000,48.620188,72.983999,47.838901,48.209571,0.014855,0.985145,24.363811,-0.781287,-0.410616,45.000000,49.236894,48.925760,48.791694,48.836438,0.333750,0.666250,-0.311135,-0.445200,-0.400456,53.875896,53.462333,54.225073,53.935981,0.379017,0.620983,-0.413563,0.349177,0.060085
14.180000,87.000000,53.986755,54.805377,54.526243,54.631411,0.376766,0.623234,0.818622,0.539488,0.644656,44.000000,48.647190,75.493864,47.557412,47.960403,0.014563,0.985437,26.846674,-1.089779,-0.686788,45.000000,49.266806,49.743325,49.171532,49.356567,0.323604,0.676396,0.476518,-0.095274,0.089760,53.986755,54.805377,54.526243,54.631411,0.376766,0.623234,0.818622,0.539488,0.644656
14.200000,87.000000,54.097631,54.190613,54.664727,54.483538,0.382164,0.617836,0.092982,0.567095,0.385906,44.000000,48.673638,74.498223,48.413281,48.788609,0.014508,0.985492,25.824584,-0.260357,0.114970,45.000000,49.296072,49.630304,49.441091,49.504075,0.332874,0.667126,0.334232,0.145019,0.208003,54.097631,54.190613,54.664727,54.483538,0.382164,0.617836,0.092982,0.567095,0.385906
14.220000,87.000000,54.208524,53.956254,53.914951,53.930522,0.376988,0.623012,-0.252269,-0.293572,-0.278002,44.000000,48.699534,75.005198,48.657643,49.028058,0.014178,0.985822,26.305664,-0.041891,0.328523,45.000000,49.324694,49.126357,49.625256,49.457481,0.336291,0.663709,-0.198336,0.300562,0.132787,54.208524,53.956254,53.914951,53.930522,0.376988,0.623012,-0.252269,-0.293572,-0.278002
14.240000,87.000000,54.319432,54.505588,54.047556,54.219645,0.375715,0.624285,0.186156,-0.271876,-0.099787,44.000000,48.724881,74.723342,48.232336,48.596897,0.013880,0.986120,25.998461,-0.492544,-0.127984,45.000000,49.352675,48.768583,48.981756,48.909173,0.340487,0.659513,-0.584092,-0.370919,-0.443502,54.319432,54.505588,54.047556,54.219645,0.375715,0.624285,0.186156,-0.271876,-0.099787
14.260000,87.000000,54.430356,54.693013,54.106243,54.328124,0.378139,0.621861,0.262657,-0.324113,-0.102233,44.000000,48.749680,74.588317,48.441435,48.799992,0.013828,0.986172,25.838637,-0.308245,0.050312,45.000000,49.380018,48.330703,48.907557,48.704809,0.351471,0.648529,-1.049315,-0.472461,-0.675208,54.430356,54.693013,54.106243,54.328124,0.378139,0.621861,0.262657,-0.324113,-0.102233
14.280000,87.000000,54.541297,55.617371,54.867262,55.153329,0.381369,0.618631,1.076074,0.325965,0.612032,44.000000,48.773934,74.770119,49.179492,49.531369,0.013860,0.986140,25.996185,0.405558,0.757435,45.000000,49.406726,50.129477,48.900531,49.317279,0.339111,0.660889,0.722751,-0.506194,-0.089447,54.541297,55.617371,54.867262,55.153329,0.381369,0.618631,1.076074,0.325965,0.612032
14.300000,87.000000,54.652254,55.198512,54.915990,55.023985,0.382253,0.617747,0.546258,0.263737,0.371731,44.000000,48.797647,75.237191,48.955928,49.313797,0.013732,0.986268,26.439544,0.158281,0.516150,45.000000,49.432801,49.507230,49.465839,49.479711,0.335155,0.664845,0.074429,0.033038,0.046910,54.652254,55.198512,54.915990,55.023985,0.382253,0.617747,0.546258,0.263737,0.371731
14.320000,87.000000,54.763226,55.441599,54.473630,54.831577,0.369792,0.630208,0.678373,-0.289596,0.068351,44.000000,48.820821,76.068310,49.451944,49.815750,0.013787,0.986213,27.247489,0.631123,0.994930,45.000000,49.458247,49.482317,49.303553,49.364345,0.340071,0.659929,0.024070,-0.154694,-0.093902,54.763226,55.441599,54.473630,54.831577,0.369792,0.630208,0.678373,-0.289596,0.068351
14.340000,87.000000,54.874214,55.559111,54.868579,55.120395,0.364670,0.635330,0.684897,-0.005635,0.246181,44.000000,48.843457,74.447640,48.188337,48.544847,0.013691,0.986309,25.604183,-0.655120,-0.298610,45.000000,49.483066,49.890352,49.571218,49.678867,0.337317,0.662683,0.407286,0.088151,0.195801,54.874214,55.559111,54.868579,55.120395,0.364670,0.635330,0.684897,-0.005635,0.246181
14.360000,87.000000,54.985218,54.991955,55.244927,55.153884,0.359896,0.640104,0.006737,0.259709,0.168665,44.000000,48.865559,73.772827,49.076199,49.408887,0.013572,0.986428,24.907268,0.210639,0.543327,45.000000,49.507261,49.370510,49.331122,49.344451,0.338401,0.661599,-0.136751,-0.176140,-0.162811,54.985218,54.991955,55.244927,55.153884,0.359896,0.640104,0.006737,0.259709,0.168665
14.380000,87.000000,55.096238,55.118452,55.296143,55.230956,0.366855,0.633145,0.022214,0.199905,0.134718,44.000000,48.887130,74.469502,49.726620,50.063309,0.013709,0.986291,25.582372,0.839490,1.176179,45.000000,49.530835,49.296432,49.139900,49.192342,0.335022,0.664978,-0.234403,-0.390936,-0.338494,55.096238,55.118452,55.296143,55.230956,0.366855,0.633145,0.022214,0.199905,0.134718
14.400000,87.000000,55.207273,55.630629,55.460451,55.522564,0.364987,0.635013,0.423356,0.253178,0.315291,44.000000,48.908171,74.388542,49.043406,49.383596,0.013528,0.986472,25.480371,0.135235,0.475425,45.000000,49.553791,49.968836,49.478871,49.643507,0.336015,0.663985,0.415045,-0.074920,0.089716,55.207273,55.630629,55.460451,55.522564,0.364987,0.635013,0.423356,0.253178,0.315291
14.420000,87.000000,55.318323,55.802158,54.824783,55.184615,0.368163,0.631837,0.483834,-0.493541,-0.133709,44.000000,48.928685,74.075577,48.472499,48.814454,0.013463,0.986537,25.146892,-0.456186,-0.114231,45.000000,49.576131,49.255123,49.179958,49.205716,0.342687,0.657313,-0.321008,-0.396173,-0.370415,55.318323,55.802158,54.824783,55.184615,0.368163,0.631837,0.483834,-0.493541,-0.133709
14.440000,87.000000,55.429389,54.930315,55.926664,55.556418,0.371604,0.628396,-0.499074,0.497275,0.127028,44.000000,48.948675,74.375034,48.752811,49.090622,0.013290,0.986710,25.426359,-0.195863,0.141947,45.000000,49.597858,48.580324,49.971859,49.488455,0.347390,0.652610,-1.017534,0.374001,-0.109402,55.429389,54.930315,55.926664,55.556418,0.371604,0.628396,-0.499074,0.497275,0.127028
14.460000,87.000000,55.540471,55.931986,55.685252,55.775716,0.366648,0.633352,0.391515,0.144781,0.235246,44.000000,48.968142,73.802066,48.557346,48.889140,0.013246,0.986754,24.833924,-0.410797,-0.079002,45.000000,49.618975,49.536616,49.258009,49.353234,0.341788,0.658212,-0.082359,-0.360965,-0.265741,55.540471,55.931986,55.685252,55.775716,0.366648,0.633352,0.391515,0.144781,0.235246
14.480000,87.000000,55.651567,55.580295,55.357275,55.440915,0.375032,0.624968,-0.071272,-0.294292,-0.210652,44.000000,48.987091,74.586652,49.513164,49.843419,0.013273,0.986727,25.599562,0.526074,0.856328,45.000000,49.639484,50.149710,50.385683,50.304726,0.343079,0.656921,0.510227,0.746200,0.665242,55.651567,55.580295,55.357275,55.440915,0.375032,0.624968,-0.071272,-0.294292,-0.210652
14.500000,87.000000,55.762679,55.156258,55.331206,55.266575,0.369435,0.630565,-0.606420,-0.431472,-0.496104,44.000000,49.005521,74.791772,48.309215,48.658238,0.013293,0.986707,25.786251,-0.696306,-0.347283,45.000000,49.659388,49.712950,49.955426,49.870067,0.352031,0.647969,0.053562,0.296038,0.210679,55.762679,55.156258,55.331206,55.266575,0.369435,0.630565,-0.606420,-0.431472,-0.496104
14.520000,87.000000,55.873805,55.530900,55.929835,55.783122,0.367762,0.632238,-0.342905,0.056030,-0.090684,44.000000,49.023438,74.994444,49.131026,49.471885,0.013287,0.986713,25.971006,0.107589,0.448448,45.000000,49.678690,50.428170,49.872093,50.066407,0.349436,0.650564,0.749479,0.193403,0.387716,55.873805,55.530900,55.929835,55.783122,0.367762,0.632238,-0.342905,0.056030,-0.090684
14.540000,87.000000,55.984947,55.035603,56.040500,55.668801,0.369888,0.630112,-0.949343,0.055553,-0.316145,44.000000,49.040841,74.831768,48.806583,49.147465,0.013207,0.986793,25.790927,-0.234258,0.106623,45.000000,49.697393,50.421280,49.491864,49.811293,0.343689,0.656311,0.723887,-0.205529,0.113901,55.984947,55.035603,56.040500,55.668801,0.369888,0.630112,-0.949343,0.055553,-0.316145
14.560000,87.000000,56.096103,55.364514,56.012426,55.767749,0.377640,0.622360,-0.731589,-0.083677,-0.328355,44.000000,49.057735,74.987601,48.593923,48.938395,0.013163,0.986837,25.929866,-0.463812,-0.119340,45.000000,49.715499,49.482270,49.491815,49.488546,0.342462,0.657538,-0.233229,-0.223683,-0.226952,56.096103,55.364514,56.012426,55.767749,0.377640,0.622360,-0.731589,-0.083677,-0.328355
14.580000,87.000000,56.207275,57.513636,56.106322,56.613456,0.360358,0.639642,1.306361,-0.100953,0.406181,44.000000,49.074121,75.045906,48.843351,49.183986,0.013110,0.986890,25.971785,-0.230770,0.109865,45.000000,49.733010,49.682815,49.477189,49.546608,0.337598,0.662402,-0.050195,-0.255821,-0.186402,56.207275,57.513636,56.106322,56.613456,0.360358,0.639642,1.306361,-0.100953,0.406181
14.600000,87.000000,56.318461,56.982431,56.151349,56.445137,0.353502,0.646498,0.663970,-0.167112,0.126676,44.000000,49.090002,75.472814,49.419498,49.756896,0.013058,0.986942,26.382813,0.329496,0.666894,45.000000,49.749930,50.327607,49.260952,49.615756,0.332634,0.667366,0.577677,-0.488978,-0.134174,56.318461,56.982431,56.151349,56.445137,0.353502,0.646498,0.663970,-0.167112,0.126676
14.620000,87.000000,56.429661,56.208985,56.601582,56.459565,0.361736,0.638264,-0.220676,0.171920,0.029904,44.000000,49.105379,75.524511,50.005764,50.339474,0.013181,0.986819,26.419132,0.900385,1.234094,45.000000,49.766261,49.965918,49.597791,49.718066,0.326720,0.673280,0.199657,-0.168470,-0.048195,56.429661,56.208985,56.601582,56.459565,0.361736,0.638264,-0.220676,0.171920,0.029904
14.640000,87.000000,56.540877,56.412362,56.833471,56.680099,0.364211,0.635789,-0.128515,0.292595,0.139222,44.000000,49.120256,75.401816,49.277525,49.618507,0.013162,0.986838,26.281560,0.157269,0.498251,45.000000,49.782006,49.193184,49.614501,49.476608,0.327289,0.672711,-0.588822,-0.167505,-0.305398,56.540877,56.412362,56.833471,56.680099,0.364211,0.635789,-0.128515,0.292595,0.139222
14.660000,87.000000,56.652107,56.814172,56.892853,56.864164,0.364624,0.635376,0.162066,0.240747,0.212058,44.000000,49.134635,74.978252,49.932532,50.261497,0.013236,0.986764,25.843617,0.797898,1.126862,45.000000,49.797167,49.725395,49.942842,49.871435,0.328388,0.671612,-0.071772,0.145675,0.074268,56.652107,56.814172,56.892853,56.864164,0.364624,0.635376,0.162066,0.240747,0.212058
14.680000,87.000000,56.763351,56.405738,56.542832,56.492379,0.368022,0.631978,-0.357612,-0.220518,-0.270972,44.000000,49.148517,74.965242,48.508988,48.854408,0.013168,0.986832,25.816725,-0.639529,-0.294110,45.000000,49.811747,49.385354,49.520215,49.475367,0.332549,0.667451,-0.426393,-0.291531,-0.336379,56.763351,56.405738,56.542832,56.492379,0.368022,0.631978,-0.357612,-0.220518,-0.270972
14.700000,87.000000,56.874609,57.247131,57.399723,57.342853,0.372691,0.627309,0.372522,0.525113,0.468244,44.000000,49.161906,75.352791,48.993147,49.335925,0.013115,0.986885,26.190885,-0.168758,0.174019,45.000000,49.825748,49.409930,50.048451,49.836501,0.331938,0.668062,-0.415818,0.222703,0.010754,56.874609,57.247131,57.399723,57.342853,0.372691,0.627309,0.372522,0.525113,0.468244
14.720000,87.000000,56.985882,56.176718,57.077776,56.734540,0.380927,0.619073,-0.809164,0.091894,-0.251343,44.000000,49.174803,75.268856,48.788450,49.132513,0.013105,0.986895,26.094053,-0.386353,-0.042290,45.000000,49.839173,48.891960,50.012835,49.630965,0.340690,0.659310,-0.947213,0.173662,-0.208208,56.985882,56.176718,57.077776,56.734540,0.380927,0.619073,-0.809164,0.091894,-0.251343
14.740000,87.000000,57.097170,57.829155,57.274744,57.482571,0.374860,0.625140,0.731985,0.177575,0.385401,44.000000,49.187211,75.561792,49.132934,49.473865,0.013011,0.986989,26.374582,-0.054277,0.286654,45.000000,49.852025,49.683761,49.592545,49.624288,0.348003,0.651997,-0.168264,-0.259480,-0.227737,57.097170,57.829155,57.274744,57.482571,0.374860,0.625140,0.731985,0.177575,0.385401
14.760000,87.000000,57.208471,56.940982,57.182855,57.092968,0.371630,0.628370,-0.267489,-0.025616,-0.115503,44.000000,49.199131,76.383395,49.981356,50.321789,0.013005,0.986995,27.184263,0.782224,1.122658,45.000000,49.864306,49.752147,49.861283,49.823265,0.348346,0.651654,-0.112159,-0.003023,-0.041040,57.208471,56.940982,57.182855,57.092968,0.371630,0.628370,-0.267489,-0.025616,-0.115503
14.780000,87.000000,57.319786,57.328690,57.541157,57.460272,0.380697,0.619303,0.008904,0.221371,0.140485,44.000000,49.210567,75.610160,48.654383,49.002024,0.013012,0.986988,26.399593,-0.556184,-0.208543,45.000000,49.876018,50.010042,49.791172,49.866818,0.345620,0.654380,0.134024,-0.084846,-0.009200,57.319786,57.328690,57.541157,57.460272,0.380697,0.619303,0.008904,0.221371,0.140485
14.800000,87.000000,57.431116,56.976395,57.589975,57.356525,0.380472,0.619528,-0.454721,0.158859,-0.074591,44.000000,49.221520,75.697148,49.130946,49.466095,0.012725,0.987275,26.475628,-0.090574,0.244575,45.000000,49.887164,51.225074,49.491784,50.072091,0.334804,0.665196,1.337910,-0.395381,0.184926,57.431116,56.976395,57.589975,57.356525,0.380472,0.619528,-0.454721,0.158859,-0.074591
14.820000,87.000000,57.542459,56.760493,57.163883,57.010570,0.380061,0.619939,-0.781966,-0.378577,-0.531889,44.000000,49.231992,76.692457,49.551185,49.890698,0.012622,0.987378,27.460464,0.319193,0.658705,45.000000,49.897747,49.723514,50.125221,49.988402,0.340594,0.659406,-0.174233,0.227474,0.090655,57.542459,56.760493,57.163883,57.010570,0.380061,0.619939,-0.781966,-0.378577,-0.531889
14.840000,87.000000,57.653817,58.120507,57.377636,57.650964,0.367935,0.632065,0.466691,-0.276181,-0.002853,44.000000,49.241987,76.290738,48.236532,48.591206,0.012765,0.987235,27.048751,-1.005455,-0.650781,45.000000,49.907769,49.937564,50.300937,50.174267,0.348594,0.651406,0.029795,0.393167,0.266498,57.653817,58.120507,57.377636,57.650964,0.367935,0.632065,0.466691,-0.276181,-0.002853
14.860000,87.000000,57.765188,57.514537,58.239042,57.970950,0.370034,0.629966,-0.250651,0.473854,0.205763,44.000000,49.251505,75.536562,48.714173,49.053415,0.012760,0.987240,26.285057,-0.537332,-0.198090,45.000000,49.917233,49.698872,50.009792,49.899958,0.353255,0.646745,-0.218361,0.092559,-0.017275,57.765188,57.514537,58.239042,57.970950,0.370034,0.629966,-0.250651,0.473854,0.205763
14.880000,87.000000,57.876573,59.040009,57.637693,58.138463,0.357104,0.642896,1.163436,-0.238880,0.261891,44.000000,49.260549,75.681938,49.064998,49.401203,0.012741,0.987259,26.421388,-0.195551,0.140654,45.000000,49.926141,49.343137,50.620075,50.155202,0.364054,0.635946,-0.583004,0.693934,0.229061,57.876573,59.040009,57.637693,58.138463,0.357104,0.642896,1.163436,-0.238880,0.261891
14.900000,87.000000,57.987971,58.560210,58.095709,58.259488,0.352593,0.647407,0.572239,0.107737,0.271517,44.000000,49.269122,74.894389,49.925576,50.242627,0.012795,0.987205,25.625267,0.656455,0.973505,45.000000,49.934495,50.247282,50.023115,50.103253,0.357490,0.642510,0.312787,0.088620,0.168758,57.987971,58.560210,58.095709,58.259488,0.352593,0.647407,0.572239,0.107737,0.271517
14.920000,87.000000,58.099383,58.651786,58.321234,58.435815,0.346636,0.653364,0.552403,0.221850,0.336432,44.000000,49.277224,75.148289,50.126146,50.441299,0.012692,0.987308,25.871065,0.848922,1.164075,45.000000,49.942298,50.288508,50.204558,50.235045,0.363157,0.636843,0.346210,0.262259,0.292747,58.099383,58.651786,58.321234,58.435815,0.346636,0.653364,0.552403,0.221850,0.336432
14.940000,87.000000,58.210809,57.456999,58.640718,58.219692,0.355682,0.644318,-0.753810,0.429909,0.008883,44.000000,49.284859,76.059588,49.761612,50.092307,0.012682,0.987318,26.774729,0.476752,0.807448,45.000000,49.949553,50.178006,49.525299,49.759319,0.358538,0.641462,0.228453,-0.424254,-0.190234,58.210809,57.456999,58.640718,58.219692,0.355682,0.644318,-0.753810,0.429909,0.008883
14.960000,87.000000,58.322248,58.168843,58.281295,58.241268,0.355942,0.644058,-0.153405,-0.040953,-0.080980,44.000000,49.292029,74.762513,50.348198,50.657801,0.012774,0.987226,25.470484,1.056169,1.365772,45.000000,49.956261,50.126329,49.992379,50.039625,0.352713,0.647287,0.170068,0.036118,0.083364,58.322248,58.168843,58.281295,58.241268,0.355942,0.644058,-0.153405,-0.040953,-0.080980
14.980000,87.000000,58.433701,58.246621,58.137288,58.175558,0.350029,0.649971,-0.187079,-0.296412,-0.258143,44.000000,49.298735,75.831750,49.560338,49.890080,0.012658,0.987342,26.533015,0.261603,0.591345,45.000000,49.962425,49.873295,49.890144,49.884076,0.360180,0.639820,-0.089130,-0.072281,-0.078350,58.433701,58.246621,58.137288,58.175558,0.350029,0.649971,-0.187079,-0.296412,-0.258143
15.000000,87.000000,58.545167,59.468506,58.696977,58.964016,0.346117,0.653883,0.923340,0.151810,0.418849,44.000000,49.304980,76.116535,49.388952,49.723861,0.012640,0.987360,26.811555,0.083972,0.418880,45.000000,49.968048,49.515209,49.989770,49.813934,0.370524,0.629476,-0.452839,0.021722,-0.154114,58.545167,59.468506,58.696977,58.964016,0.346117,0.653883,0.923340,0.151810,0.418849
15.020000,87.000000,58.656646,58.632769,58.763277,58.717755,0.348808,0.651192,-0.023877,0.106631,0.061109,44.000000,49.310766,76.048595,49.515352,49.847923,0.012643,0.987357,26.737829,0.204586,0.537157,45.000000,49.973132,50.399580,50.598498,50.523514,0.376957,0.623043,0.426448,0.625366,0.550382,58.656646,58.632769,58.763277,58.717755,0.348808,0.651192,-0.023877,0.106631,0.061109
15.040000,87.000000,58.768138,59.341976,58.535255,58.808353,0.338529,0.661471,0.573838,-0.232883,0.040215,44.000000,49.316095,75.809242,50.338615,50.657480,0.012619,0.987381,26.493147,1.022520,1.341385,45.000000,49.977680,49.236061,49.624344,49.478213,0.376351,0.623649,-0.741619,-0.353335,-0.499466,58.768138,59.341976,58.535255,58.808353,0.338529,0.661471,0.573838,-0.232883,0.040215
15.060000,87.000000,58.879644,58.596568,58.928890,58.816146,0.339260,0.660740,-0.283076,0.049246,-0.063498,44.000000,49.320968,76.147175,50.024380,50.350254,0.012579,0.987421,26.826207,0.703411,1.029286,45.000000,49.981693,49.953070,50.199956,50.105885,0.381029,0.618971,-0.028623,0.218264,0.124193,58.879644,58.596568,58.928890,58.816146,0.339260,0.660740,-0.283076,0.049246,-0.063498
15.080000,87.000000,58.991163,59.081326,58.609689,58.768603,0.336941,0.663059,0.090163,-0.381473,-0.222560,44.000000,49.325389,76.083984,49.115311,49.452963,0.012632,0.987368,26.758595,-0.210078,0.127574,45.000000,49.985174,49.784749,50.596735,50.299796,0.365695,0.634305,-0.200425,0.611561,0.314622,58.991163,59.081326,58.609689,58.768603,0.336941,0.663059,0.090163,-0.381473,-0.222560
15.100000,87.000000,59.102695,60.168141,58.582008,59.109972,0.332865,0.667135,1.065446,-0.520687,0.007278,44.000000,49.329358,77.722502,49.903565,50.250957,0.012606,0.987394,28.393143,0.574206,0.921598,45.000000,49.988125,49.726926,49.975628,49.882565,0.374197,0.625803,-0.261200,-0.012497,-0.105561,59.102695,60.168141,58.582008,59.109972,0.332865,0.667135,1.065446,-0.520687,0.007278
15.120000,87.000000,59.214239,59.194976,59.276684,59.249352,0.334513,0.665487,-0.019264,0.062445,0.035112,44.000000,49.332879,77.479909,49.219045,49.571410,0.012591,0.987409,28.147031,-0.113833,0.238531,45.000000,49.990550,49.149005,50.057996,49.726672,0.364497,0.635503,-0.841545,0.067446,-0.263878,59.214239,59.194976,59.276684,59.249352,0.334513,0.665487,-0.019264,0.062445,0.035112
15.140000,87.000000,59.325797,59.088715,59.405278,59.297374,0.340862,0.659138,-0.237082,0.079481,-0.028423,44.000000,49.335952,76.869375,51.206569,51.533251,0.012833,0.987167,27.533423,1.870617,2.197299,45.000000,49.992449,49.984186,50.023289,50.008931,0.367188,0.632812,-0.008264,0.030840,0.016481,59.325797,59.088715,59.405278,59.297374,0.340862,0.659138,-0.237082,0.079481,-0.028423
15.160000,87.000000,59.437368,59.570189,59.302991,59.392108,0.333525,0.666475,0.132822,-0.134377,-0.045259,44.000000,49.338580,73.881711,49.737795,50.044450,0.012792,0.987208,24.543130,0.399215,0.705870,45.000000,49.993826,50.027057,50.082112,50.061987,0.365543,0.634457,0.033231,0.088286,0.068161,59.437368,59.570189,59.302991,59.392108,0.333525,0.666475,0.132822,-0.134377,-0.045259
15.180000,87.000000,59.548951,59.800194,58.956092,59.234809,0.330194,0.669806,0.251243,-0.592859,-0.314142,44.000000,49.340766,75.840704,46.533412,46.944579,0.014177,0.985823,26.499938,-2.807354,-2.396186,45.000000,49.994683,49.653536,49.766511,49.725803,0.360332,0.639668,-0.341146,-0.228172,-0.268880,59.548951,59.800194,58.956092,59.234809,0.330194,0.669806,0.251243,-0.592859,-0.314142
15.200000,87.000000,59.660547,60.488811,59.955993,60.127564,0.322006,0.677994,0.828264,0.295446,0.467017,44.000000,49.342510,77.146626,53.992749,54.377547,0.016727,0.983273,27.804116,4.650239,5.035037,45.000000,49.995021,50.013980,50.114653,50.078619,0.357933,0.642067,0.018959,0.119632,0.083597,59.660547,60.488811,59.955993,60.127564,0.322006,0.677994,0.828264,0.295446,0.467017
15.220000,87.000000,59.772156,60.129091,59.538086,59.726143,0.318199,0.681801,0.356935,-0.234070,-0.046013,44.000000,49.343815,76.368302,50.338594,50.770901,0.016745,0.983255,27.024488,0.994780,1.427086,45.000000,49.994844,50.128144,49.891779,49.977899,0.364354,0.635646,0.133300,-0.103065,-0.016945,59.772156,60.129091,59.538086,59.726143,0.318199,0.681801,0.356935,-0.234070,-0.046013
15.240000,87.000000,59.883778,59.988948,60.352955,60.234923,0.324258,0.675742,0.105171,0.469178,0.351145,44.000000,49.344682,75.863025,43.827506,44.517560,0.021805,0.978195,26.518343,-5.517176,-4.827122,45.000000,49.994169,49.551158,50.329472,50.049435,0.359799,0.640201,-0.443010,0.335303,0.055267,59.883778,59.988948,60.352955,60.234923,0.324258,0.675742,0.105171,0.469178,0.351145
15.260000,87.000000,59.995412,59.768999,60.324160,60.139769,0.332141,0.667859,-0.226413,0.328749,0.144357,44.000000,49.345115,77.316879,44.717488,45.514371,0.024753,0.975247,27.971764,-4.627627,-3.830744,45.000000,49.993014,50.132003,49.841685,49.949070,0.369887,0.630113,0.138990,-0.151328,-0.043944,59.995412,59.768999,60.324160,60.139769,0.332141,0.667859,-0.226413,0.328749,0.144357
15.280000,87.000000,60.107058,59.633022,60.470575,60.181446,0.345207,0.654793,-0.474036,0.363516,0.074388,44.000000,49.345114,76.609286,52.145401,52.774771,0.025908,0.974092,27.264172,2.800288,3.429657,45.000000,49.991382,49.955315,50.092656,50.043524,0.357739,0.642261,-0.036067,0.101274,0.052142,60.107058,59.633022,60.470575,60.181446,0.345207,0.654793,-0.474036,0.363516,0.074388
15.300000,87.000000,60.218717,60.276265,59.780798,59.951391,0.344309,0.655691,0.057547,-0.437919,-0.267326,44.000000,49.344697,76.468569,45.200373,46.070207,0.028138,0.971862,27.123872,-4.144324,-3.274490,45.000000,49.989275,49.927136,49.259769,49.503813,0.365681,0.634319,-0.062139,-0.729506,-0.485463,60.218717,60.276265,59.780798,59.951391,0.344309,0.655691,0.057547,-0.437919,-0.267326
15.320000,87.000000,60.330389,60.314716,60.292045,60.300029,0.352143,0.647857,-0.015672,-0.038344,-0.030360,44.000000,49.343883,76.201645,42.800656,43.892276,0.033104,0.966896,26.857762,-6.543228,-5.451607,45.000000,49.986695,48.827998,50.257908,49.757006,0.350305,0.649695,-1.158697,0.271212,-0.229689,60.330389,60.314716,60.292045,60.300029,0.352143,0.647857,-0.015672,-0.038344,-0.030360
15.340000,87.000000,60.442073,60.866811,60.163426,60.411652,0.352902,0.647098,0.424739,-0.278647,-0.030421,44.000000,49.342673,77.235659,47.798162,48.756747,0.032890,0.967110,27.892985,-1.544512,-0.585926,45.000000,49.983645,50.537213,49.740224,50.022435,0.354098,0.645902,0.553568,-0.243421,0.038791,60.442073,60.866811,60.163426,60.411652,0.352902,0.647098,0.424739,-0.278647,-0.030421
15.360000,87.000000,60.553769,60.465465,60.024763,60.178007,0.347729,0.652271,-0.088304,-0.529006,-0.375761,44.000000,49.341069,76.963567,46.441703,47.445618,0.033246,0.966754,27.622498,-2.899367,-1.895452,45.000000,49.980125,49.507609,50.259420,49.998148,0.347524,0.652476,-0.472516,0.279295,0.018023,60.553769,60.465465,60.024763,60.178007,0.347729,0.652271,-0.088304,-0.529006,-0.375761
15.380000,87.000000,60.665477,60.444651,60.381425,60.403280,0.345667,0.654333,-0.220826,-0.284052,-0.262197,44.000000,49.339073,76.237922,48.195447,49.117081,0.033164,0.966836,26.898849,-1.143626,-0.221991,45.000000,49.976139,50.111983,49.942375,50.001271,0.347246,0.652754,0.135844,-0.033763,0.025132,60.665477,60.444651,60.381425,60.403280,0.345667,0.654333,-0.220826,-0.284052,-0.262197
15.400000,87.000000,60.777198,60.349478,60.703189,60.579552,0.349543,0.650457,-0.427720,-0.074009,-0.197646,44.000000,49.336685,77.986315,54.130457,55.020142,0.037535,0.962465,28.649629,4.793771,5.683457,45.000000,49.971688,50.820565,50.108193,50.355964,0.347812,0.652188,0.848877,0.136505,0.384277,60.777198,60.349478,60.703189,60.579552,0.349543,0.650457,-0.427720,-0.074009,-0.197646
15.420000,87.000000,60.888930,60.788814,60.748689,60.763000,0.356661,0.643339,-0.100117,-0.140242,-0.125931,44.000000,49.333909,76.313421,43.977930,45.254453,0.039945,0.960055,26.979512,-5.355979,-4.079456,45.000000,49.966774,50.200407,50.093916,50.130918,0.347466,0.652534,0.233633,0.127142,0.164144,60.888930,60.788814,60.748689,60.763000,0.356661,0.643339,-0.100117,-0.140242,-0.125931
15.440000,87.000000,61.000675,61.411424,61.017786,61.153625,0.345086,0.654914,0.410749,0.017111,0.152950,44.000000,49.330745,75.524357,46.545571,47.696328,0.040087,0.959913,26.193611,-2.785175,-1.634418,45.000000,49.961400,49.879182,49.848243,49.859422,0.361314,0.638686,-0.082217,-0.113157,-0.101978,61.000675,61.411424,61.017786,61.153625,0.345086,0.654914,0.410749,0.017111,0.152950
15.460000,87.000000,61.112432,61.299989,61.341047,61.326761,0.347958,0.652042,0.187556,0.228615,0.214328,44.000000,49.327196,75.905404,50.566873,51.591170,0.040717,0.959283,26.578208,1.239676,2.263974,45.000000,49.955567,50.404832,49.826891,50.036754,0.363122,0.636878,0.449265,-0.128676,0.081187,61.112432,61.299989,61.341047,61.326761,0.347958,0.652042,0.187556,0.228615,0.214328
15.480000,87.000000,61.224201,60.639095,60.979050,60.859595,0.351385,0.648615,-0.585106,-0.245151,-0.364606,44.000000,49.323263,75.761619,49.761868,50.819732,0.040997,0.959003,26.438356,0.438605,1.496469,45.000000,49.949277,49.598059,50.108042,49.924654,0.359596,0.640404,-0.351219,0.158765,-0.024623,61.224201,60.639095,60.979050,60.859595,0.351385,0.648615,-0.585106,-0.245151,-0.364606
15.500000,87.000000,61.335982,61.638797,61.085232,61.276373,0.345291,0.654709,0.302815,-0.250750,-0.059609,44.000000,49.318947,76.891297,49.365689,50.482128,0.040906,0.959094,27.572350,0.046741,1.163181,45.000000,49.942533,49.584332,50.329232,50.064679,0.355153,0.644847,-0.358201,0.386699,0.122146,61.335982,61.638797,61.085232,61.276373,0.345291,0.654709,0.302815,-0.250750,-0.059609
15.520000,87.000000,61.447775,60.977378,61.498786,61.318329,0.346095,0.653905,-0.470397,0.051011,-0.129446,44.000000,49.314251,75.077119,57.693246,58.594427,0.052009,0.947991,25.762867,8.378995,9.280176,45.000000,49.935337,49.902120,50.199575,50.095817,0.348818,0.651182,-0.033216,0.264238,0.160481,61.447775,60.977378,61.498786,61.318329,0.346095,0.653905,-0.470397,0.051011,-0.129446
15.540000,87.000000,61.559579,61.381584,61.964879,61.763514,0.345220,0.654780,-0.177995,0.405299,0.203935,44.000000,49.309176,76.614356,44.257701,45.998781,0.054417,0.945583,27.305180,-5.051475,-3.310395,45.000000,49.927689,49.360001,50.262699,49.960481,0.334795,0.665205,-0.567688,0.335010,0.032792,61.559579,61.381584,61.964879,61.763514,0.345220,0.654780,-0.177995,0.405299,0.203935
15.560000,87.000000,61.671396,61.463019,61.361258,61.395926,0.340681,0.659319,-0.208377,-0.310138,-0.275470,44.000000,49.303723,76.199094,50.627647,52.020820,0.054864,0.945136,26.895370,1.323924,2.717096,45.000000,49.919593,49.745141,50.206250,50.053454,0.331367,0.668633,-0.174452,0.286657,0.133861,61.671396,61.463019,61.361258,61.395926,0.340681,0.659319,-0.208377,-0.310138,-0.275470
15.580000,87.000000,61.783224,61.235790,61.257116,61.249566,0.354007,0.645993,-0.547434,-0.526108,-0.533658,44.000000,49.297895,76.200552,49.677274,51.123173,0.054927,0.945073,26.902657,0.379379,1.825278,45.000000,49.911051,49.516900,49.540936,49.532997,0.330280,0.669720,-0.394151,-0.370115,-0.378053,61.783224,61.235790,61.257116,61.249566,0.354007,0.645993,-0.547434,-0.526108,-0.533658
15.600000,87.000000,61.895064,61.979263,62.231822,62.139848,0.364170,0.635830,0.084199,0.336758,0.244784,44.000000,49.291693,75.771697,48.483881,49.969593,0.054882,0.945118,26.480004,-0.807812,0.677901,45.000000,49.902064,49.490670,50.096548,49.903913,0.317944,0.682056,-0.411394,0.194485,0.001849,61.895064,61.979263,62.231822,62.139848,0.364170,0.635830,0.084199,0.336758,0.244784
15.620000,87.000000,62.006915,62.824863,62.511807,62.623969,0.358282,0.641718,0.817948,0.504892,0.617054,44.000000,49.285118,76.775557,49.224549,50.721766,0.054787,0.945213,27.490439,-0.060568,1.436649,45.000000,49.892634,49.185434,49.891605,49.672489,0.310288,0.689712,-0.707200,-0.001028,-0.220144,62.006915,62.824863,62.511807,62.623969,0.358282,0.641718,0.817948,0.504892,0.617054
15.640000,87.000000,62.118778,62.377771,62.471770,62.438314,0.355918,0.644082,0.258992,0.352992,0.319536,44.000000,49.278172,77.381842,45.653359,47.402044,0.055710,0.944290,28.103670,-3.624813,-1.876127,45.000000,49.882763,50.382852,49.320493,49.661779,0.321254,0.678746,0.500089,-0.562270,-0.220984,62.118778,62.377771,62.471770,62.438314,0.355918,0.644082,0.258992,0.352992,0.319536
15.660000,87.000000,62.230653,62.338911,62.099365,62.183972,0.353198,0.646802,0.108257,-0.131288,-0.046681,44.000000,49.270856,75.157566,52.987398,54.270024,0.058155,0.941845,25.886710,3.716542,4.999167,45.000000,49.872453,50.879230,50.144532,50.384417,0.326509,0.673491,1.006777,0.272079,0.511964,62.230653,62.338911,62.099365,62.183972,0.353198,0.646802,0.108257,-0.131288,-0.046681
15.680000,87.000000,62.342539,62.859537,62.699788,62.755866,0.351040,0.648960,0.516998,0.357249,0.413327,44.000000,49.263173,76.936078,46.412262,48.183707,0.058610,0.941390,27.672905,-2.850911,-1.079466,45.000000,49.861706,50.078432,49.684558,49.814566,0.330075,0.669925,0.216725,-0.177148,-0.047141,62.342539,62.859537,62.699788,62.755866,0.351040,0.648960,0.516998,0.357249,0.413327
15.700000,87.000000,62.454437,62.462963,62.277889,62.342250,0.347761,0.652239,0.008526,-0.176548,-0.112187,44.000000,49.255124,76.420651,42.131752,44.271084,0.063162,0.936838,27.165527,-7.123372,-4.984040,45.000000,49.850525,50.142237,49.609950,49.790500,0.339198,0.660802,0.291712,-0.240575,-0.060024,62.454437,62.462963,62.277889,62.342250,0.347761,0.652239,0.008526,-0.176548,-0.112187
15.720000,87.000000,62.566346,62.969355,62.289938,62.518808,0.336863,0.663137,0.403009,-0.276409,-0.047538,44.000000,49.246710,76.495525,50.510692,52.157068,0.063805,0.936195,27.248815,1.263981,2.910358,45.000000,49.838910,49.883151,49.976925,49.944230,0.348658,0.651342,0.044241,0.138015,0.105320,62.566346,62.969355,62.289938,62.518808,0.336863,0.663137,0.403009,-0.276409,-0.047538
15.740000,87.000000,62.678267,62.938986,62.903804,62.915816,0.341401,0.658599,0.260720,0.225538,0.237549,44.000000,49.237933,77.730633,47.038642,48.975797,0.063738,0.936262,28.492699,-2.199291,-0.262137,45.000000,49.826864,49.367056,50.224394,49.932356,0.340634,0.659366,-0.459808,0.397530,0.105492,62.678267,62.938986,62.903804,62.915816,0.341401,0.658599,0.260720,0.225538,0.237549
15.760000,87.000000,62.790199,62.528594,63.323890,63.048321,0.346500,0.653500,-0.261604,0.533691,0.258122,44.000000,49.228795,75.908567,48.803715,50.518475,0.063749,0.936251,26.679772,-0.425079,1.289680,45.000000,49.814389,49.658402,49.751229,49.719597,0.340767,0.659233,-0.155987,-0.063159,-0.094792,62.790199,62.528594,63.323890,63.048321,0.346500,0.653500,-0.261604,0.533691,0.258122
15.780000,87.000000,62.902142,62.079233,62.765921,62.526271,0.348995,0.651005,-0.822909,-0.136220,-0.375871,44.000000,49.219296,76.585324,45.894825,47.840792,0.064030,0.935970,27.366028,-3.324471,-1.378504,45.000000,49.801486,50.120893,50.014441,50.050588,0.339564,0.660436,0.319407,0.212955,0.249102,62.902142,62.079233,62.765921,62.526271,0.348995,0.651005,-0.822909,-0.136220,-0.375871
15.800000,87.000000,63.014096,63.034903,63.777155,63.515962,0.351893,0.648107,0.020807,0.763059,0.501866,44.000000,49.209439,76.141548,45.879310,47.806003,0.064275,0.935725,26.932109,-3.330129,-1.403436,45.000000,49.788157,49.680346,49.921419,49.842705,0.326514,0.673486,-0.107811,0.133262,0.054548,63.014096,63.034903,63.777155,63.515962,0.351893,0.648107,0.020807,0.763059,0.501866
15.820000,87.000000,63.126062,63.392317,62.587089,62.864617,0.344659,0.655341,0.266256,-0.538973,-0.261444,44.000000,49.199225,76.979822,49.497692,51.260798,0.064659,0.935341,27.780597,0.298467,2.061573,45.000000,49.774405,49.205890,49.201980,49.203271,0.330091,0.669909,-0.568515,-0.572425,-0.571134,63.126062,63.392317,62.587089,62.864617,0.344659,0.655341,0.266256,-0.538973,-0.261444
15.840000,87.000000,63.238038,63.448279,63.029451,63.174845,0.347145,0.652855,0.210241,-0.208587,-0.063193,44.000000,49.188655,76.231347,48.808865,50.565756,0.064569,0.935431,27.042691,-0.379791,1.377100,45.000000,49.760231,49.157451,50.051477,49.760162,0.325847,0.674153,-0.602780,0.291246,-0.000069,63.238038,63.448279,63.029451,63.174845,0.347145,0.652855,0.210241,-0.208587,-0.063193
15.860000,87.000000,63.350026,63.575822,63.002281,63.195653,0.337155,0.662845,0.225795,-0.347745,-0.154373,44.000000,49.177732,77.694759,48.095219,49.982398,0.064340,0.935660,28.517027,-1.082513,0.804666,45.000000,49.745637,50.244792,49.870359,49.994073,0.330404,0.669596,0.499155,0.124722,0.248436,63.350026,63.575822,63.002281,63.195653,0.337155,0.662845,0.225795,-0.347745,-0.154373
15.880000,87.000000,63.462025,62.934023,63.490023,63.293650,0.353189,0.646811,-0.528002,0.027998,-0.168375,44.000000,49.166456,76.401792,56.990238,58.431485,0.074527,0.925473,27.235336,7.823782,9.265029,45.000000,49.730625,50.570675,49.794499,50.061990,0.344628,0.655372,0.840050,0.063874,0.331365,63.462025,62.934023,63.490023,63.293650,0.353189,0.646811,-0.528002,0.027998,-0.168375
15.900000,87.000000,63.574035,64.031621,63.666209,63.795511,0.353854,0.646146,0.457586,0.092174,0.221476,44.000000,49.154829,76.189952,45.681903,47.949981,0.075040,0.924960,27.035123,-3.472926,-1.204848,45.000000,49.715196,49.169537,49.950252,49.687527,0.336519,0.663481,-0.545659,0.235056,-0.027669,63.574035,64.031621,63.666209,63.795511,0.353854,0.646146,0.457586,0.092174,0.221476
15.920000,87.000000,63.686056,64.235092,64.063569,64.124484,0.355143,0.644857,0.549036,0.377513,0.438428,44.000000,49.142852,76.831211,52.517984,54.381951,0.077116,0.922884,27.688359,3.375132,5.239099,45.000000,49.699353,49.850447,49.053135,49.327269,0.343824,0.656176,0.151094,-0.646218,-0.372084,63.686056,64.235092,64.063569,64.124484,0.355143,0.644857,0.549036,0.377513,0.438428
15.940000,87.000000,63.798088,63.885783,64.021509,63.974398,0.347103,0.652897,0.087694,0.223421,0.176310,44.000000,49.130528,77.004031,52.027683,53.976130,0.078494,0.921506,27.873503,2.897156,4.845603,45.000000,49.683097,49.410340,49.930597,49.756849,0.333967,0.666033,-0.272757,0.247500,0.073752,63.798088,63.885783,64.021509,63.974398,0.347103,0.652897,0.087694,0.223421,0.176310
15.960000,87.000000,63.910131,62.969785,63.458548,63.287643,0.349668,0.650332,-0.940346,-0.451583,-0.622488,44.000000,49.117856,76.110341,48.611893,50.743509,0.078101,0.921899,26.992484,-0.505964,1.625653,45.000000,49.666430,49.721852,49.846533,49.805122,0.332134,0.667866,0.055421,0.180103,0.138692,63.910131,62.969785,63.458548,63.287643,0.349668,0.650332,-0.940346,-0.451583,-0.622488
15.980000,87.000000,64.022185,63.919640,64.647675,64.387439,0.357450,0.642550,-0.102545,0.625490,0.365255,44.000000,49.104840,77.217175,45.921540,48.362028,0.078741,0.921259,28.112336,-3.183300,-0.742811,45.000000,49.649354,49.547498,49.934110,49.806791,0.329320,0.670680,-0.101856,0.284756,0.157437,64.022185,63.919640,64.647675,64.387439,0.357450,0.642550,-0.102545,0.625490,0.365255
16.000000,87.000000,64.134249,64.147364,63.661970,63.837414,0.361446,0.638554,0.013115,-0.472279,-0.296836,44.000000,49.091479,77.366792,57.776902,59.498904,0.088225,0.911775,28.275312,8.685422,10.407424,45.000000,49.631871,49.324144,49.676932,49.560479,0.330095,0.669905,-0.307727,0.045061,-0.071392,64.134249,64.147364,63.661970,63.837414,0.361446,0.638554,0.013115,-0.472279,-0.296836
16.020000,87.000000,64.246325,64.888747,64.030662,64.333330,0.352726,0.647274,0.642422,-0.215663,0.087006,44.000000,49.077777,76.117307,54.952992,56.886006,0.091720,0.908280,27.039530,5.875215,7.808229,45.000000,49.613982,49.264134,49.790419,49.618221,0.327196,0.672804,-0.349848,0.176438,0.004239,64.246325,64.888747,64.030662,64.333330,0.352726,0.647274,0.642422,-0.215663,0.087006
16.040000,87.000000,64.358411,65.215256,64.816291,64.958198,0.355689,0.644311,0.856845,0.457880,0.599787,44.000000,49.063733,78.480894,47.224597,50.061293,0.091599,0.908401,29.417161,-1.839136,0.997560,45.000000,49.595689,49.358707,49.535992,49.477732,0.328625,0.671375,-0.236982,-0.059697,-0.117957,64.358411,65.215256,64.816291,64.958198,0.355689,0.644311,0.856845,0.457880,0.599787
16.060000,87.000000,64.470508,64.134742,64.058392,64.085342,0.352981,0.647019,-0.335766,-0.412116,-0.385166,44.000000,49.049350,76.861351,52.962148,55.156823,0.092326,0.907674,27.812001,3.912798,6.107473,45.000000,49.576994,49.648176,49.422990,49.497804,0.332232,0.667768,0.071182,-0.154004,-0.079190,64.470508,64.134742,64.058392,64.085342,0.352981,0.647019,-0.335766,-0.412116,-0.385166
16.080000,87.000000,64.582615,64.280223,64.399280,64.356717,0.357500,0.642500,-0.302393,-0.183336,-0.225899,44.000000,49.034629,77.010130,49.105304,51.660186,0.092232,0.907768,27.975502,0.070676,2.625558,45.000000,49.557899,49.921677,49.929336,49.926751,0.337553,0.662447,0.363778,0.371437,0.368851,64.582615,64.280223,64.399280,64.356717,0.357500,0.642500,-0.302393,-0.183336,-0.225899
16.100000,87.000000,64.694734,65.034580,64.791521,64.881405,0.369801,0.630199,0.339846,0.096788,0.186671,44.000000,49.019571,77.129648,46.538585,49.361615,0.093099,0.906901,28.110077,-2.480986,0.342044,45.000000,49.538406,49.865149,50.207193,50.091753,0.337500,0.662500,0.326743,0.668787,0.553347,64.694734,65.034580,64.791521,64.881405,0.369801,0.630199,0.339846,0.096788,0.186671
16.120000,87.000000,64.806863,64.181075,64.358566,64.292812,0.370463,0.629537,-0.625788,-0.448296,-0.514050,44.000000,49.004178,78.823898,55.077950,57.342319,0.095860,0.904140,29.819720,6.073773,8.338142,45.000000,49.518515,48.991376,49.695015,49.456099,0.339543,0.660457,-0.527140,0.176499,-0.062416,64.806863,64.181075,64.358566,64.292812,0.370463,0.629537,-0.625788,-0.448296,-0.514050
16.140000,87.000000,64.919002,64.371327,64.533021,64.473332,0.369143,0.630857,-0.547675,-0.385981,-0.445670,44.000000,48.988450,77.228818,46.308547,49.251916,0.096043,0.903957,28.240368,-2.679903,0.263466,45.000000,49.498230,49.553747,49.709165,49.656531,0.338662,0.661338,0.055517,0.210935,0.158301,64.919002,64.371327,64.533021,64.473332,0.369143,0.630857,-0.547675,-0.385981,-0.445670
16.160000,87.000000,65.031152,64.874835,64.762590,64.804187,0.370584,0.629416,-0.156316,-0.268561,-0.226965,44.000000,48.972390,77.485530,44.656589,47.861996,0.098616,0.901384,28.513140,-4.315801,-1.110395,45.000000,49.477551,49.778062,49.320851,49.477643,0.342932,0.657068,0.300511,-0.156700,0.000092,65.031152,64.874835,64.762590,64.804187,0.370584,0.629416,-0.156316,-0.268561,-0.226965
16.180000,87.000000,65.143312,65.544045,64.363321,64.797340,0.367589,0.632411,0.400732,-0.779992,-0.345972,44.000000,48.955999,78.402966,47.631482,50.648975,0.098921,0.901079,29.446967,-1.324517,1.692976,45.000000,49.456481,49.047722,49.611001,49.420002,0.339085,0.660915,-0.408758,0.154520,-0.036479,65.143312,65.544045,64.363321,64.797340,0.367589,0.632411,0.400732,-0.779992,-0.345972
16.200000,87.000000,65.255483,64.912606,65.128097,65.047301,0.374941,0.625059,-0.342878,-0.127386,-0.208183,44.000000,48.939278,77.702623,50.164074,52.739115,0.094173,0.905827,28.763345,1.224795,3.799837,45.000000,49.435020,49.606991,49.431724,49.491543,0.341301,0.658699,0.171970,-0.003296,0.056522,65.255483,64.912606,65.128097,65.047301,0.374941,0.625059,-0.342878,-0.127386,-0.208183
16.220000,87.000000,65.367665,65.391226,65.578539,65.506908,0.382416,0.617584,0.023562,0.210874,0.139243,44.000000,48.922229,77.471700,42.228437,45.695651,0.099511,0.900489,28.549471,-6.693792,-3.226578,45.000000,49.413172,49.558927,49.694430,49.648576,0.338401,0.661599,0.145756,0.281258,0.235404,65.367665,65.391226,65.578539,65.506908,0.382416,0.617584,0.023562,0.210874,0.139243
16.240000,87.000000,65.479857,65.225958,65.480092,65.383325,0.380772,0.619228,-0.253898,0.000235,-0.096532,44.000000,48.904852,76.636093,50.768180,53.293550,0.098230,0.901770,27.731241,1.863328,4.388698,45.000000,49.390937,49.869384,49.262389,49.474497,0.349440,0.650560,0.478447,-0.128548,0.083560,65.479857,65.225958,65.480092,65.383325,0.380772,0.619228,-0.253898,0.000235,-0.096532
16.260000,87.000000,65.592059,65.736339,65.640309,65.676280,0.374583,0.625417,0.144280,0.048250,0.084221,44.000000,48.887149,77.446887,47.088246,50.029228,0.097705,0.902295,28.559737,-1.798903,1.142078,45.000000,49.368317,49.629552,49.492368,49.540120,0.348090,0.651910,0.261235,0.124052,0.171804,65.592059,65.736339,65.640309,65.676280,0.374583,0.625417,0.144280,0.048250,0.084221
16.280000,87.000000,65.704271,67.146881,66.128727,66.491095,0.355907,0.644093,1.442610,0.424456,0.786824,44.000000,48.869122,76.943204,49.627839,52.225358,0.095757,0.904243,28.074082,0.758717,3.356236,45.000000,49.345313,49.337659,49.521378,49.457501,0.347690,0.652310,-0.007654,0.176065,0.112187,65.704271,67.146881,66.128727,66.491095,0.355907,0.644093,1.442610,0.424456,0.786824
16.300000,87.000000,65.816494,66.188117,65.972023,66.049333,0.357762,0.642238,0.371623,0.155529,0.232839,44.000000,48.850772,77.061434,59.769634,61.611996,0.106830,0.893170,28.210662,10.918862,12.761224,45.000000,49.321929,49.567909,49.048625,49.227809,0.345059,0.654941,0.245980,-0.273303,-0.094120,65.816494,66.188117,65.972023,66.049333,0.357762,0.642238,0.371623,0.155529,0.232839
16.320000,87.000000,65.928727,65.711891,66.210131,66.029686,0.362165,0.637835,-0.216836,0.281404,0.100959,44.000000,48.832099,76.615286,44.057087,47.520771,0.107398,0.892602,27.783186,-4.775012,-1.311328,45.000000,49.298164,49.555467,49.271742,49.374331,0.361578,0.638422,0.257303,-0.026422,0.076167,65.928727,65.711891,66.210131,66.029686,0.362165,0.637835,-0.216836,0.281404,0.100959
16.340000,87.000000,66.040970,65.633736,66.190900,65.983112,0.372939,0.627061,-0.407235,0.149930,-0.057858,44.000000,48.813106,78.074333,45.364635,48.894560,0.108949,0.891051,29.261227,-3.448472,0.081454,45.000000,49.274021,50.130250,49.208195,49.542002,0.362025,0.637975,0.856229,-0.065826,0.267980,66.040970,65.633736,66.190900,65.983112,0.372939,0.627061,-0.407235,0.149930,-0.057858
16.360000,87.000000,66.153224,65.712425,66.477222,66.184235,0.383091,0.616909,-0.440799,0.323998,0.031011,44.000000,48.793794,78.642426,51.962052,54.859672,0.109293,0.890707,29.848632,3.168258,6.065878,45.000000,49.249502,49.176164,49.092899,49.123702,0.369936,0.630064,-0.073338,-0.156603,-0.125800,66.153224,65.712425,66.477222,66.184235,0.383091,0.616909,-0.440799,0.323998,0.031011
16.380000,87.000000,66.265488,66.288418,66.550888,66.449507,0.386260,0.613740,0.022931,0.285401,0.184019,44.000000,48.774163,76.847949,44.755873,48.289310,0.111108,0.888892,28.073786,-4.018291,-0.484853,45.000000,49.224608,49.779528,49.554157,49.637603,0.370260,0.629740,0.554920,0.329550,0.412995,66.265488,66.288418,66.550888,66.449507,0.386260,0.613740,0.022931,0.285401,0.184019
16.400000,87.000000,66.377761,66.330101,66.649056,66.525795,0.386453,0.613547,-0.047661,0.271295,0.148034,44.000000,48.754216,76.917828,53.482044,56.051528,0.110172,0.889828,28.163612,4.727828,7.297312,45.000000,49.199340,48.651661,49.068380,48.918045,0.360760,0.639240,-0.547679,-0.130960,-0.281295,66.377761,66.330101,66.649056,66.525795,0.386453,0.613547,-0.047661,0.271295,0.148034
16.420000,87.000000,66.490045,66.823471,66.334876,66.521565,0.382094,0.617906,0.333425,-0.155169,0.031520,44.000000,48.733953,78.800920,47.240754,50.618697,0.107987,0.892013,30.066967,-1.493200,1.884744,45.000000,49.173701,50.027790,49.262229,49.542488,0.366084,0.633916,0.854089,0.088528,0.368787,66.490045,66.823471,66.334876,66.521565,0.382094,0.617906,0.333425,-0.155169,0.031520
16.440000,87.000000,66.602339,66.287586,66.617532,66.489528,0.387953,0.612047,-0.314753,0.015192,-0.112811,44.000000,48.713376,77.646806,57.838927,60.124012,0.115754,0.884246,28.933430,9.125551,11.410635,45.000000,49.147691,49.331211,49.263891,49.288541,0.366164,0.633836,0.183520,0.116199,0.140850,66.602339,66.287586,66.617532,66.489528,0.387953,0.612047,-0.314753,0.015192,-0.112811
16.460000,87.000000,66.714643,66.352129,66.319324,66.332069,0.388498,0.611502,-0.362514,-0.395319,-0.382574,44.000000,48.692486,76.258050,41.246940,45.481526,0.122212,0.877788,27.565564,-7.445545,-3.210960,45.000000,49.121314,48.894734,49.759736,49.453300,0.354262,0.645738,-0.226580,0.638423,0.331986,66.714643,66.352129,66.319324,66.332069,0.388498,0.611502,-0.362514,-0.395319,-0.382574
16.480000,87.000000,66.826957,67.063341,67.383351,67.258666,0.389627,0.610373,0.236383,0.556394,0.431709,44.000000,48.671284,77.882636,53.387485,56.411351,0.124070,0.875930,29.211352,4.716201,7.740067,45.000000,49.094569,49.465695,49.084836,49.222711,0.362011,0.637989,0.371126,-0.009733,0.128142,66.826957,67.063341,67.383351,67.258666,0.389627,0.610373,0.236383,0.556394,0.431709
16.500000,87.000000,66.939282,67.267059,66.417993,66.746854,0.387321,0.612679,0.327778,-0.521289,-0.192427,44.000000,48.649771,76.301670,50.064506,53.303389,0.124161,0.875839,27.651898,1.414735,4.653618,45.000000,49.067459,49.817212,49.235478,49.452755,0.373498,0.626502,0.749753,0.168019,0.385295,66.939282,67.267059,66.417993,66.746854,0.387321,0.612679,0.327778,-0.521289,-0.192427
16.520000,87.000000,67.051616,67.387171,67.228767,67.289171,0.381332,0.618668,0.335555,0.177152,0.237556,44.000000,48.627949,76.796235,47.706038,51.023340,0.114877,0.885123,28.168285,-0.921911,2.395390,45.000000,49.039986,48.771396,48.732983,48.747449,0.376589,0.623411,-0.268590,-0.307002,-0.292537,67.051616,67.387171,67.228767,67.289171,0.381332,0.618668,0.335555,0.177152,0.237556
16.540000,87.000000,67.163960,67.217013,67.476492,67.378337,0.378276,0.621724,0.053053,0.312533,0.214378,44.000000,48.605819,76.586195,47.359257,50.653642,0.113562,0.886438,27.980376,-1.246562,2.047823,45.000000,49.012150,48.323512,48.977270,48.730409,0.377603,0.622397,-0.688638,-0.034879,-0.281741,67.163960,67.217013,67.476492,67.378337,0.378276,0.621724,0.053053,0.312533,0.214378
16.560000,87.000000,67.276313,66.730125,67.006690,66.901236,0.381298,0.618702,-0.546189,-0.269624,-0.375077,44.000000,48.583383,76.556127,47.108101,50.425371,0.113505,0.886495,27.972744,-1.475281,1.841988,45.000000,48.983954,48.792666,48.882127,48.848046,0.380959,0.619041,-0.191288,-0.101827,-0.135908,67.276313,66.730125,67.006690,66.901236,0.381298,0.618702,-0.546189,-0.269624,-0.375077
16.580000,87.000000,67.388677,67.702311,66.998520,67.262175,0.374621,0.625379,0.313633,-0.390157,-0.126502,44.000000,48.560640,77.778916,47.591673,50.990551,0.113493,0.886507,29.218276,-0.968967,2.429911,45.000000,48.955398,48.134646,49.047175,48.709073,0.370512,0.629488,-0.820752,0.091777,-0.246326,67.388677,67.702311,66.998520,67.262175,0.374621,0.625379,0.313633,-0.390157,-0.126502
16.600000,87.000000,67.501051,68.081275,67.300762,67.585527,0.364844,0.635156,0.580224,-0.200288,0.084476,44.000000,48.537593,77.510600,47.375716,50.773495,0.113650,0.886350,28.973007,-1.161877,2.235902,45.000000,48.926486,49.204805,49.041504,49.103244,0.378077,0.621923,0.278319,0.115018,0.176758,67.501051,68.081275,67.300762,67.585527,0.364844,0.635156,0.580224,-0.200288,0.084476
16.620000,87.000000,67.613434,67.609929,67.424942,67.492705,0.366309,0.633691,-0.003505,-0.188492,-0.120730,44.000000,48.514243,76.546708,56.829968,59.191471,0.120168,0.879832,28.032466,8.315726,10.677228,45.000000,48.897217,48.103158,49.181508,48.777614,0.374549,0.625451,-0.794060,0.284291,-0.119603,67.613434,67.609929,67.424942,67.492705,0.366309,0.633691,-0.003505,-0.188492,-0.120730
16.640000,87.000000,67.725827,67.492948,67.486647,67.488948,0.365198,0.634802,-0.232879,-0.239180,-0.236879,44.000000,48.490590,77.634684,45.246876,49.131414,0.121013,0.878987,29.144094,-3.243714,0.640824,45.000000,48.867595,49.216375,49.328523,49.287833,0.362817,0.637183,0.348780,0.460928,0.420239,67.725827,67.492948,67.486647,67.488948,0.365198,0.634802,-0.232879,-0.239180,-0.236879
16.660000,87.000000,67.838230,67.527502,67.681090,67.624513,0.368368,0.631632,-0.310728,-0.157140,-0.213717,44.000000,48.466637,77.378191,47.954890,51.427796,0.118911,0.881089,28.911555,-0.511746,2.961160,45.000000,48.837619,48.805391,49.257566,49.097471,0.354057,0.645943,-0.032228,0.419947,0.259852,67.838230,67.527502,67.681090,67.624513,0.368368,0.631632,-0.310728,-0.157140,-0.213717
16.680000,87.000000,67.950643,67.522483,67.882891,67.748565,0.372706,0.627294,-0.428160,-0.067751,-0.202078,44.000000,48.442383,77.400182,46.963716,50.550317,0.118778,0.881222,28.957798,-1.478667,2.107934,45.000000,48.807292,49.232014,48.215532,48.582285,0.360807,0.639193,0.424722,-0.591760,-0.225007,67.950643,67.522483,67.882891,67.748565,0.372706,0.627294,-0.428160,-0.067751,-0.202078
16.700000,87.000000,68.063065,68.278058,68.151426,68.198672,0.373098,0.626902,0.214992,0.088360,0.135606,44.000000,48.417832,77.760240,49.264520,52.475694,0.113492,0.886508,29.342408,0.846688,4.057862,45.000000,48.776616,48.457625,48.780508,48.666558,0.352915,0.647085,-0.318990,0.003892,-0.110058,68.063065,68.278058,68.151426,68.198672,0.373098,0.626902,0.214992,0.088360,0.135606
16.720000,87.000000,68.175497,67.787014,68.412781,68.171762,0.385158,0.614842,-0.388483,0.237284,-0.003735,44.000000,48.392982,76.431209,47.262273,50.545867,0.113412,0.886588,28.038227,-1.130709,2.152885,45.000000,48.745591,48.313308,48.654458,48.534873,0.350535,0.649465,-0.432283,-0.091133,-0.210718,68.175497,67.787014,68.412781,68.171762,0.385158,0.614842,-0.388483,0.237284,-0.003735
16.740000,87.000000,68.287939,68.929203,68.652158,68.758154,0.382593,0.617407,0.641264,0.364219,0.470214,44.000000,48.367837,77.457052,47.278754,50.657280,0.112849,0.887151,29.089216,-1.089082,2.289443,45.000000,48.714219,48.864364,48.960388,48.926092,0.357167,0.642833,0.150145,0.246169,0.211872,68.287939,68.929203,68.652158,68.758154,0.382593,0.617407,0.641264,0.364219,0.470214
16.760000,87.000000,68.400391,67.889081,68.457127,68.241770,0.379118,0.620882,-0.511309,0.056736,-0.158620,44.000000,48.342396,78.008702,49.710184,52.880473,0.112818,0.887182,29.666306,1.367788,4.538077,45.000000,48.682503,49.230125,48.637035,48.852206,0.362797,0.637203,0.547623,-0.045467,0.169703,68.400391,67.889081,68.457127,68.241770,0.379118,0.620882,-0.511309,0.056736,-0.158620
16.780000,87.000000,68.512852,68.961654,68.665126,68.775191,0.371180,0.628820,0.448802,0.152275,0.262340,44.000000,48.316661,76.598255,49.605838,52.592743,0.111369,0.888631,28.281594,1.289177,4.276082,45.000000,48.650442,48.757400,48.528219,48.611680,0.364171,0.635829,0.106958,-0.122223,-0.038762,68.512852,68.961654,68.665126,68.775191,0.371180,0.628820,0.448802,0.152275,0.262340
16.800000,87.000000,68.625322,69.227563,68.651946,68.857518,0.357133,0.642867,0.602241,0.026624,0.232196,44.000000,48.290634,79.357022,48.488669,51.829842,0.109159,0.890841,31.066388,0.198035,3.539209,45.000000,48.618039,48.967480,48.591628,48.730585,0.369713,0.630287,0.349441,-0.026411,0.112546,68.625322,69.227563,68.651946,68.857518,0.357133,0.642867,0.602241,0.026624,0.232196
16.820000,87.000000,68.737802,68.157663,68.786475,68.554881,0.368304,0.631696,-0.580140,0.048672,-0.182921,44.000000,48.264314,78.496272,52.661017,55.518757,0.111266,0.888734,30.231957,4.396702,7.254443,45.000000,48.585296,48.136309,48.615932,48.441434,0.363824,0.636176,-0.448986,0.030636,-0.143862,68.737802,68.157663,68.786475,68.554881,0.368304,0.631696,-0.580140,0.048672,-0.182921
16.840000,87.000000,68.850292,68.462758,68.598735,68.547981,0.373253,0.626747,-0.387534,-0.251557,-0.302311,44.000000,48.237704,77.324579,46.813450,50.174396,0.111063,0.888937,29.086875,-1.424254,1.936692,45.000000,48.552213,48.978149,48.689638,48.797934,0.375362,0.624638,0.425937,0.137425,0.245721,68.850292,68.462758,68.598735,68.547981,0.373253,0.626747,-0.387534,-0.251557,-0.302311
16.860000,87.000000,68.962791,68.462262,69.287157,68.971980,0.382082,0.617918,-0.500529,0.324366,0.009189,44.000000,48.210804,77.367932,51.128005,54.038531,0.111593,0.888407,29.157127,2.917200,5.827727,45.000000,48.518792,48.858747,48.601242,48.697660,0.374431,0.625569,0.339955,0.082450,0.178868,68.962791,68.462262,69.287157,68.971980,0.382082,0.617918,-0.500529,0.324366,0.009189
16.880000,87.000000,69.075300,69.139295,69.037307,69.076102,0.380386,0.619614,0.063995,-0.037992,0.000802,44.000000,48.183616,76.641784,46.963768,50.083671,0.105960,0.894040,28.458167,-1.219848,1.900055,45.000000,48.485035,48.176588,48.560362,48.420474,0.364507,0.635493,-0.308447,0.075327,-0.064561,69.075300,69.139295,69.037307,69.076102,0.380386,0.619614,0.063995,-0.037992,0.000802
16.900000,87.000000,69.187818,69.214983,69.852745,69.609890,0.380792,0.619208,0.027165,0.664927,0.422072,44.000000,48.156141,77.425790,46.727769,49.894576,0.104043,0.895957,29.269649,-1.428372,1.738435,45.000000,48.450943,48.158587,48.889091,48.622004,0.365620,0.634380,-0.292356,0.438147,0.171061,69.187818,69.214983,69.852745,69.609890,0.380792,0.619208,0.027165,0.664927,0.422072
16.920000,87.000000,69.300345,69.959780,69.529714,69.694126,0.382294,0.617706,0.659435,0.229369,0.393780,44.000000,48.128379,77.701596,51.168522,53.915819,0.104203,0.895797,29.573217,3.040143,5.787440,45.000000,48.416518,48.722723,48.576847,48.629037,0.357770,0.642230,0.306205,0.160329,0.212519,69.300345,69.959780,69.529714,69.694126,0.382294,0.617706,0.659435,0.229369,0.393780
16.940000,87.000000,69.412882,69.251953,69.044456,69.124327,0.384924,0.615076,-0.160929,-0.368426,-0.288556,44.000000,48.100333,78.053345,52.609342,55.275341,0.105391,0.894609,29.953013,4.509010,7.175008,45.000000,48.381760,48.478441,48.083687,48.228398,0.366587,0.633413,0.096680,-0.298073,-0.153362,69.412882,69.251953,69.044456,69.124327,0.384924,0.615076,-0.160929,-0.368426,-0.288556
16.960000,87.000000,69.525429,69.380001,69.590871,69.509985,0.383585,0.616415,-0.145428,0.065443,-0.015444,44.000000,48.072002,77.596003,48.285792,51.345390,0.105198,0.894802,29.524001,0.213791,3.273389,45.000000,48.346672,48.277086,48.306365,48.295607,0.367448,0.632552,-0.069586,-0.040307,-0.051066,69.525429,69.380001,69.590871,69.509985,0.383585,0.616415,-0.145428,0.065443,-0.015444
16.980000,87.000000,69.637985,69.994278,69.482044,69.671784,0.370416,0.629584,0.356294,-0.155940,0.033800,44.000000,48.043388,77.674978,41.718352,45.555363,0.107952,0.892048,29.631590,-6.325036,-2.488025,45.000000,48.311255,48.426349,49.036634,48.812895,0.366614,0.633386,0.115094,0.725379,0.501640,69.637985,69.994278,69.482044,69.671784,0.370416,0.629584,0.356294,-0.155940,0.033800
17.000000,87.000000,69.750550,70.415637,69.445064,69.799703,0.365392,0.634608,0.665087,-0.305485,0.049154,44.000000,48.014492,77.654593,46.840561,49.912111,0.100551,0.899449,29.640101,-1.173931,1.897619,45.000000,48.275510,48.722514,49.052101,48.930798,0.368047,0.631953,0.447004,0.776591,0.655288,69.750550,70.415637,69.445064,69.799703,0.365392,0.634608,0.665087,-0.305485,0.049154
17.020000,87.000000,69.863124,70.264185,69.851326,70.004010,0.369822,0.630178,0.401061,-0.011798,0.140886,44.000000,47.985315,78.844167,51.658805,54.299938,0.097819,0.902181,30.858852,3.673490,6.314624,45.000000,48.239439,48.469826,48.093971,48.235731,0.377167,0.622833,0.230388,-0.145468,-0.003708,69.863124,70.264185,69.851326,70.004010,0.369822,0.630178,0.401061,-0.011798,0.140886
17.040000,87.000000,69.975708,70.609423,70.402129,70.479276,0.372163,0.627837,0.633715,0.426421,0.503568,44.000000,47.955858,77.828024,46.072158,49.156969,0.098052,0.901948,29.872166,-1.883700,1.201111,45.000000,48.203042,47.892747,48.465332,48.251536,0.373387,0.626613,-0.310295,0.262290,0.048494,69.975708,70.609423,70.402129,70.479276,0.372163,0.627837,0.633715,0.426421,0.503568
17.060000,87.000000,70.088301,69.588203,69.770852,69.702535,0.374037,0.625963,-0.500097,-0.317449,-0.385766,44.000000,47.926123,77.614909,53.096064,55.498082,0.098510,0.901490,29.688786,5.169941,7.571960,45.000000,48.166322,48.036496,47.929316,47.969240,0.372491,0.627509,-0.129826,-0.237006,-0.197083,70.088301,69.588203,69.770852,69.702535,0.374037,0.625963,-0.500097,-0.317449,-0.385766
17.080000,87.000000,70.200903,70.057619,70.237639,70.170213,0.374545,0.625455,-0.143284,0.036736,-0.030690,44.000000,47.896110,77.449125,44.453801,47.726413,0.100180,0.899820,29.553015,-3.442308,-0.169696,45.000000,48.129281,47.483905,47.507420,47.498645,0.373186,0.626814,-0.645376,-0.621861,-0.630636,70.200903,70.057619,70.237639,70.170213,0.374545,0.625455,-0.143284,0.036736,-0.030690
17.100000,87.000000,70.313515,70.421517,70.165116,70.261207,0.374770,0.625230,0.108002,-0.148399,-0.052308,44.000000,47.865820,77.946881,48.510590,51.419049,0.099595,0.900405,30.081062,0.644771,3.553230,45.000000,48.091919,47.992236,48.024257,48.012238,0.375365,0.624635,-0.099683,-0.067662,-0.079681,70.313515,70.421517,70.165116,70.261207,0.374770,0.625230,0.108002,-0.148399,-0.052308
17.120000,87.000000,70.426136,69.822789,70.571003,70.287123,0.379410,0.620590,-0.603347,0.144867,-0.139012,44.000000,47.835254,77.557559,44.353883,47.529080,0.096613,0.903387,29.722305,-3.481371,-0.306174,45.000000,48.054238,48.039634,48.006875,48.019439,0.383523,0.616477,-0.014604,-0.047363,-0.034799,70.426136,69.822789,70.571003,70.287123,0.379410,0.620590,-0.603347,0.144867,-0.139012
17.140000,87.000000,70.538766,70.600705,70.801895,70.725418,0.380125,0.619875,0.061939,0.263129,0.186652,44.000000,47.804414,77.390739,50.831668,53.387582,0.096867,0.903133,29.586325,3.027254,5.583168,45.000000,48.016239,46.396509,48.415241,47.683719,0.362371,0.637629,-1.619729,0.399002,-0.332520,70.538766,70.600705,70.801895,70.725418,0.380125,0.619875,0.061939,0.263129,0.186652
17.160000,87.000000,70.651405,69.237824,71.298607,70.542494,0.366909,0.633091,-1.413581,0.647202,-0.108910,44.000000,47.773300,49.401303,55.800355,55.196809,0.094354,0.905646,1.628003,8.027056,7.423509,45.000000,47.977924,47.874862,47.999210,47.954789,0.357233,0.642767,-0.103062,0.021286,-0.023135,70.651405,69.237824,71.298607,70.542494,0.366909,0.633091,-1.413581,0.647202,-0.108910
17.180000,87.000000,70.764053,71.038947,71.122175,71.092682,0.354363,0.645637,0.274893,0.358122,0.328629,44.000000,47.741913,47.386424,51.941315,51.533740,0.089498,0.910502,-0.355489,4.199402,3.791827,45.000000,47.939294,48.955905,47.945947,48.319274,0.369647,0.630353,1.016611,0.006653,0.379980,70.764053,71.038947,71.122175,71.092682,0.354363,0.645637,0.274893,0.358122,0.328629
17.200000,87.000000,70.876711,71.332234,71.317596,71.322813,0.356423,0.643577,0.455523,0.440885,0.446102,44.000000,47.710255,47.170375,53.003889,52.499404,0.086509,0.913491,-0.539880,5.293634,4.789149,45.000000,47.900351,47.311159,48.201734,47.881187,0.359933,0.640067,-0.589192,0.301383,-0.019164,70.876711,71.332234,71.317596,71.322813,0.356423,0.643577,0.455523,0.440885,0.446102
17.220000,87.000000,70.989377,71.257819,70.483854,70.766693,0.365443,0.634557,0.268442,-0.505524,-0.222684,44.000000,47.678325,46.777473,49.702248,49.469207,0.079685,0.920315,-0.900852,2.023923,1.790881,45.000000,47.861096,48.077801,47.915693,47.974424,0.362296,0.637704,0.216705,0.054598,0.113329,70.989377,71.257819,70.483854,70.766693,0.365443,0.634557,0.268442,-0.505524,-0.222684
17.240000,87.000000,71.102053,71.031718,71.675572,71.441854,0.362999,0.637001,-0.070336,0.573518,0.339800,44.000000,47.646127,47.995553,49.163745,49.073047,0.077641,0.922359,0.349426,1.517619,1.426921,45.000000,47.821529,48.006207,48.813215,48.529022,0.352157,0.647843,0.184678,0.991686,0.707493,71.102053,71.031718,71.675572,71.441854,0.362999,0.637001,-0.070336,0.573518,0.339800
17.260000,87.000000,71.214738,71.706270,71.050603,71.291630,0.367607,0.632393,0.491531,-0.164135,0.076892,44.000000,47.613659,46.668496,46.247773,46.280013,0.076629,0.923371,-0.945163,-1.365886,-1.333647,45.000000,47.781653,47.564023,47.816034,47.728055,0.349108,0.650892,-0.217630,0.034381,-0.053598,71.214738,71.706270,71.050603,71.291630,0.367607,0.632393,0.491531,-0.164135,0.076892
17.280000,87.000000,71.327432,72.275841,71.165336,71.576763,0.370487,0.629513,0.948409,-0.162096,0.249331,44.000000,47.580924,47.942946,50.650385,50.443416,0.076450,0.923550,0.362022,3.069461,2.862492,45.000000,47.741468,47.612052,47.660394,47.643448,0.350533,0.649467,-0.129416,-0.081075,-0.098020,71.327432,72.275841,71.165336,71.576763,0.370487,0.629513,0.948409,-0.162096,0.249331
17.300000,87.000000,71.440135,71.186385,71.804271,71.579699,0.363453,0.636547,-0.253750,0.364136,0.139564,44.000000,47.547922,47.798068,47.494940,47.514792,0.065491,0.934509,0.250145,-0.052982,-0.033130,45.000000,47.700977,47.953287,47.809954,47.859693,0.347016,0.652984,0.252310,0.108977,0.158716,71.440135,71.186385,71.804271,71.579699,0.363453,0.636547,-0.253750,0.364136,0.139564
17.320000,87.000000,71.552847,71.771990,71.368525,71.518382,0.371426,0.628574,0.219143,-0.184322,-0.034465,44.000000,47.514655,49.180999,50.439079,50.357844,0.064571,0.935429,1.666344,2.924424,2.843189,45.000000,47.660180,46.990504,47.692309,47.454440,0.338940,0.661060,-0.669676,0.032129,-0.205740,71.552847,71.771990,71.368525,71.518382,0.371426,0.628574,0.219143,-0.184322,-0.034465
17.340000,87.000000,71.665568,72.270808,71.431578,71.754246,0.384482,0.615518,0.605240,-0.233991,0.088678,44.000000,47.481122,48.990219,45.500219,45.728231,0.065341,0.934659,1.509096,-1.980903,-1.752891,45.000000,47.619079,48.163859,47.643391,47.818310,0.336080,0.663920,0.544780,0.024312,0.199231,71.665568,72.270808,71.431578,71.754246,0.384482,0.615518,0.605240,-0.233991,0.088678
17.360000,87.000000,71.778298,72.126119,72.021229,72.060726,0.376555,0.623445,0.347820,0.242930,0.282427,44.000000,47.447326,49.387300,48.204750,48.282034,0.065354,0.934646,1.939974,0.757424,0.834708,45.000000,47.577675,48.455338,47.884938,48.077976,0.338425,0.661575,0.877663,0.307263,0.500301,71.778298,72.126119,72.021229,72.060726,0.376555,0.623445,0.347820,0.242930,0.282427
17.380000,87.000000,71.891038,71.832046,71.908799,71.880057,0.374475,0.625525,-0.058992,0.017761,-0.010981,44.000000,47.413267,46.716853,51.378039,51.072813,0.065497,0.934503,-0.696414,3.964773,3.659546,45.000000,47.535970,47.936311,47.719575,47.792929,0.338449,0.661551,0.400341,0.183605,0.256959,71.891038,71.832046,71.908799,71.880057,0.374475,0.625525,-0.058992,0.017761,-0.010981
17.400000,87.000000,72.003786,71.741784,71.816794,71.788897,0.371910,0.628090,-0.262001,-0.186992,-0.214888,44.000000,47.378946,46.292518,45.165216,45.239553,0.065942,0.934058,-1.086428,-2.213729,-2.139393,45.000000,47.493966,47.957339,47.557036,47.695098,0.344894,0.655106,0.463374,0.063071,0.201133,72.003786,71.741784,71.816794,71.788897,0.371910,0.628090,-0.262001,-0.186992,-0.214888
17.420000,87.000000,72.116543,72.158342,72.490741,72.364456,0.379920,0.620080,0.041799,0.374198,0.247913,44.000000,47.344364,46.649527,46.296845,46.320661,0.067529,0.932471,-0.694836,-1.047519,-1.023703,45.000000,47.451663,46.768975,47.163123,47.030375,0.336798,0.663202,-0.682688,-0.288540,-0.421288,72.116543,72.158342,72.490741,72.364456,0.379920,0.620080,0.041799,0.374198,0.247913
17.440000,87.000000,72.229309,72.359690,72.642162,72.534868,0.379841,0.620159,0.130381,0.412853,0.305559,44.000000,47.309521,46.797020,45.659533,45.729465,0.061481,0.938519,-0.512501,-1.649989,-1.580057,45.000000,47.409064,47.493354,47.623576,47.579901,0.335387,0.664613,0.084290,0.214512,0.170837,72.229309,72.359690,72.642162,72.534868,0.379841,0.620159,0.130381,0.412853,0.305559
17.460000,87.000000,72.342084,72.098275,72.400591,72.284891,0.382711,0.617289,-0.243809,0.058507,-0.057192,44.000000,47.274420,48.365086,49.866383,49.779774,0.057691,0.942309,1.090666,2.591963,2.505354,45.000000,47.366170,47.359315,47.134615,47.211774,0.343384,0.656616,-0.006855,-0.231555,-0.154397,72.342084,72.098275,72.400591,72.284891,0.382711,0.617289,-0.243809,0.058507,-0.057192
17.480000,87.000000,72.454868,72.472227,72.621157,72.564564,0.380000,0.620000,0.017359,0.166290,0.109696,44.000000,47.239060,47.996708,47.237339,47.280687,0.057084,0.942916,0.757647,-0.001721,0.041626,45.000000,47.322983,47.872071,47.409315,47.568478,0.343945,0.656055,0.549088,0.086332,0.245494,72.454868,72.472227,72.621157,72.564564,0.380000,0.620000,0.017359,0.166290,0.109696
17.500000,87.000000,72.567660,72.660532,72.764148,72.725083,0.377013,0.622987,0.092871,0.196488,0.157423,44.000000,47.203444,48.168620,43.770005,44.037470,0.060819,0.939181,0.965177,-3.433439,-3.165974,45.000000,47.279505,46.702768,47.180456,47.019801,0.336318,0.663682,-0.576737,-0.099049,-0.259704,72.567660,72.660532,72.764148,72.725083,0.377013,0.622987,0.092871,0.196488,0.157423
17.520000,87.000000,72.680462,73.546742,72.793885,73.081303,0.381770,0.618230,0.866280,0.113423,0.400841,44.000000,47.167570,49.052290,46.864094,47.000958,0.062550,0.937450,1.884720,-0.303476,-0.166612,45.000000,47.235737,47.988285,46.900828,47.274729,0.343832,0.656168,0.752548,-0.334909,0.038992,72.680462,73.546742,72.793885,73.081303,0.381770,0.618230,0.866280,0.113423,0.400841
17.540000,87.000000,72.793273,72.585277,73.275124,73.014871,0.377262,0.622738,-0.207996,0.481852,0.221599,44.000000,47.131441,47.939406,46.132528,46.248958,0.064439,0.935561,0.807964,-0.998913,-0.882484,45.000000,47.191682,46.966216,46.986072,46.979136,0.349309,0.650691,-0.225466,-0.205610,-0.212546,72.793273,72.585277,73.275124,73.014871,0.377262,0.622738,-0.207996,0.481852,0.221599
17.560000,87.000000,72.906092,72.328559,72.799562,72.622836,0.375212,0.624788,-0.577533,-0.106530,-0.283256,44.000000,47.095058,47.952305,48.882608,48.821167,0.066044,0.933956,0.857247,1.787550,1.726109,45.000000,47.147340,47.858940,47.015473,47.316019,0.356323,0.643677,0.711600,-0.131867,0.168679,72.906092,72.328559,72.799562,72.622836,0.375212,0.624788,-0.577533,-0.106530,-0.283256
17.580000,87.000000,73.018920,73.253098,73.369372,73.326630,0.367597,0.632403,0.234178,0.350451,0.307710,44.000000,47.058421,46.988680,52.418138,52.036569,0.070299,0.929701,-0.069741,5.359718,4.978148,45.000000,47.102714,46.921632,46.818107,46.856016,0.366183,0.633817,-0.181082,-0.284607,-0.246698,73.018920,73.253098,73.369372,73.326630,0.367597,0.632403,0.234178,0.350451,0.307710
17.600000,87.000000,73.131757,72.914131,73.048347,73.000009,0.360149,0.639851,-0.217626,-0.083410,-0.131748,44.000000,47.021531,45.780792,44.983591,45.041712,0.072906,0.927094,-1.240739,-2.037940,-1.979819,45.000000,47.057806,47.202669,46.630293,46.842342,0.370472,0.629528,0.144863,-0.427513,-0.215464,73.131757,72.914131,73.048347,73.000009,0.360149,0.639851,-0.217626,-0.083410,-0.131748
17.620000,87.000000,73.244603,73.273171,73.195958,73.223694,0.359213,0.640787,0.028568,-0.048645,-0.020909,44.000000,46.984390,45.801614,49.088257,48.867619,0.067139,0.932861,-1.182776,2.103867,1.883229,45.000000,47.012617,47.155738,46.866878,46.977700,0.383653,0.616347,0.143121,-0.145739,-0.034917,73.244603,73.273171,73.195958,73.223694,0.359213,0.640787,0.028568,-0.048645,-0.020909
17.640000,87.000000,73.357458,73.522538,73.083096,73.242710,0.363221,0.636779,0.165080,-0.274362,-0.114748,44.000000,46.946998,47.209167,40.247863,40.762971,0.074032,0.925968,0.262169,-6.699135,-6.184027,45.000000,46.967150,46.098515,46.842579,46.562301,0.376685,0.623315,-0.868635,-0.124571,-0.404849,73.357458,73.522538,73.083096,73.242710,0.363221,0.636779,0.165080,-0.274362,-0.114748
17.660000,87.000000,73.470322,73.442082,73.463349,73.455600,0.364367,0.635633,-0.028239,-0.006973,-0.014722,44.000000,46.909356,46.378836,42.153500,42.485068,0.078485,0.921515,-0.530519,-4.755856,-4.424288,45.000000,46.921407,46.757015,46.759337,46.758453,0.380707,0.619293,-0.164391,-0.162069,-0.162953,73.470322,73.442082,73.463349,73.455600,0.364367,0.635633,-0.028239,-0.006973,-0.014722
17.680000,87.000000,73.583194,74.256667,73.546574,73.811937,0.373703,0.626297,0.673473,-0.036620,0.228743,44.000000,46.871464,46.408581,46.759321,46.731541,0.079203,0.920797,-0.462883,-0.112143,-0.139923,45.000000,46.875389,47.017865,46.107515,46.453036,0.379548,0.620452,0.142476,-0.767874,-0.422353,73.583194,74.256667,73.546574,73.811937,0.373703,0.626297,0.673473,-0.036620,0.228743
17.700000,87.000000,73.696075,74.464450,74.064359,74.214741,0.375870,0.624130,0.768375,0.368284,0.518667,44.000000,46.833325,47.275279,45.073248,45.250598,0.080543,0.919457,0.441954,-1.760077,-1.582727,45.000000,46.829098,46.458329,46.660688,46.583706,0.380421,0.619579,-0.370769,-0.168411,-0.245392,73.696075,74.464450,74.064359,74.214741,0.375870,0.624130,0.768375,0.368284,0.518667
17.720000,87.000000,73.808965,74.056211,73.162085,73.496643,0.374174,0.625826,0.247247,-0.646880,-0.312322,44.000000,46.794939,46.611426,51.442146,51.032975,0.084721,0.915279,-0.183513,4.647207,4.238037,45.000000,46.782538,47.014515,46.858852,46.917739,0.378298,0.621702,0.231977,0.076314,0.135201,73.808965,74.056211,73.162085,73.496643,0.374174,0.625826,0.247247,-0.646880,-0.312322
17.740000,87.000000,73.921863,74.235096,73.376205,73.694344,0.370407,0.629593,0.313232,-0.545658,-0.227520,44.000000,46.756306,48.091916,48.075804,48.077173,0.084966,0.915034,1.335610,1.319498,1.320867,45.000000,46.735709,46.709981,47.333160,47.095269,0.381738,0.618262,-0.025728,0.597451,0.359560,73.921863,74.235096,73.376205,73.694344,0.370407,0.629593,0.313232,-0.545658,-0.227520
17.760000,87.000000,74.034771,73.519088,74.164187,73.925014,0.370755,0.629245,-0.515683,0.129416,-0.109757,44.000000,46.717427,48.480779,52.811484,52.418646,0.090726,0.909274,1.763352,6.094056,5.701219,45.000000,46.688615,45.900662,46.566743,46.320883,0.369114,0.630886,-0.787952,-0.121872,-0.367731,74.034771,73.519088,74.164187,73.925014,0.370755,0.629245,-0.515683,0.129416,-0.109757
17.780000,87.000000,74.147687,74.196903,74.465701,74.364497,0.376504,0.623496,0.049216,0.318014,0.216810,44.000000,46.678304,45.874150,48.642311,48.386773,0.092320,0.907680,-0.804155,1.964007,1.708469,45.000000,46.641256,46.608686,46.952592,46.827366,0.364130,0.635870,-0.032570,0.311336,0.186110,74.147687,74.196903,74.465701,74.364497,0.376504,0.623496,0.049216,0.318014,0.216810
17.800000,87.000000,74.260612,74.193823,74.033288,74.094479,0.381169,0.618831,-0.066788,-0.227323,-0.166132,44.000000,46.638937,48.002556,52.885979,52.409566,0.097579,0.902421,1.363620,6.247042,5.770629,45.000000,46.593636,46.707718,46.594221,46.635284,0.361799,0.638201,0.114082,0.000586,0.041648,74.260612,74.193823,74.033288,74.094479,0.381169,0.618831,-0.066788,-0.227323,-0.166132
17.820000,87.000000,74.373545,74.255031,74.619416,74.481188,0.379347,0.620653,-0.118514,0.245871,0.107643,44.000000,46.599326,45.285426,48.734212,48.399352,0.097105,0.902895,-1.313900,2.134886,1.800026,45.000000,46.545756,46.629263,46.615445,46.620509,0.366438,0.633562,0.083507,0.069689,0.074752,74.373545,74.255031,74.619416,74.481188,0.379347,0.620653,-0.118514,0.245871,0.107643
17.840000,87.000000,74.486487,74.671203,74.110426,74.319731,0.373241,0.626759,0.184716,-0.376061,-0.166756,44.000000,46.559473,47.153812,46.023684,46.133925,0.097549,0.902451,0.594339,-0.535789,-0.425548,45.000000,46.497620,46.465115,46.620746,46.564274,0.362862,0.637138,-0.032505,0.123127,0.066654,74.486487,74.671203,74.110426,74.319731,0.373241,0.626759,0.184716,-0.376061,-0.166756
17.860000,87.000000,74.599438,73.876763,74.725611,74.409036,0.372947,0.627053,-0.722675,0.126173,-0.190402,44.000000,46.519378,46.072527,47.900147,47.721215,0.097908,0.902092,-0.446852,1.380769,1.201836,45.000000,46.449229,44.721707,46.166682,45.668932,0.344471,0.655529,-1.727522,-0.282546,-0.780297,74.599438,73.876763,74.725611,74.409036,0.372947,0.627053,-0.722675,0.126173,-0.190402
17.880000,87.000000,74.712398,74.707202,74.821527,74.778666,0.374899,0.625101,-0.005196,0.109129,0.066269,44.000000,46.479043,46.641824,48.452355,48.273601,0.098733,0.901267,0.162781,1.973312,1.794558,45.000000,46.400585,46.447141,46.488867,46.474373,0.347364,0.652636,0.046556,0.088282,0.073788,74.712398,74.707202,74.821527,74.778666,0.374899,0.625101,-0.005196,0.109129,0.066269
17.900000,87.000000,74.825366,73.946248,74.854040,74.513522,0.375106,0.624894,-0.879118,0.028674,-0.311843,44.000000,46.438468,46.270216,44.788299,44.937183,0.100469,0.899531,-0.168252,-1.650169,-1.501286,45.000000,46.351691,46.004878,45.792254,45.867880,0.355681,0.644319,-0.346814,-0.559437,-0.483811,74.825366,73.946248,74.854040,74.513522,0.375106,0.624894,-0.879118,0.028674,-0.311843
17.920000,87.000000,74.938343,74.700676,74.972315,74.868547,0.382008,0.617992,-0.237667,0.033972,-0.069796,44.000000,46.397655,46.735717,45.656215,45.766018,0.101717,0.898283,0.338063,-0.741439,-0.631637,45.000000,46.302550,46.587668,46.633343,46.617156,0.354406,0.645594,0.285118,0.330793,0.314606,74.938343,74.700676,74.972315,74.868547,0.382008,0.617992,-0.237667,0.033972,-0.069796
17.940000,87.000000,75.051328,75.088318,74.909588,74.977844,0.381893,0.618107,0.036990,-0.141741,-0.073485,44.000000,46.356604,47.217089,55.936386,54.949451,0.113265,0.886735,0.860485,9.579783,8.592848,45.000000,46.253164,46.495662,46.688396,46.621033,0.349512,0.650488,0.242498,0.435233,0.367870,75.051328,75.088318,74.909588,74.977844,0.381893,0.618107,0.036990,-0.141741,-0.073485
17.960000,87.000000,75.164322,75.109084,75.252759,75.197950,0.381476,0.618524,-0.055238,0.088437,0.033628,44.000000,46.315316,48.342842,45.961723,46.239454,0.116644,0.883356,2.027526,-0.353593,-0.075862,45.000000,46.203535,46.223081,46.390449,46.332134,0.348420,0.651580,0.019546,0.186914,0.128600,75.164322,75.109084,75.252759,75.197950,0.381476,0.618524,-0.055238,0.088437,0.033628
17.980000,87.000000,75.277325,74.409177,75.666450,75.202288,0.369183,0.630817,-0.868148,0.389125,-0.075037,44.000000,46.273792,46.657803,42.889700,43.331028,0.117136,0.882864,0.384011,-3.384092,-2.942764,45.000000,46.153665,45.395921,45.914632,45.734315,0.347626,0.652374,-0.757745,-0.239034,-0.419351,75.277325,74.409177,75.666450,75.202288,0.369183,0.630817,-0.868148,0.389125,-0.075037
18.000000,87.000000,75.390337,75.027259,74.981759,74.998200,0.361327,0.638673,-0.363077,-0.408577,-0.392137,44.000000,46.232034,46.982677,46.081344,46.192075,0.122853,0.877147,0.750643,-0.150689,-0.039959,45.000000,46.103559,46.514378,45.958945,46.155217,0.353368,0.646632,0.410820,-0.144613,0.051658,75.390337,75.027259,74.981759,74.998200,0.361327,0.638673,-0.363077,-0.408577,-0.392137
18.020000,87.000000,75.503357,75.119972,75.661276,75.469979,0.353401,0.646599,-0.383385,0.157919,-0.033378,44.000000,46.190042,46.440260,41.585121,42.245401,0.136022,0.863978,0.250218,-4.604921,-3.944641,45.000000,46.053217,46.162945,45.768174,45.907774,0.353624,0.646376,0.109728,-0.285043,-0.145443,75.503357,75.119972,75.661276,75.469979,0.353401,0.646599,-0.383385,0.157919,-0.033378
18.040000,87.000000,75.616385,75.864474,75.355739,75.536837,0.355977,0.644023,0.248089,-0.260646,-0.079548,44.000000,46.147818,46.741969,50.695597,50.094130,0.152148,0.847852,0.594151,4.547780,3.946312,45.000000,46.002643,46.434920,45.762866,46.007497,0.364005,0.635995,0.432277,-0.239777,0.004854,75.616385,75.864474,75.355739,75.536837,0.355977,0.644023,0.248089,-0.260646,-0.079548
18.060000,87.000000,75.729422,74.833914,76.163000,75.702463,0.346508,0.653492,-0.895508,0.433577,-0.026959,44.000000,46.105362,46.326838,47.108113,46.976368,0.168629,0.831371,0.221475,1.002750,0.871005,45.000000,45.951839,45.749986,45.706611,45.722363,0.363168,0.636832,-0.201853,-0.245228,-0.229476,75.729422,74.833914,76.163000,75.702463,0.346508,0.653492,-0.895508,0.433577,-0.026959
18.080000,87.000000,75.842468,74.598637,76.010623,75.536377,0.335873,0.664127,-1.243831,0.168154,-0.306091,44.000000,46.062677,48.012026,50.129971,49.708245,0.199126,0.800874,1.949349,4.067294,3.645567,45.000000,45.900808,46.368842,46.420120,46.401528,0.362571,0.637429,0.468034,0.519312,0.500720,75.842468,74.598637,76.010623,75.536377,0.335873,0.664127,-1.243831,0.168154,-0.306091
18.100000,87.000000,75.955523,75.452468,76.019968,75.832907,0.329623,0.670377,-0.503054,0.064446,-0.122615,44.000000,46.019763,46.354551,42.061713,43.194453,0.263889,0.736111,0.334789,-3.958050,-2.825310,45.000000,45.849553,45.888167,45.803693,45.834396,0.363464,0.636536,0.038614,-0.045860,-0.015157,75.955523,75.452468,76.019968,75.832907,0.329623,0.670377,-0.503054,0.064446,-0.122615
18.120000,87.000000,76.068585,76.578726,75.758859,76.038743,0.341378,0.658622,0.510141,-0.309726,-0.029842,44.000000,45.976621,46.297301,40.426572,42.770094,0.399209,0.600791,0.320680,-5.550049,-3.206527,45.000000,45.798539,44.741419,46.024007,45.574149,0.350744,0.649256,-1.057120,0.225468,-0.224390,76.068585,76.578726,75.758859,76.038743,0.341378,0.658622,0.510141,-0.309726,-0.029842
18.140000,87.000000,76.181657,76.511765,75.987483,76.169119,0.346448,0.653552,0.330108,-0.194174,-0.012538,44.000000,45.933252,45.823704,39.289560,44.126460,0.740200,0.259800,-0.109549,-6.643692,-1.806792,45.000000,45.748239,46.218803,45.614374,45.842553,0.377512,0.622488,0.470565,-0.133865,0.094314,76.181657,76.511765,75.987483,76.169119,0.346448,0.653552,0.330108,-0.194174,-0.012538
18.160000,87.000000,76.294737,76.414009,76.353398,76.375697,0.367894,0.632106,0.119272,0.058661,0.080960,44.000000,45.889659,46.429179,40.676210,45.223905,0.790455,0.209545,0.539520,-5.213449,-0.665754,45.000000,45.698648,45.461380,45.670564,45.591591,0.377530,0.622470,-0.237269,-0.028084,-0.107058,76.294737,76.414009,76.353398,76.375697,0.367894,0.632106,0.119272,0.058661,0.080960
18.180000,87.000000,76.407826,76.253295,76.622764,76.487802,0.365286,0.634714,-0.154531,0.214939,0.079977,44.000000,45.845842,45.523204,40.610614,44.501730,0.792041,0.207959,-0.322637,-5.235228,-1.344112,45.000000,45.649766,45.227227,45.585246,45.454138,0.366205,0.633795,-0.422539,-0.064520,-0.195628,76.407826,76.253295,76.622764,76.487802,0.365286,0.634714,-0.154531,0.214939,0.079977
18.200000,87.000000,76.520923,76.014120,76.796351,76.516154,0.358203,0.641797,-0.506802,0.275428,-0.004769,44.000000,45.801802,45.894237,52.055200,47.111852,0.802320,0.197680,0.092435,6.253398,1.310050,45.000000,45.601588,45.953138,45.308613,45.552683,0.378683,0.621317,0.351550,-0.292975,-0.048905,76.520923,76.014120,76.796351,76.516154,0.358203,0.641797,-0.506802,0.275428,-0.004769
18.220000,87.000000,76.634029,76.132651,76.805433,76.572995,0.345488,0.654512,-0.501378,0.171404,-0.061034,44.000000,45.757541,44.914586,45.499448,45.036510,0.791533,0.208467,-0.842955,-0.258093,-0.721031,45.000000,45.554113,44.939153,45.280507,45.152188,0.375913,0.624087,-0.614960,-0.273605,-0.401925,76.634029,76.132651,76.805433,76.572995,0.345488,0.654512,-0.501378,0.171404,-0.061034
18.240000,87.000000,76.747143,75.886266,76.723793,76.436475,0.343056,0.656944,-0.860877,-0.023350,-0.310668,44.000000,45.713061,45.076900,46.364462,45.345375,0.791483,0.208517,-0.636160,0.651401,-0.367685,45.000000,45.507337,44.685438,45.273785,45.053378,0.374622,0.625378,-0.821899,-0.233552,-0.453959,76.747143,75.886266,76.723793,76.436475,0.343056,0.656944,-0.860877,-0.023350,-0.310668
18.260000,87.000000,76.860265,76.724995,76.907049,76.845799,0.336442,0.663558,-0.135270,0.046784,-0.014467,44.000000,45.668362,45.198812,46.110203,45.383076,0.797820,0.202180,-0.469550,0.441841,-0.285286,45.000000,45.461258,46.003081,45.214990,45.504648,0.367544,0.632456,0.541823,-0.246268,0.043389,76.860265,76.724995,76.907049,76.845799,0.336442,0.663558,-0.135270,0.046784,-0.014467
18.280000,87.000000,76.973397,77.570398,76.726767,77.008430,0.333870,0.666130,0.597001,-0.246630,0.035033,44.000000,45.623446,45.026943,45.149557,45.053340,0.784717,0.215283,-0.596503,-0.473889,-0.570106,45.000000,45.415874,45.508988,46.276197,45.987275,0.376588,0.623412,0.093114,0.860323,0.571402,76.973397,77.570398,76.726767,77.008430,0.333870,0.666130,0.597001,-0.246630,0.035033
18.300000,87.000000,77.086537,77.612508,77.519540,77.551025,0.338660,0.661340,0.525972,0.433003,0.464488,44.000000,45.578315,44.881649,48.950512,45.667543,0.806832,0.193168,-0.696666,3.372197,0.089228,45.000000,45.371181,44.727605,45.395007,45.146992,0.371612,0.628388,-0.643576,0.023826,-0.224189,77.086537,77.612508,77.519540,77.551025,0.338660,0.661340,0.525972,0.433003,0.464488
18.320000,87.000000,77.199685,77.347731,77.265410,77.293056,0.335832,0.664168,0.148046,0.065725,0.093371,44.000000,45.532970,45.324542,42.214606,44.669439,0.789340,0.210660,-0.208427,-3.318363,-0.863531,45.000000,45.327177,45.411356,44.983997,45.144142,0.374732,0.625268,0.084179,-0.343180,-0.183035,77.199685,77.347731,77.265410,77.293056,0.335832,0.664168,0.148046,0.065725,0.093371
18.340000,87.000000,77.312842,77.326178,77.343138,77.337549,0.329574,0.670426,0.013336,0.030297,0.024707,44.000000,45.487412,46.330831,45.410504,46.146439,0.799645,0.200355,0.843419,-0.076908,0.659027,45.000000,45.283861,45.083905,45.794777,45.529472,0.373211,0.626789,-0.199956,0.510916,0.245611,77.312842,77.326178,77.343138,77.337549,0.329574,0.670426,0.013336,0.030297,0.024707
18.360000,87.000000,77.426007,77.930905,77.583072,77.698109,0.330725,0.669275,0.504898,0.157065,0.272102,44.000000,45.441644,43.803185,40.770588,43.180932,0.794801,0.205199,-1.638459,-4.671056,-2.260712,45.000000,45.241228,44.777018,45.200356,45.045900,0.364852,0.635148,-0.464211,-0.040872,-0.195328,77.426007,77.930905,77.583072,77.698109,0.330725,0.669275,0.504898,0.157065,0.272102
18.380000,87.000000,77.539181,78.173069,77.526020,77.742906,0.335193,0.664807,0.633888,-0.013161,0.203725,44.000000,45.395666,45.069027,50.163582,46.082229,0.801089,0.198911,-0.326639,4.767916,0.686563,45.000000,45.199278,44.304440,45.329265,44.966865,0.353623,0.646377,-0.894837,0.129987,-0.232413,77.539181,78.173069,77.526020,77.742906,0.335193,0.664807,0.633888,-0.013161,0.203725
18.400000,87.000000,77.652363,76.051665,77.209798,76.833529,0.324894,0.675106,-1.600698,-0.442565,-0.818834,44.000000,45.349481,46.834348,47.591354,46.978763,0.809228,0.190772,1.484867,2.241873,1.629282,45.000000,45.158007,45.424644,45.501828,45.474833,0.349742,0.650258,0.266637,0.343821,0.316827,77.652363,76.051665,77.209798,76.833529,0.324894,0.675106,-1.600698,-0.442565,-0.818834
18.420000,87.000000,77.765554,77.165398,77.612996,77.468097,0.323726,0.676274,-0.600155,-0.152558,-0.297457,44.000000,45.303089,44.828521,47.767872,45.340169,0.825921,0.174079,-0.474569,2.464782,0.037080,45.000000,45.117413,46.068622,45.072462,45.430855,0.359775,0.640225,0.951209,-0.044950,0.313442,77.765554,77.165398,77.612996,77.468097,0.323726,0.676274,-0.600155,-0.152558,-0.297457
18.440000,87.000000,77.878744,77.574140,77.789109,77.719491,0.323854,0.676146,-0.304604,-0.089634,-0.159253,44.000000,45.256494,45.186092,36.970104,43.605941,0.807592,0.192408,-0.070402,-8.286390,-1.650553,45.000000,45.077493,45.340454,44.679389,44.921688,0.366528,0.633472,0.262961,-0.398104,-0.155805,77.878744,77.574140,77.789109,77.719491,0.323854,0.676146,-0.304604,-0.089634,-0.159253
18.460000,87.000000,77.991934,78.389781,78.212859,78.270693,0.326891,0.673109,0.397847,0.220925,0.278759,44.000000,45.209695,45.710010,43.993958,45.356718,0.794121,0.205879,0.500315,-1.215737,0.147023,45.000000,45.038246,45.221174,45.466363,45.377433,0.362699,0.637301,0.182928,0.428117,0.339187,77.991934,78.389781,78.212859,78.270693,0.326891,0.673109,0.397847,0.220925,0.278759
18.480000,87.000000,78.105125,78.033628,78.139379,78.104787,0.327107,0.672893,-0.071497,0.034254,-0.000338,44.000000,45.162696,46.292435,49.535904,46.896633,0.813706,0.186294,1.129739,4.373208,1.733937,45.000000,44.999670,44.203399,44.742642,44.551593,0.354290,0.645710,-0.796270,-0.257028,-0.448076,78.105125,78.033628,78.139379,78.104787,0.327107,0.672893,-0.071497,0.034254,-0.000338
18.500000,87.000000,78.218320,77.280522,77.718796,77.576475,0.324730,0.675270,-0.937798,-0.499524,-0.641845,44.000000,45.115498,43.512014,45.976845,43.912106,0.837673,0.162327,-1.603484,0.861347,-1.203392,45.000000,44.961760,44.147623,45.162641,44.807448,0.349939,0.650061,-0.814137,0.200881,-0.154313,78.218320,77.280522,77.718796,77.576475,0.324730,0.675270,-0.937798,-0.499524,-0.641845
18.520000,87.000000,78.331518,78.236357,78.328180,78.298809,0.319860,0.680140,-0.095161,-0.003338,-0.032709,44.000000,45.068101,45.660093,50.405258,46.494227,0.824187,0.175813,0.591991,5.337157,1.426126,45.000000,44.924517,45.683589,45.078048,45.287322,0.345599,0.654401,0.759073,0.153531,0.362806,78.331518,78.236357,78.328180,78.298809,0.319860,0.680140,-0.095161,-0.003338,-0.032709
18.540000,87.000000,78.444721,78.523130,78.897332,78.776915,0.321797,0.678203,0.078409,0.452611,0.332194,44.000000,45.020510,44.661948,40.868891,44.033655,0.834340,0.165660,-0.358562,-4.151618,-0.986854,45.000000,44.887936,45.203033,44.726284,44.892803,0.349279,0.650721,0.315097,-0.161652,0.004867,78.444721,78.523130,78.897332,78.776915,0.321797,0.678203,0.078409,0.452611,0.332194
18.560000,87.000000,78.557931,79.155507,78.340396,78.609793,0.330504,0.669496,0.597577,-0.217534,0.051862,44.000000,44.972724,44.464760,42.574665,44.174649,0.846506,0.153494,-0.507964,-2.398059,-0.798075,45.000000,44.852017,45.041998,44.474895,44.672541,0.348519,0.651481,0.189982,-0.377122,-0.179476,78.557931,79.155507,78.340396,78.609793,0.330504,0.669496,0.597577,-0.217534,0.051862
18.580000,87.000000,78.671147,79.754544,78.525404,78.940875,0.338019,0.661981,1.083398,-0.145743,0.269729,44.000000,44.924747,45.600675,45.602664,45.601014,0.829327,0.170673,0.675928,0.677918,0.676268,45.000000,44.816756,44.636997,45.021135,44.888701,0.344757,0.655243,-0.179759,0.204379,0.071945,78.671147,79.754544,78.525404,78.940875,0.338019,0.661981,1.083398,-0.145743,0.269729
18.600000,87.000000,78.784370,78.273903,78.817840,78.635773,0.334721,0.665279,-0.510468,0.033470,-0.148597,44.000000,44.876579,43.889292,44.804782,44.038933,0.836544,0.163456,-0.987287,-0.071797,-0.837646,45.000000,44.782152,45.584549,44.887607,45.127690,0.344482,0.655518,0.802397,0.105455,0.345538,78.784370,78.273903,78.817840,78.635773,0.334721,0.665279,-0.510468,0.033470,-0.148597
18.620000,87.000000,78.897602,79.335572,78.538624,78.809679,0.340117,0.659883,0.437970,-0.358978,-0.087923,44.000000,44.828223,44.788878,45.272100,44.872643,0.826653,0.173347,-0.039345,0.443877,0.044420,45.000000,44.748202,45.504256,44.886738,45.100720,0.346521,0.653479,0.756053,0.138535,0.352518,78.897602,79.335572,78.538624,78.809679,0.340117,0.659883,0.437970,-0.358978,-0.087923
18.640000,87.000000,79.010843,78.828266,79.070523,78.989395,0.334883,0.665117,-0.182577,0.059680,-0.021447,44.000000,44.779681,44.689425,45.349813,44.800919,0.831169,0.168831,-0.090256,0.570132,0.021238,45.000000,44.714905,45.261774,44.411809,44.717608,0.359779,0.640221,0.546869,-0.303097,0.002703,79.010843,78.828266,79.070523,78.989395,0.334883,0.665117,-0.182577,0.059680,-0.021447
18.660000,87.000000,79.124089,80.098984,78.909208,79.316917,0.342678,0.657322,0.974894,-0.214881,0.192827,44.000000,44.730954,44.444023,45.082172,44.569174,0.803884,0.196116,-0.286931,0.351217,-0.161781,45.000000,44.682258,43.379233,44.731822,44.263679,0.346111,0.653889,-1.303025,0.049564,-0.418580,79.124089,80.098984,78.909208,79.316917,0.342678,0.657322,0.974894,-0.214881,0.192827
18.680000,87.000000,79.237343,79.545759,79.310949,79.390813,0.340120,0.659880,0.308416,0.073606,0.153470,44.000000,44.682874,44.999261,43.988085,44.807244,0.810104,0.189896,0.316387,-0.694789,0.124370,45.000000,44.650259,43.979972,44.134684,44.082620,0.336526,0.663474,-0.670287,-0.515575,-0.567640,79.237343,79.545759,79.310949,79.390813,0.340120,0.659880,0.308416,0.073606,0.153470
18.700000,87.000000,79.350604,79.434086,79.341256,79.372728,0.339028,0.660972,0.083482,-0.009348,0.022124,44.000000,44.635442,45.218672,44.626368,45.100401,0.800320,0.199680,0.583231,-0.009074,0.464959,45.000000,44.618907,44.369794,44.136037,44.215504,0.339959,0.660041,-0.249113,-0.482870,-0.403402,79.350604,79.434086,79.341256,79.372728,0.339028,0.660972,0.083482,-0.009348,0.022124
18.720000,87.000000,79.463873,79.610032,79.848453,79.769688,0.330359,0.669641,0.146159,0.384580,0.305815,44.000000,44.588656,44.936053,44.214252,44.808864,0.823789,0.176211,0.347397,-0.374403,0.220208,45.000000,44.588198,45.432025,45.120019,45.226617,0.341652,0.658348,0.843827,0.531822,0.638419,79.463873,79.610032,79.848453,79.769688,0.330359,0.669641,0.146159,0.384580,0.305815
18.740000,87.000000,79.577149,79.008287,79.644129,79.441402,0.318833,0.681167,-0.568863,0.066980,-0.135747,44.000000,44.542514,44.998407,45.330809,45.057256,0.822956,0.177044,0.455893,0.788295,0.514743,45.000000,44.558131,44.472211,44.365832,44.402665,0.346247,0.653753,-0.085920,-0.192300,-0.155466,79.577149,79.008287,79.644129,79.441402,0.318833,0.681167,-0.568863,0.066980,-0.135747
18.760000,87.000000,79.690433,79.809972,79.753924,79.772067,0.323706,0.676294,0.119539,0.063491,0.081634,44.000000,44.497013,45.755672,45.104579,45.634605,0.814055,0.185945,1.258659,0.607566,1.137592,45.000000,44.528704,44.341536,44.071070,44.166921,0.354393,0.645607,-0.187169,-0.457634,-0.361783,79.690433,79.809972,79.753924,79.772067,0.323706,0.676294,0.119539,0.063491,0.081634
18.780000,87.000000,79.803725,79.822419,80.499405,80.281319,0.322144,0.677856,0.018694,0.695680,0.477593,44.000000,44.452152,44.636202,44.350438,44.579159,0.800384,0.199616,0.184050,-0.101713,0.127007,45.000000,44.499915,45.354778,44.855878,45.035774,0.360585,0.639415,0.854863,0.355963,0.535859,79.803725,79.822419,80.499405,80.281319,0.322144,0.677856,0.018694,0.695680,0.477593
18.800000,87.000000,79.917025,80.467763,79.336876,79.709881,0.329835,0.670165,0.550739,-0.580148,-0.207144,44.000000,44.407927,44.163805,44.751372,44.297373,0.772676,0.227324,-0.244122,0.343445,-0.110555,45.000000,44.471762,44.620471,44.293413,44.412007,0.362609,0.637391,0.148709,-0.178350,-0.059755,79.917025,80.467763,79.336876,79.709881,0.329835,0.670165,0.550739,-0.580148,-0.207144
18.820000,87.000000,80.030332,80.053303,79.914702,79.960919,0.333456,0.666544,0.022971,-0.115630,-0.069413,44.000000,44.364338,43.255379,44.115846,43.460970,0.761070,0.238930,-1.108959,-0.248491,-0.903368,45.000000,44.444243,44.616493,44.328702,44.433784,0.365132,0.634868,0.172250,-0.115541,-0.010460,80.030332,80.053303,79.914702,79.960919,0.333456,0.666544,0.022971,-0.115630,-0.069413
18.840000,87.000000,80.143647,80.063107,80.325442,80.239530,0.327491,0.672509,-0.080540,0.181795,0.095883,44.000000,44.321381,45.859394,44.425994,45.511730,0.757453,0.242547,1.538013,0.104613,1.190350,45.000000,44.417356,44.781789,44.800623,44.793710,0.367035,0.632965,0.364433,0.383267,0.376354,80.143647,80.063107,80.325442,80.239530,0.327491,0.672509,-0.080540,0.181795,0.095883
18.860000,87.000000,80.256968,80.829956,80.229624,80.432605,0.338115,0.661885,0.572987,-0.027344,0.175637,44.000000,44.279054,44.454849,44.956685,44.579559,0.751494,0.248506,0.175795,0.677631,0.300505,45.000000,44.391099,43.532186,44.672310,44.247336,0.372745,0.627255,-0.858913,0.281211,-0.143763,80.256968,80.829956,80.229624,80.432605,0.338115,0.661885,0.572987,-0.027344,0.175637
18.880000,87.000000,80.370296,80.070849,79.971222,80.005088,0.339932,0.660068,-0.299448,-0.399074,-0.365208,44.000000,44.237356,44.252285,44.847297,44.404248,0.744605,0.255395,0.014929,0.609942,0.166893,45.000000,44.365470,44.184376,44.529614,44.401799,0.370225,0.629775,-0.181094,0.164144,0.036328,80.370296,80.070849,79.971222,80.005088,0.339932,0.660068,-0.299448,-0.399074,-0.365208
18.900000,87.000000,80.483631,79.577933,80.635091,80.278291,0.337509,0.662491,-0.905698,0.151460,-0.205339,44.000000,44.196283,43.848858,44.872606,44.099198,0.755466,0.244534,-0.347425,0.676322,-0.097085,45.000000,44.340467,44.149040,44.010255,44.061482,0.369112,0.630888,-0.191428,-0.330212,-0.278985,80.483631,79.577933,80.635091,80.278291,0.337509,0.662491,-0.905698,0.151460,-0.205339
18.920000,87.000000,80.596971,80.171321,80.305816,80.260318,0.338289,0.661711,-0.425650,-0.291155,-0.336653,44.000000,44.155835,43.056055,44.356094,43.361079,0.765371,0.234629,-1.099781,0.200259,-0.794756,45.000000,44.316089,44.432955,44.651543,44.571105,0.367987,0.632013,0.116866,0.335454,0.255017,80.596971,80.171321,80.305816,80.260318,0.338289,0.661711,-0.425650,-0.291155,-0.336653
18.940000,87.000000,80.710316,80.436311,80.728396,80.630667,0.334592,0.665408,-0.274005,0.018080,-0.079649,44.000000,44.116009,45.504140,43.355703,44.813935,0.678736,0.321264,1.388131,-0.760306,0.697926,45.000000,44.292333,44.157909,43.951468,44.028057,0.370998,0.629002,-0.134424,-0.340865,-0.264276,80.710316,80.436311,80.728396,80.630667,0.334592,0.665408,-0.274005,0.018080,-0.079649
18.960000,87.000000,80.823665,81.089176,80.607506,80.770988,0.339407,0.660593,0.265511,-0.216159,-0.052677,44.000000,44.076802,43.749547,43.787742,43.761307,0.692105,0.307895,-0.327255,-0.289060,-0.315495,45.000000,44.269197,43.931592,44.178832,44.087374,0.369916,0.630084,-0.337606,-0.090366,-0.181824,80.823665,81.089176,80.607506,80.770988,0.339407,0.660593,0.265511,-0.216159,-0.052677
18.980000,87.000000,80.937017,82.179554,80.781107,81.283438,0.359208,0.640792,1.242537,-0.155910,0.346420,44.000000,44.038213,44.048632,44.115131,44.068064,0.707779,0.292221,0.010419,0.076918,0.029851,45.000000,44.246680,44.223338,44.266117,44.250081,0.374851,0.625149,-0.023342,0.019436,0.003401,80.937017,82.179554,80.781107,81.283438,0.359208,0.640792,1.242537,-0.155910,0.346420
19.000000,87.000000,81.050372,80.521357,80.746208,80.666249,0.355609,0.644391,-0.529016,-0.304164,-0.384124,44.000000,44.000240,42.719914,43.562379,42.959905,0.715131,0.284869,-1.280326,-0.437861,-1.040335,45.000000,44.224780,44.046873,44.352254,44.239894,0.367933,0.632067,-0.177908,0.127474,0.015114,81.050372,80.521357,80.746208,80.666249,0.355609,0.644391,-0.529016,-0.304164,-0.384124
19.020000,87.000000,81.163729,80.683852,81.350499,81.114361,0.354218,0.645782,-0.479877,0.186770,-0.049368,44.000000,43.962881,43.799015,43.413736,43.695858,0.732253,0.267747,-0.163866,-0.549144,-0.267023,45.000000,44.203495,44.043259,44.092542,44.074595,0.364165,0.635835,-0.160236,-0.110953,-0.128900,81.163729,80.683852,81.350499,81.114361,0.354218,0.645782,-0.479877,0.186770,-0.049368
19.040000,87.000000,81.277086,80.976313,81.785908,81.507165,0.344300,0.655700,-0.300773,0.508821,0.230079,44.000000,43.926133,43.777085,44.088147,43.869710,0.702227,0.297773,-0.149048,0.162015,-0.056422,45.000000,44.182823,44.575258,43.595535,43.955672,0.367592,0.632408,0.392435,-0.587288,-0.227151,81.277086,80.976313,81.785908,81.507165,0.344300,0.655700,-0.300773,0.508821,0.230079
19.060000,87.000000,81.390443,81.717612,81.471136,81.559247,0.357482,0.642518,0.327169,0.080694,0.168804,44.000000,43.889994,44.705962,43.569247,44.353898,0.690278,0.309722,0.815967,-0.320747,0.463903,45.000000,44.162762,44.493026,43.972642,44.165938,0.371449,0.628551,0.330264,-0.190120,0.003176,81.390443,81.717612,81.471136,81.559247,0.357482,0.642518,0.327169,0.080694,0.168804
19.080000,87.000000,81.503797,81.902824,81.652656,81.744881,0.368652,0.631348,0.399027,0.148858,0.241083,44.000000,43.854464,43.933896,44.245557,44.036127,0.671980,0.328020,0.079432,0.391093,0.181663,45.000000,44.143309,44.302135,44.377909,44.349753,0.371572,0.628428,0.158825,0.234599,0.206444,81.503797,81.902824,81.652656,81.744881,0.368652,0.631348,0.399027,0.148858,0.241083
19.100000,87.000000,81.617149,81.326814,81.860448,81.663698,0.368698,0.631302,-0.290335,0.243299,0.046549,44.000000,43.819539,44.311963,45.277269,44.605058,0.696370,0.303630,0.492424,1.457730,0.785519,45.000000,44.124463,43.722773,44.052606,43.931265,0.367888,0.632112,-0.401690,-0.071857,-0.193198,81.617149,81.326814,81.860448,81.663698,0.368698,0.631302,-0.290335,0.243299,0.046549
19.120000,87.000000,81.730496,81.815099,81.429300,81.572646,0.371556,0.628444,0.084603,-0.301196,-0.157850,44.000000,43.785218,43.909097,43.102660,43.680595,0.716652,0.283348,0.123879,-0.682558,-0.104623,45.000000,44.106219,43.913075,44.169285,44.072400,0.378146,0.621854,-0.193144,0.063066,-0.033819,81.730496,81.815099,81.429300,81.572646,0.371556,0.628444,0.084603,-0.301196,-0.157850
19.140000,87.000000,81.843837,81.769610,81.648844,81.693295,0.368075,0.631925,-0.074228,-0.194993,-0.150542,44.000000,43.751499,44.179078,44.032317,44.140608,0.737870,0.262130,0.427579,0.280818,0.389109,45.000000,44.088576,44.249436,44.356239,44.316406,0.372956,0.627044,0.160860,0.267663,0.227830,81.843837,81.769610,81.648844,81.693295,0.368075,0.631925,-0.074228,-0.194993,-0.150542
19.160000,87.000000,81.957171,82.056459,82.349843,82.242603,0.365526,0.634474,0.099288,0.392671,0.285432,44.000000,43.718380,43.759812,42.407238,43.348668,0.696026,0.303974,0.041433,-1.311142,-0.369712,45.000000,44.071531,43.705144,44.212347,44.024500,0.370360,0.629640,-0.366387,0.140816,-0.047031,81.957171,82.056459,82.349843,82.242603,0.365526,0.634474,0.099288,0.392671,0.285432
19.180000,87.000000,82.070496,81.918669,82.179391,82.083881,0.366329,0.633671,-0.151827,0.108895,0.013385,44.000000,43.685858,42.038407,43.726503,42.660586,0.631429,0.368571,-1.647451,0.040644,-1.025272,45.000000,44.055081,44.584333,43.537643,43.932167,0.376926,0.623074,0.529252,-0.517438,-0.122914,82.070496,81.918669,82.179391,82.083881,0.366329,0.633671,-0.151827,0.108895,0.013385
19.200000,87.000000,82.183810,82.398165,82.129554,82.228994,0.370203,0.629797,0.214354,-0.054256,0.045184,44.000000,43.653933,44.657852,43.975857,44.418499,0.649039,0.350961,1.003919,0.321924,0.764566,45.000000,44.039224,43.608572,44.211505,43.987115,0.372165,0.627835,-0.430652,0.172281,-0.052110,82.183810,82.398165,82.129554,82.228994,0.370203,0.629797,0.214354,-0.054256,0.045184
19.220000,87.000000,82.297112,82.685334,82.242613,82.402184,0.360431,0.639569,0.388222,-0.054499,0.105071,44.000000,43.622603,42.874835,43.458907,43.080060,0.648629,0.351371,-0.747768,-0.163696,-0.542543,45.000000,44.023958,43.984453,44.018958,44.006010,0.375251,0.624749,-0.039505,-0.004999,-0.017948,82.297112,82.685334,82.242613,82.402184,0.360431,0.639569,0.388222,-0.054499,0.105071
19.240000,87.000000,82.410400,82.698486,82.417792,82.516657,0.352217,0.647783,0.288086,0.007392,0.106258,44.000000,43.591864,43.980582,42.840211,43.599820,0.666105,0.333895,0.388717,-0.751653,0.007955,45.000000,44.009279,44.750283,44.072590,44.326407,0.374532,0.625468,0.741004,0.063311,0.317128,82.410400,82.698486,82.417792,82.516657,0.352217,0.647783,0.288086,0.007392,0.106258
19.260000,87.000000,82.523671,81.797510,82.693711,82.373420,0.357389,0.642611,-0.726161,0.170040,-0.150252,44.000000,43.561717,43.690777,42.745815,43.388701,0.680330,0.319670,0.129060,-0.815902,-0.173015,45.000000,43.995185,44.442747,44.167400,44.272032,0.380000,0.620000,0.447563,0.172215,0.276847,82.523671,81.797510,82.693711,82.373420,0.357389,0.642611,-0.726161,0.170040,-0.150252
19.280000,87.000000,82.636925,82.904747,82.304903,82.520872,0.360042,0.639958,0.267822,-0.332022,-0.116053,44.000000,43.532158,44.229074,44.189482,44.216381,0.679399,0.320601,0.696916,0.657324,0.684223,45.000000,43.981673,43.243807,44.100862,43.777248,0.377589,0.622411,-0.737866,0.119189,-0.204425,82.636925,82.904747,82.304903,82.520872,0.360042,0.639958,0.267822,-0.332022,-0.116053
19.300000,87.000000,82.750158,82.019499,83.302309,82.825231,0.371902,0.628098,-0.730659,0.552150,0.075073,44.000000,43.503186,42.643520,43.003361,42.772011,0.642922,0.357078,-0.859667,-0.499825,-0.731175,45.000000,43.968742,44.753314,43.864574,44.186865,0.362638,0.637362,0.784572,-0.104168,0.218122,82.750158,82.019499,83.302309,82.825231,0.371902,0.628098,-0.730659,0.552150,0.075073
19.320000,87.000000,82.863370,83.257418,82.448452,82.744306,0.365719,0.634281,0.394048,-0.414918,-0.119064,44.000000,43.474800,42.554600,43.754107,42.963829,0.658835,0.341165,-0.920200,0.279307,-0.510971,45.000000,43.956388,44.954776,43.712028,44.151974,0.354012,0.645988,0.998387,-0.244360,0.195586,82.863370,83.257418,82.448452,82.744306,0.365719,0.634281,0.394048,-0.414918,-0.119064
19.340000,87.000000,82.976557,82.951951,82.687262,82.783482,0.363519,0.636481,-0.024605,-0.289294,-0.193075,44.000000,43.446996,43.138603,44.453414,43.606465,0.644159,0.355841,-0.308394,1.006418,0.159468,45.000000,43.944609,44.404584,43.963853,44.115220,0.343447,0.656553,0.459974,0.019243,0.170611,82.976557,82.951951,82.687262,82.783482,0.363519,0.636481,-0.024605,-0.289294,-0.193075
19.360000,87.000000,83.089717,82.268937,82.987941,82.720304,0.372233,0.627767,-0.820780,-0.101776,-0.369413,44.000000,43.419775,42.762541,42.996016,42.855071,0.603682,0.396318,-0.657234,-0.423759,-0.564704,45.000000,43.933403,44.551690,43.434919,43.805490,0.331825,0.668175,0.618287,-0.498484,-0.127913,83.089717,82.268937,82.987941,82.720304,0.372233,0.627767,-0.820780,-0.101776,-0.369413
19.380000,87.000000,83.202848,83.270340,83.520293,83.428310,0.368003,0.631997,0.067492,0.317445,0.225462,44.000000,43.393133,42.476885,43.395846,42.830682,0.615003,0.384997,-0.916248,0.002713,-0.562451,45.000000,43.922767,43.406508,44.000800,43.805168,0.329185,0.670815,-0.516259,0.078033,-0.117599,83.202848,83.270340,83.520293,83.428310,0.368003,0.631997,0.067492,0.317445,0.225462
19.400000,87.000000,83.315948,84.696504,83.016783,83.616761,0.357192,0.642808,1.380556,-0.299165,0.300813,44.000000,43.367070,44.399516,43.969672,44.236198,0.620052,0.379948,1.032447,0.602602,0.869128,45.000000,43.912698,44.885798,44.002740,44.286118,0.320906,0.679094,0.973100,0.090042,0.373420,83.315948,84.696504,83.016783,83.616761,0.357192,0.642808,1.380556,-0.299165,0.300813
19.420000,87.000000,83.429015,83.752331,83.751094,83.751533,0.354227,0.645773,0.323316,0.322080,0.322518,44.000000,43.341583,43.233470,42.531593,42.948375,0.593810,0.406190,-0.108113,-0.809989,-0.393208,45.000000,43.903194,44.420443,43.717375,43.945403,0.324332,0.675668,0.517248,-0.185819,0.042208,83.429015,83.752331,83.751094,83.751533,0.354227,0.645773,0.323316,0.322080,0.322518
19.440000,87.000000,83.542045,83.647664,84.038971,83.899457,0.356534,0.643466,0.105620,0.496926,0.357412,44.000000,43.316670,43.278829,43.298498,43.288898,0.488050,0.511950,-0.037841,-0.018172,-0.027772,45.000000,43.894253,43.965610,43.462663,43.626484,0.325722,0.674278,0.071357,-0.431591,-0.267769,83.542045,83.647664,84.038971,83.899457,0.356534,0.643466,0.105620,0.496926,0.357412
19.460000,87.000000,83.655036,82.653237,83.888803,83.435385,0.366974,0.633026,-1.001799,0.233768,-0.219651,44.000000,43.292331,44.409462,42.809779,43.579029,0.480877,0.519123,1.117132,-0.482552,0.286699,45.000000,43.885872,43.179046,43.269866,43.240485,0.323506,0.676494,-0.706826,-0.616007,-0.645387,83.655036,82.653237,83.888803,83.435385,0.366974,0.633026,-1.001799,0.233768,-0.219651
19.480000,87.000000,83.767985,83.722510,83.644319,83.672897,0.365494,0.634506,-0.045475,-0.123666,-0.095088,44.000000,43.268562,42.668893,43.207402,42.951368,0.475450,0.524550,-0.599669,-0.061160,-0.317194,45.000000,43.878049,44.504491,44.349497,44.399131,0.320231,0.679769,0.626442,0.471447,0.521082,83.767985,83.722510,83.644319,83.672897,0.365494,0.634506,-0.045475,-0.123666,-0.095088
19.500000,87.000000,83.880890,83.405319,83.851049,83.687580,0.366746,0.633254,-0.475571,-0.029841,-0.193311,44.000000,43.245364,43.571995,42.707807,43.134724,0.494009,0.505991,0.326632,-0.537556,-0.110639,45.000000,43.870781,44.709974,43.602589,43.941604,0.306141,0.693859,0.839193,-0.268192,0.070822,83.880890,83.405319,83.851049,83.687580,0.366746,0.633254,-0.475571,-0.029841,-0.193311
19.520000,87.000000,83.993748,84.488456,84.021968,84.190551,0.361387,0.638613,0.494708,0.028219,0.196802,44.000000,43.222733,42.289191,42.918498,42.667271,0.399213,0.600787,-0.933541,-0.304234,-0.555462,45.000000,43.864066,43.383770,43.568601,43.511045,0.311400,0.688600,-0.480296,-0.295466,-0.353022,83.993748,84.488456,84.021968,84.190551,0.361387,0.638613,0.494708,0.028219,0.196802
19.540000,87.000000,84.106556,84.632084,84.612017,84.619186,0.357242,0.642758,0.525527,0.505461,0.512629,44.000000,43.200668,43.113476,43.134141,43.126034,0.392309,0.607691,-0.087192,-0.066527,-0.074634,45.000000,43.857902,43.436384,43.935274,43.776655,0.317945,0.682055,-0.421518,0.077372,-0.081247,84.106556,84.632084,84.612017,84.619186,0.357242,0.642758,0.525527,0.505461,0.512629
19.560000,87.000000,84.219311,82.714473,83.610536,83.278671,0.370360,0.629640,-1.504838,-0.608775,-0.940641,44.000000,43.179168,43.578931,43.372435,43.450910,0.380031,0.619969,0.399763,0.193267,0.271742,45.000000,43.852285,44.707356,43.447613,43.841532,0.312700,0.687300,0.855070,-0.404672,-0.010753,84.219311,82.714473,83.610536,83.278671,0.370360,0.629640,-1.504838,-0.608775,-0.940641
19.580000,87.000000,84.332011,84.342400,84.930960,84.717142,0.363291,0.636709,0.010389,0.598950,0.385131,44.000000,43.158230,44.000069,43.750322,43.845802,0.382309,0.617691,0.841839,0.592092,0.687572,45.000000,43.847215,43.405371,43.688095,43.600050,0.311419,0.688581,-0.441844,-0.159119,-0.247165,84.332011,84.342400,84.930960,84.717142,0.363291,0.636709,0.010389,0.598950,0.385131
19.600000,87.000000,84.444651,83.947454,84.196691,84.105308,0.366650,0.633350,-0.497197,-0.247959,-0.339342,44.000000,43.137854,41.487467,42.402917,42.054018,0.381124,0.618876,-1.650386,-0.734937,-1.083836,45.000000,43.842687,43.469644,43.530990,43.511536,0.317112,0.682888,-0.373043,-0.311697,-0.331151,84.444651,83.947454,84.196691,84.105308,0.366650,0.633350,-0.497197,-0.247959,-0.339342
19.620000,87.000000,84.557229,85.308862,84.887022,85.039762,0.362082,0.637918,0.751633,0.329793,0.482534,44.000000,43.118036,42.588369,43.072363,42.888016,0.380888,0.619112,-0.529666,-0.045673,-0.230020,45.000000,43.838701,43.401420,43.776190,43.654545,0.324586,0.675414,-0.437281,-0.062511,-0.184156,84.557229,85.308862,84.887022,85.039762,0.362082,0.637918,0.751633,0.329793,0.482534
19.640000,87.000000,84.669741,84.440191,84.209018,84.293883,0.367106,0.632894,-0.229550,-0.460723,-0.375858,44.000000,43.098774,43.693514,43.455568,43.545766,0.379067,0.620933,0.594740,0.356795,0.446992,45.000000,43.835253,43.125517,43.871127,43.620414,0.336253,0.663747,-0.709736,0.035874,-0.214839,84.669741,84.440191,84.209018,84.293883,0.367106,0.632894,-0.229550,-0.460723,-0.375858
19.660000,87.000000,84.782185,84.725887,84.664246,84.686357,0.358713,0.641287,-0.056298,-0.117940,-0.095828,44.000000,43.080066,41.352408,43.733511,42.847850,0.371959,0.628041,-1.727658,0.653445,-0.232216,45.000000,43.832341,43.800040,43.146732,43.358518,0.324176,0.675824,-0.032301,-0.685609,-0.473823,84.782185,84.725887,84.664246,84.686357,0.358713,0.641287,-0.056298,-0.117940,-0.095828
19.680000,87.000000,84.894557,85.347385,84.996513,85.122621,0.359411,0.640589,0.452828,0.101956,0.228064,44.000000,43.061909,43.062137,43.211180,43.157230,0.361976,0.638024,0.000227,0.149270,0.095320,45.000000,43.829964,43.623500,43.499440,43.539418,0.322247,0.677753,-0.206464,-0.330523,-0.290546,84.894557,85.347385,84.996513,85.122621,0.359411,0.640589,0.452828,0.101956,0.228064
19.700000,87.000000,85.006854,85.505567,85.143584,85.274371,0.361306,0.638694,0.498714,0.136731,0.267517,44.000000,43.044302,43.052385,43.130515,43.102601,0.357274,0.642726,0.008083,0.086213,0.058299,45.000000,43.828117,44.215044,43.716558,43.875992,0.319837,0.680163,0.386926,-0.111560,0.047874,85.006854,85.505567,85.143584,85.274371,0.361306,0.638694,0.498714,0.136731,0.267517
19.720000,87.000000,85.118186,86.209006,84.961482,85.425873,0.372252,0.627748,1.090820,-0.156704,0.307687,44.000000,43.027242,43.153381,43.169672,43.163944,0.351648,0.648352,0.126140,0.142431,0.136702,45.000000,43.826801,43.687868,43.856223,43.801755,0.323533,0.676467,-0.138932,0.029422,-0.025046,85.118186,86.209006,84.961482,85.425873,0.372252,0.627748,1.090820,-0.156704,0.307687
19.740000,87.000000,85.228556,85.678482,85.133136,85.333544,0.367488,0.632512,0.449926,-0.095420,0.104988,44.000000,43.010726,43.427370,42.759522,42.997603,0.356490,0.643510,0.416644,-0.251203,-0.013122,45.000000,43.826011,43.387059,43.812228,43.673057,0.327331,0.672669,-0.438952,-0.013783,-0.152954,85.228556,85.678482,85.133136,85.333544,0.367488,0.632512,0.449926,-0.095420,0.104988
19.760000,87.000000,85.337968,84.288457,85.350588,84.956736,0.370814,0.629186,-1.049511,0.012620,-0.381232,44.000000,42.994752,43.440159,43.313971,43.358623,0.353855,0.646145,0.445407,0.319219,0.363871,45.000000,43.825745,43.815923,44.062616,43.980834,0.331513,0.668487,-0.009823,0.236871,0.155089,85.337968,84.288457,85.350588,84.956736,0.370814,0.629186,-1.049511,0.012620,-0.381232
19.780000,87.000000,85.446424,84.885527,85.315769,85.156207,0.370865,0.629135,-0.560897,-0.130655,-0.290217,44.000000,42.979319,43.808471,43.148346,43.382984,0.355445,0.644555,0.829153,0.169027,0.403666,45.000000,43.826003,43.751170,43.724460,43.733427,0.335716,0.664284,-0.074833,-0.101543,-0.092576,85.446424,84.885527,85.315769,85.156207,0.370865,0.629135,-0.560897,-0.130655,-0.290217
19.800000,87.000000,85.553929,86.420017,85.548510,85.868459,0.367122,0.632878,0.866088,-0.005419,0.314530,44.000000,42.964423,43.021898,43.373372,43.247822,0.357211,0.642789,0.057475,0.408950,0.283399,45.000000,43.826748,44.440312,43.634529,43.901709,0.331579,0.668421,0.613564,-0.192219,0.074962,85.553929,86.420017,85.548510,85.868459,0.367122,0.632878,0.866088,-0.005419,0.314530
19.820000,87.000000,85.660484,85.675837,85.262581,85.415387,0.369761,0.630239,0.015353,-0.397903,-0.245097,44.000000,42.950062,42.846368,42.692669,42.748965,0.366277,0.633723,-0.103694,-0.257393,-0.201097,45.000000,43.827979,44.475004,44.243275,44.320414,0.332886,0.667114,0.647025,0.415296,0.492435,85.660484,85.675837,85.262581,85.415387,0.369761,0.630239,0.015353,-0.397903,-0.245097
19.840000,87.000000,85.766094,86.523487,86.024225,86.205190,0.362465,0.637535,0.757393,0.258131,0.439096,44.000000,42.936234,43.582164,43.322451,43.416291,0.361324,0.638676,0.645929,0.386216,0.480057,45.000000,43.829694,43.914513,43.873643,43.887226,0.332344,0.667656,0.084819,0.043949,0.057532,85.766094,86.523487,86.024225,86.205190,0.362465,0.637535,0.757393,0.258131,0.439096
19.860000,87.000000,85.870760,86.560787,85.833809,86.096877,0.361866,0.638134,0.690026,-0.036952,0.226116,44.000000,42.922938,42.862910,43.885516,43.519083,0.358333,0.641667,-0.060028,0.962579,0.596145,45.000000,43.831891,44.162607,43.772884,43.898251,0.321682,0.678318,0.330716,-0.059007,0.066360,85.870760,86.560787,85.833809,86.096877,0.361866,0.638134,0.690026,-0.036952,0.226116
19.880000,87.000000,85.974487,87.383251,86.013872,86.491517,0.348806,0.651194,1.408764,0.039385,0.517030,44.000000,42.910170,44.014519,43.604724,43.753490,0.363025,0.636975,1.104350,0.694554,0.843320,45.000000,43.834567,43.876355,43.081591,43.331555,0.314513,0.685487,0.041789,-0.752976,-0.503012,85.974487,87.383251,86.013872,86.491517,0.348806,0.651194,1.408764,0.039385,0.517030
19.900000,87.000000,86.077277,85.907774,86.072204,86.015927,0.342254,0.657746,-0.169502,-0.005073,-0.061350,44.000000,42.897928,42.630046,44.174613,43.619472,0.359417,0.640583,-0.267882,1.276685,0.721544,45.000000,43.837721,43.945127,43.945749,43.945552,0.315728,0.684272,0.107406,0.108028,0.107832,86.077277,85.907774,86.072204,86.015927,0.342254,0.657746,-0.169502,-0.005073,-0.061350
19.920000,87.000000,86.179131,86.295567,86.205795,86.236347,0.340332,0.659668,0.116436,0.026663,0.057216,44.000000,42.886210,42.455553,43.147677,42.895840,0.363862,0.636138,-0.430657,0.261467,0.009630,45.000000,43.841350,42.889139,43.411313,43.246267,0.316075,0.683925,-0.952211,-0.430036,-0.595083,86.179131,86.295567,86.205795,86.236347,0.340332,0.659668,0.116436,0.026663,0.057216
19.940000,87.000000,86.280055,85.853238,86.582032,86.331912,0.343198,0.656802,-0.426817,0.301978,0.051858,44.000000,42.875014,43.063671,43.117055,43.098310,0.351139,0.648861,0.188657,0.242041,0.223296,45.000000,43.845452,43.167222,43.900644,43.664330,0.322208,0.677792,-0.678231,0.055192,-0.181123,86.280055,85.853238,86.582032,86.331912,0.343198,0.656802,-0.426817,0.301978,0.051858
19.960000,87.000000,86.380049,85.568206,86.086611,85.905338,0.349675,0.650325,-0.811842,-0.293438,-0.474711,44.000000,42.864338,42.829693,43.509875,43.273854,0.346998,0.653002,-0.034645,0.645538,0.409516,45.000000,43.850026,43.578381,43.644479,43.623251,0.321155,0.678845,-0.271646,-0.205547,-0.226775,86.380049,85.568206,86.086611,85.905338,0.349675,0.650325,-0.811842,-0.293438,-0.474711
19.980000,87.000000,86.479116,86.643776,86.357259,86.460856,0.361574,0.638426,0.164660,-0.121857,-0.018260,44.000000,42.854179,42.284447,43.167788,42.866914,0.340610,0.659390,-0.569732,0.313610,0.012735,45.000000,43.855069,43.437270,43.273505,43.325890,0.319883,0.680117,-0.417800,-0.581565,-0.529179,86.479116,86.643776,86.357259,86.460856,0.361574,0.638426,0.164660,-0.121857,-0.018260
20.000000,87.000000,86.577259,86.204113,86.886754,86.637592,0.364997,0.635003,-0.373147,0.309494,0.060333,44.000000,42.844535,41.069981,42.876691,42.275761,0.332613,0.667387,-1.774554,0.032156,-0.568774,45.000000,43.860580,44.259695,44.325640,44.304593,0.319163,0.680837,0.399115,0.465060,0.444013,86.577259,86.204113,86.886754,86.637592,0.364997,0.635003,-0.373147,0.309494,0.060333
20.020000,87.000000,86.674481,86.716225,86.229112,86.402603,0.356162,0.643838,0.041744,-0.445369,-0.271878,44.000000,42.835404,44.304989,42.572768,43.158731,0.338276,0.661724,1.469585,-0.262636,0.323327,45.000000,43.866555,43.949107,44.284871,44.176683,0.322214,0.677786,0.082552,0.418315,0.310128,86.674481,86.716225,86.229112,86.402603,0.356162,0.643838,0.041744,-0.445369,-0.271878
20.040000,87.000000,86.770783,86.824604,86.082111,86.338145,0.344831,0.655169,0.053821,-0.688672,-0.432638,44.000000,42.826784,42.900168,42.407071,42.576751,0.344110,0.655890,0.073384,-0.419713,-0.250033,45.000000,43.872994,43.877390,43.922487,43.907647,0.329082,0.670918,0.004396,0.049494,0.034653,86.770783,86.824604,86.082111,86.338145,0.344831,0.655169,0.053821,-0.688672,-0.432638
20.060000,87.000000,86.866168,87.533102,86.846796,87.081010,0.341269,0.658731,0.666934,-0.019372,0.214842,44.000000,42.818672,42.985698,43.567203,43.372563,0.334719,0.665281,0.167026,0.748530,0.553890,45.000000,43.879893,44.027332,43.844161,43.904881,0.331490,0.668510,0.147439,-0.035732,0.024988,86.866168,87.533102,86.846796,87.081010,0.341269,0.658731,0.666934,-0.019372,0.214842
20.080000,87.000000,86.960638,87.017112,87.159708,87.110574,0.344564,0.655436,0.056473,0.199070,0.149936,44.000000,42.811067,41.573583,42.598356,42.262097,0.328131,0.671869,-1.237484,-0.212710,-0.548970,45.000000,43.887252,43.750699,43.373580,43.497300,0.328066,0.671934,-0.136553,-0.513672,-0.389952,86.960638,87.017112,87.159708,87.110574,0.344564,0.655436,0.056473,0.199070,0.149936
20.100000,87.000000,87.054196,86.811725,87.273637,87.114845,0.343771,0.656229,-0.242471,0.219441,0.060649,44.000000,42.803965,42.767645,43.082966,42.980637,0.324523,0.675477,-0.036320,0.279001,0.176672,45.000000,43.895067,43.505972,43.955738,43.807580,0.329412,0.670588,-0.389095,0.060671,-0.087487,87.054196,86.811725,87.273637,87.114845,0.343771,0.656229,-0.242471,0.219441,0.060649
20.120000,87.000000,87.146843,87.097510,87.201193,87.165213,0.347014,0.652986,-0.049333,0.054350,0.018370,44.000000,42.797366,43.454255,42.573330,42.859390,0.324728,0.675272,0.656889,-0.224037,0.062024,45.000000,43.903338,43.754535,43.793303,43.780593,0.327861,0.672139,-0.148803,-0.110035,-0.122745,87.146843,87.097510,87.201193,87.165213,0.347014,0.652986,-0.049333,0.054350,0.018370
20.140000,87.000000,87.238582,87.546531,87.796661,87.709023,0.350372,0.649628,0.307949,0.558079,0.470441,44.000000,42.791267,43.076859,43.239149,43.186824,0.322413,0.677587,0.285592,0.447882,0.395558,45.000000,43.912062,44.274811,44.023101,44.104773,0.324468,0.675532,0.362749,0.111039,0.192711,87.238582,87.546531,87.796661,87.709023,0.350372,0.649628,0.307949,0.558079,0.470441
20.160000,87.000000,87.329414,87.334151,87.311456,87.319344,0.347536,0.652464,0.004737,-0.017958,-0.010070,44.000000,42.785665,44.219642,42.358394,42.957030,0.321635,0.678365,1.433977,-0.427271,0.171366,45.000000,43.921236,43.261937,44.267316,43.937139,0.328411,0.671589,-0.659299,0.346080,0.015903,87.329414,87.334151,87.311456,87.319344,0.347536,0.652464,0.004737,-0.017958,-0.010070
20.180000,87.000000,87.419342,87.108503,87.176700,87.153104,0.345999,0.654001,-0.310839,-0.242642,-0.266238,44.000000,42.780558,43.782577,43.114137,43.340161,0.338137,0.661863,1.002018,0.333579,0.559603,45.000000,43.930860,44.176680,43.540169,43.750874,0.331032,0.668968,0.245820,-0.390691,-0.179986,87.419342,87.108503,87.176700,87.153104,0.345999,0.654001,-0.310839,-0.242642,-0.266238
20.200000,87.000000,87.508367,87.845038,87.337019,87.511944,0.344329,0.655671,0.336671,-0.171348,0.003578,44.000000,42.775945,45.106226,42.369040,43.324976,0.349247,0.650753,2.330280,-0.406906,0.549030,45.000000,43.940931,43.764686,43.963831,43.898458,0.328271,0.671729,-0.176245,0.022900,-0.042473,87.508367,87.845038,87.337019,87.511944,0.344329,0.655671,0.336671,-0.171348,0.003578
20.220000,87.000000,87.596491,86.588055,87.570936,87.223647,0.353339,0.646661,-1.008436,-0.025554,-0.372844,44.000000,42.771823,41.700341,42.840397,42.449564,0.342821,0.657179,-1.071482,0.068573,-0.322260,45.000000,43.951447,43.523941,43.749929,43.675460,0.329527,0.670473,-0.427506,-0.201518,-0.275987,87.596491,86.588055,87.570936,87.223647,0.353339,0.646661,-1.008436,-0.025554,-0.372844
20.240000,87.000000,87.683716,87.501238,87.803709,87.695439,0.357953,0.642047,-0.182478,0.119993,0.011723,44.000000,42.768190,52.466949,42.824873,45.155051,0.241779,0.758221,9.698758,0.056682,2.386861,45.000000,43.962406,44.495019,44.094024,44.226712,0.330897,0.669103,0.532613,0.131618,0.264306,87.683716,87.501238,87.803709,87.695439,0.357953,0.642047,-0.182478,0.119993,0.011723
20.260000,87.000000,87.770044,88.319902,88.045890,88.141620,0.349362,0.650638,0.549859,0.275847,0.371576,44.000000,42.765044,42.933140,43.028517,43.005196,0.244514,0.755486,0.168096,0.263473,0.240152,45.000000,43.973807,42.971547,44.245353,43.810150,0.341657,0.658343,-1.002260,0.271546,-0.163657,87.770044,88.319902,88.045890,88.141620,0.349362,0.650638,0.549859,0.275847,0.371576
20.280000,87.000000,87.855476,87.636836,87.967128,87.849516,0.356084,0.643916,-0.218640,0.111653,-0.005959,44.000000,42.762383,43.110317,42.904805,42.954939,0.243945,0.756055,0.347934,0.142422,0.192556,45.000000,43.985646,43.665184,44.325875,44.100350,0.341347,0.658653,-0.320463,0.340228,0.114703,87.855476,87.636836,87.967128,87.849516,0.356084,0.643916,-0.218640,0.111653,-0.005959
20.300000,87.000000,87.940014,88.605058,87.669332,87.986911,0.339394,0.660606,0.665045,-0.270682,0.046898,44.000000,42.760204,41.319150,41.917479,41.772560,0.242207,0.757793,-1.441054,-0.842725,-0.987644,45.000000,43.997923,44.211578,44.282843,44.257968,0.349043,0.650957,0.213655,0.284919,0.260045,87.940014,88.605058,87.669332,87.986911,0.339394,0.660606,0.665045,-0.270682,0.046898
20.320000,87.000000,88.023659,88.252843,88.345361,88.313380,0.345670,0.654330,0.229184,0.321702,0.289721,44.000000,42.758506,41.141939,42.736988,42.354847,0.239583,0.760417,-1.616567,-0.021518,-0.403660,45.000000,44.010636,44.915892,44.039595,44.347212,0.351042,0.648958,0.905256,0.028959,0.336576,88.023659,88.252843,88.345361,88.313380,0.345670,0.654330,0.229184,0.321702,0.289721
20.340000,87.000000,88.106414,88.331972,88.327173,88.328839,0.347228,0.652772,0.225558,0.220759,0.222426,44.000000,42.757287,45.748279,42.156220,42.942662,0.218955,0.781045,2.990992,-0.601067,0.185376,45.000000,44.023782,43.983032,43.718889,43.812032,0.352625,0.647375,-0.040750,-0.304893,-0.211750,88.106414,88.331972,88.327173,88.328839,0.347228,0.652772,0.225558,0.220759,0.222426
20.360000,87.000000,88.188279,88.832575,88.061672,88.321565,0.337129,0.662871,0.644296,-0.126606,0.133286,44.000000,42.756543,44.328661,42.770089,43.102446,0.213247,0.786753,1.572118,0.013546,0.345903,45.000000,44.037360,43.880503,43.316908,43.519282,0.359077,0.640923,-0.156856,-0.720451,-0.518078,88.188279,88.832575,88.061672,88.321565,0.337129,0.662871,0.644296,-0.126606,0.133286
20.380000,87.000000,88.269256,87.876614,88.417927,88.234621,0.338633,0.661367,-0.392642,0.148671,-0.034635,44.000000,42.756274,42.393225,43.290113,43.098992,0.213094,0.786906,-0.363049,0.533838,0.342718,45.000000,44.051367,44.024084,43.955034,43.979444,0.353509,0.646491,-0.027283,-0.096333,-0.071923,88.269256,87.876614,88.417927,88.234621,0.338633,0.661367,-0.392642,0.148671,-0.034635
20.400000,87.000000,88.349346,88.340277,88.277145,88.299434,0.353060,0.646940,-0.009069,-0.072201,-0.049912,44.000000,42.756477,45.453698,42.540016,43.137670,0.205130,0.794870,2.697221,-0.216461,0.381193,45.000000,44.065803,44.485917,43.869643,44.089364,0.356532,0.643468,0.420115,-0.196160,0.023562,88.349346,88.340277,88.277145,88.299434,0.353060,0.646940,-0.009069,-0.072201,-0.049912
20.420000,87.000000,88.428551,87.966478,87.976069,87.972680,0.353377,0.646623,-0.462073,-0.452482,-0.455871,44.000000,42.757118,40.541110,43.129068,42.591280,0.207812,0.792188,-2.216008,0.371950,-0.165838,45.000000,44.080664,43.689677,44.502765,44.201120,0.370987,0.629013,-0.390987,0.422101,0.120456,88.428551,87.966478,87.976069,87.972680,0.353377,0.646623,-0.462073,-0.452482,-0.455871
20.440000,87.000000,88.506871,87.822829,88.083178,87.991645,0.351578,0.648422,-0.684043,-0.423693,-0.515227,44.000000,42.758196,40.716893,42.677557,42.267710,0.209040,0.790960,-2.041302,-0.080639,-0.490486,45.000000,44.095949,44.247239,43.530196,43.795259,0.369662,0.630338,0.151290,-0.565753,-0.300690,88.506871,87.822829,88.083178,87.991645,0.351578,0.648422,-0.684043,-0.423693,-0.515227
20.460000,87.000000,88.584309,88.847371,89.169790,89.057870,0.347124,0.652876,0.263062,0.585481,0.473561,44.000000,42.759707,39.778879,42.811345,42.156990,0.215794,0.784206,-2.980828,0.051638,-0.602717,45.000000,44.111657,43.764621,43.877871,43.835975,0.369945,0.630055,-0.347036,-0.233786,-0.275682,88.584309,88.847371,89.169790,89.057870,0.347124,0.652876,0.263062,0.585481,0.473561
20.480000,87.000000,88.660866,89.271842,88.904157,89.030845,0.344556,0.655444,0.610976,0.243292,0.369979,44.000000,42.761651,40.835636,42.862765,42.422036,0.217420,0.782580,-1.926015,0.101114,-0.339614,45.000000,44.127784,43.843227,44.152997,44.037229,0.373723,0.626277,-0.284557,0.025213,-0.090555,88.660866,89.271842,88.904157,89.030845,0.344556,0.655444,0.610976,0.243292,0.369979
20.500000,87.000000,88.736545,88.198009,88.631848,88.482299,0.344711,0.655289,-0.538536,-0.104697,-0.254246,44.000000,42.764025,42.303986,42.366800,42.353021,0.219356,0.780644,-0.460039,-0.397225,-0.411004,45.000000,44.144331,44.957590,44.480860,44.662317,0.380628,0.619372,0.813260,0.336529,0.517986,88.736545,88.198009,88.631848,88.482299,0.344711,0.655289,-0.538536,-0.104697,-0.254246
20.520000,87.000000,88.811351,88.315710,89.087030,88.814027,0.353942,0.646058,-0.495641,0.275679,0.002676,44.000000,42.766828,43.137014,43.134818,43.135297,0.217999,0.782001,0.370186,0.367990,0.368469,45.000000,44.161294,44.734400,43.820065,44.158438,0.370076,0.629924,0.573106,-0.341229,-0.002856,88.811351,88.315710,89.087030,88.814027,0.353942,0.646058,-0.495641,0.275679,0.002676
20.540000,87.000000,88.885288,88.436953,88.705185,88.609715,0.355923,0.644077,-0.448335,-0.180103,-0.275573,44.000000,42.770057,42.756295,42.407090,42.482821,0.216868,0.783132,-0.013762,-0.362967,-0.287235,45.000000,44.178672,43.358127,44.210672,43.893476,0.372059,0.627941,-0.820545,0.032001,-0.285196,88.885288,88.436953,88.705185,88.609715,0.355923,0.644077,-0.448335,-0.180103,-0.275573
20.560000,87.000000,88.958358,88.891160,88.273285,88.489434,0.349826,0.650174,-0.067199,-0.685073,-0.468925,44.000000,42.773711,42.663334,42.198770,42.299334,0.216470,0.783530,-0.110376,-0.574941,-0.474377,45.000000,44.196462,44.437614,43.980584,44.154925,0.381464,0.618536,0.241152,-0.215878,-0.041537,88.958358,88.891160,88.273285,88.489434,0.349826,0.650174,-0.067199,-0.685073,-0.468925
20.580000,87.000000,89.030567,90.404281,88.981662,89.453900,0.331952,0.668048,1.373713,-0.048906,0.423333,44.000000,42.777788,41.280319,42.737787,42.416714,0.220298,0.779702,-1.497469,-0.040000,-0.361073,45.000000,44.214662,43.839052,44.210747,44.068675,0.382227,0.617773,-0.375610,-0.003915,-0.145987,89.030567,90.404281,88.981662,89.453900,0.331952,0.668048,1.373713,-0.048906,0.423333
20.600000,87.000000,89.101918,89.364209,89.030565,89.140211,0.328630,0.671370,0.262291,-0.071353,0.038292,44.000000,42.782285,42.113963,42.718937,42.586371,0.219128,0.780872,-0.668322,-0.063348,-0.195914,45.000000,44.233268,44.193726,44.020482,44.086317,0.380017,0.619983,-0.039542,-0.212786,-0.146950,89.101918,89.364209,89.030565,89.140211,0.328630,0.671370,0.262291,-0.071353,0.038292
20.620000,87.000000,89.172415,89.087330,88.496201,88.690925,0.329410,0.670590,-0.085085,-0.676213,-0.481490,44.000000,42.787202,44.102955,42.888861,43.147831,0.213305,0.786695,1.315753,0.101659,0.360629,45.000000,44.252276,44.542167,44.345189,44.418988,0.374656,0.625344,0.289891,0.092913,0.166712,89.172415,89.087330,88.496201,88.690925,0.329410,0.670590,-0.085085,-0.676213,-0.481490
20.640000,87.000000,89.242061,89.169018,89.191476,89.184052,0.330581,0.669419,-0.073042,-0.050584,-0.058009,44.000000,42.792536,41.937344,42.310904,42.230622,0.214909,0.785091,-0.855192,-0.481632,-0.561913,45.000000,44.271684,43.258796,44.446555,43.997584,0.377999,0.622001,-1.012888,0.174871,-0.274099,89.242061,89.169018,89.191476,89.184052,0.330581,0.669419,-0.073042,-0.050584,-0.058009
20.660000,87.000000,89.310860,90.352096,89.469415,89.755207,0.323778,0.676222,1.041236,0.158555,0.444347,44.000000,42.798285,42.711330,43.241554,43.128786,0.212680,0.787320,-0.086954,0.443269,0.330501,45.000000,44.291488,43.844914,44.263129,44.103949,0.380618,0.619382,-0.446573,-0.028359,-0.187539,89.310860,90.352096,89.469415,89.755207,0.323778,0.676222,1.041236,0.158555,0.444347
20.680000,87.000000,89.378816,90.346752,89.420100,89.715879,0.319191,0.680809,0.967936,0.041284,0.337062,44.000000,42.804447,42.818689,42.080173,42.235727,0.210631,0.789369,0.014242,-0.724274,-0.568720,45.000000,44.311685,45.277575,44.314998,44.677736,0.376841,0.623159,0.965890,0.003313,0.366050,89.378816,90.346752,89.420100,89.715879,0.319191,0.680809,0.967936,0.041284,0.337062
20.700000,87.000000,89.445933,88.893478,89.001514,88.966685,0.322385,0.677615,-0.552455,-0.444419,-0.479248,44.000000,42.811022,42.542264,42.841928,42.778539,0.211532,0.788468,-0.268757,0.030906,-0.032482,45.000000,44.332273,44.584255,44.462749,44.509024,0.380842,0.619158,0.251982,0.130476,0.176751,89.445933,88.893478,89.001514,88.966685,0.322385,0.677615,-0.552455,-0.444419,-0.479248
20.720000,87.000000,89.512214,89.969582,89.569888,89.701297,0.328774,0.671226,0.457369,0.057674,0.189083,44.000000,42.818005,46.900171,43.323466,44.018920,0.194455,0.805545,4.082166,0.505460,1.200915,45.000000,44.353248,43.467132,44.555985,44.149283,0.373515,0.626485,-0.886116,0.202737,-0.203966,89.512214,89.969582,89.569888,89.701297,0.328774,0.671226,0.457369,0.057674,0.189083
20.740000,87.000000,89.577663,89.109534,89.831549,89.588260,0.336958,0.663042,-0.468129,0.253885,0.010597,44.000000,42.825397,46.916949,42.298542,43.124613,0.178890,0.821110,4.091552,-0.526855,0.299216,45.000000,44.374608,44.483281,44.240845,44.332903,0.379720,0.620280,0.108673,-0.133763,-0.041705,89.577663,89.109534,89.831549,89.588260,0.336958,0.663042,-0.468129,0.253885,0.010597
20.760000,87.000000,89.642284,89.579540,89.108083,89.263341,0.329315,0.670685,-0.062744,-0.534201,-0.378943,44.000000,42.833195,40.195015,43.051417,42.530969,0.182214,0.817786,-2.638180,0.218222,-0.302227,45.000000,44.396349,43.289192,44.066626,43.776636,0.373009,0.626991,-1.107157,-0.329723,-0.619713,89.642284,89.579540,89.108083,89.263341,0.329315,0.670685,-0.062744,-0.534201,-0.378943
20.780000,87.000000,89.706080,89.739418,90.044152,89.943786,0.329356,0.670644,0.033338,0.338072,0.237706,44.000000,42.841397,46.591537,42.614985,43.295815,0.171230,0.828770,3.750140,-0.226413,0.454418,45.000000,44.418469,44.179500,44.378693,44.304797,0.370975,0.629025,-0.238969,-0.039776,-0.113671,89.706080,89.739418,90.044152,89.943786,0.329356,0.670644,0.033338,0.338072,0.237706
20.800000,87.000000,89.769055,89.620217,89.227317,89.358554,0.334023,0.665977,-0.148839,-0.541738,-0.410501,44.000000,42.850002,44.332529,43.497065,43.639263,0.170203,0.829797,1.482527,0.647063,0.789261,45.000000,44.440964,44.110497,44.471273,44.340821,0.361589,0.638411,-0.330467,0.030309,-0.100143,89.769055,89.620217,89.227317,89.358554,0.334023,0.665977,-0.148839,-0.541738,-0.410501
20.820000,87.000000,89.831213,89.204147,90.072371,89.775771,0.341618,0.658382,-0.627066,0.241158,-0.055442,44.000000,42.859007,43.919957,42.387843,42.644222,0.167340,0.832660,1.060950,-0.471165,-0.214785,45.000000,44.462855,45.033903,43.970032,44.361775,0.368224,0.631776,0.571048,-0.492823,-0.101080,89.831213,89.204147,90.072371,89.775771,0.341618,0.658382,-0.627066,0.241158,-0.055442
20.840000,87.000000,89.892557,88.638947,90.269549,89.689134,0.355954,0.644046,-1.253610,0.376993,-0.203423,44.000000,42.868411,41.375517,42.718635,42.491710,0.168956,0.831044,-1.492893,-0.149776,-0.376701,45.000000,44.484140,44.427819,44.396584,44.408082,0.368108,0.631892,-0.056322,-0.087556,-0.076059,89.892557,88.638947,90.269549,89.689134,0.355954,0.644046,-1.253610,0.376993,-0.203423
20.860000,87.000000,89.953090,89.943061,90.186179,90.097631,0.364217,0.635783,-0.010029,0.233088,0.144541,44.000000,42.878212,39.666128,42.623304,42.128871,0.167208,0.832792,-3.212084,-0.254908,-0.749341,45.000000,44.504823,44.369841,44.433332,44.410184,0.364581,0.635419,-0.134982,-0.071491,-0.094638,89.953090,89.943061,90.186179,90.097631,0.364217,0.635783,-0.010029,0.233088,0.144541
20.880000,87.000000,90.012817,89.787155,89.943640,89.884750,0.376326,0.623674,-0.225663,-0.069178,-0.128067,44.000000,42.888408,40.641218,42.431149,42.128553,0.169058,0.830942,-2.247190,-0.457259,-0.759855,45.000000,44.524906,43.703473,44.351041,44.123944,0.350692,0.649308,-0.821433,-0.173865,-0.400962,90.012817,89.787155,89.943640,89.884750,0.376326,0.623674,-0.225663,-0.069178,-0.128067
20.900000,87.000000,90.071741,90.618677,89.663619,90.017725,0.370769,0.629231,0.546935,-0.408122,-0.054017,44.000000,42.898997,42.503147,42.449633,42.458406,0.163947,0.836053,-0.395850,-0.449365,-0.440591,45.000000,44.544391,44.291485,44.899142,44.688555,0.346555,0.653445,-0.252906,0.354751,0.144164,90.071741,90.618677,89.663619,90.017725,0.370769,0.629231,0.546935,-0.408122,-0.054017
20.920000,87.000000,90.129866,89.491045,90.772558,90.292922,0.374274,0.625726,-0.638821,0.642692,0.163056,44.000000,42.909979,42.664498,42.883607,42.847805,0.163398,0.836602,-0.245480,-0.026371,-0.062173,45.000000,44.563282,44.551793,44.716896,44.659069,0.350246,0.649754,-0.011489,0.153614,0.095787,90.129866,89.491045,90.772558,90.292922,0.374274,0.625726,-0.638821,0.642692,0.163056
20.940000,87.000000,90.187194,90.736867,89.824819,90.161448,0.369092,0.630908,0.549673,-0.362375,-0.025746,44.000000,42.921349,46.435806,43.034239,43.557998,0.153989,0.846011,3.514456,0.112889,0.636648,45.000000,44.581581,44.389889,44.259771,44.306344,0.357933,0.642067,-0.191692,-0.321809,-0.275236,90.187194,90.736867,89.824819,90.161448,0.369092,0.630908,0.549673,-0.362375,-0.025746
20.960000,87.000000,90.243730,89.428181,90.146026,89.879849,0.370799,0.629201,-0.815549,-0.097705,-0.363881,44.000000,42.933108,43.481356,42.757631,42.867017,0.151144,0.848856,0.548248,-0.175477,-0.066091,45.000000,44.599290,45.376935,44.004885,44.511672,0.369366,0.630634,0.777646,-0.594405,-0.087618,90.243730,89.428181,90.146026,89.879849,0.370799,0.629201,-0.815549,-0.097705,-0.363881
20.980000,87.000000,90.299477,89.852781,90.445706,90.221551,0.378050,0.621950,-0.446696,0.146229,-0.077926,44.000000,42.945254,45.054601,43.129525,43.411221,0.146334,0.853666,2.109347,0.184271,0.465967,45.000000,44.616412,44.822782,44.846969,44.838086,0.367248,0.632752,0.206370,0.230557,0.221674,90.299477,89.852781,90.445706,90.221551,0.378050,0.621950,-0.446696,0.146229,-0.077926
21.000000,87.000000,90.354438,89.764560,90.421886,90.173438,0.377967,0.622033,-0.589878,0.067448,-0.181000,44.000000,42.957783,40.190846,42.779648,42.400169,0.146593,0.853407,-2.766937,-0.178135,-0.557615,45.000000,44.632950,43.694238,44.212959,44.025133,0.362095,0.637905,-0.938713,-0.419991,-0.607817,90.354438,89.764560,90.421886,90.173438,0.377967,0.622033,-0.589878,0.067448,-0.181000
21.020000,87.000000,90.408618,90.114907,90.292192,90.226016,0.373272,0.626728,-0.293710,-0.116426,-0.182601,44.000000,42.970696,43.389069,43.296908,43.310681,0.149442,0.850558,0.418373,0.326213,0.339985,45.000000,44.648906,45.453751,44.600334,44.916384,0.370335,0.629665,0.804845,-0.048572,0.267478,90.408618,90.114907,90.292192,90.226016,0.373272,0.626728,-0.293710,-0.116426,-0.182601
21.040000,87.000000,90.462018,90.521307,90.151059,90.287372,0.368166,0.631834,0.059289,-0.310959,-0.174646,44.000000,42.983989,40.600045,43.839437,43.337110,0.155080,0.844920,-2.383945,0.855448,0.353120,45.000000,44.664283,44.204564,44.679127,44.505288,0.366315,0.633685,-0.459719,0.014844,-0.158996,90.462018,90.521307,90.151059,90.287372,0.368166,0.631834,0.059289,-0.310959,-0.174646
21.060000,87.000000,90.514644,90.325508,90.636110,90.524436,0.359540,0.640460,-0.189135,0.121466,0.009793,44.000000,42.997662,40.955030,43.354887,42.980165,0.156150,0.843850,-2.042631,0.357225,-0.017497,45.000000,44.679083,44.553319,44.607609,44.587828,0.364351,0.635649,-0.125764,-0.071474,-0.091255,90.514644,90.325508,90.636110,90.524436,0.359540,0.640460,-0.189135,0.121466,0.009793
21.080000,87.000000,90.566498,90.545188,89.907373,90.142060,0.367955,0.632045,-0.021310,-0.659125,-0.424438,44.000000,43.011712,40.852745,43.084690,42.730675,0.158619,0.841381,-2.158967,0.072978,-0.281037,45.000000,44.693309,44.994538,44.728163,44.824749,0.362593,0.637407,0.301229,0.034854,0.131440,90.566498,90.545188,89.907373,90.142060,0.367955,0.632045,-0.021310,-0.659125,-0.424438
21.100000,87.000000,90.617583,90.477988,90.803498,90.683175,0.369645,0.630355,-0.139595,0.185915,0.065592,44.000000,43.026138,41.577163,42.574726,42.415343,0.159774,0.840226,-1.448975,-0.451412,-0.610795,45.000000,44.706963,44.179377,44.413077,44.327929,0.364345,0.635655,-0.527586,-0.293886,-0.379033,90.617583,90.477988,90.803498,90.683175,0.369645,0.630355,-0.139595,0.185915,0.065592
21.120000,87.000000,90.667903,91.859009,90.888007,91.252688,0.375573,0.624427,1.191105,0.220103,0.584784,44.000000,43.040938,45.730720,42.950732,43.376557,0.153184,0.846816,2.689782,-0.090206,0.335619,45.000000,44.720047,45.129301,44.246937,44.575600,0.372480,0.627520,0.409254,-0.473110,-0.144447,90.667903,91.859009,90.888007,91.252688,0.375573,0.624427,1.191105,0.220103,0.584784
21.140000,87.000000,90.717462,90.598861,90.781928,90.713375,0.374469,0.625531,-0.118601,0.064466,-0.004087,44.000000,43.056110,43.358410,43.098893,43.138282,0.151779,0.848221,0.302300,0.042783,0.082172,45.000000,44.732564,44.482326,44.543451,44.520838,0.369938,0.630062,-0.250238,-0.189114,-0.211726,90.717462,90.598861,90.781928,90.713375,0.374469,0.625531,-0.118601,0.064466,-0.004087
21.160000,87.000000,90.766263,90.265231,91.269471,90.900180,0.367733,0.632267,-0.501031,0.503208,0.133917,44.000000,43.071653,44.375321,42.792444,43.031860,0.151256,0.848744,1.303668,-0.279209,-0.039793,45.000000,44.744517,43.839629,44.873804,44.492373,0.368827,0.631173,-0.904888,0.129287,-0.252144,90.766263,90.265231,91.269471,90.900180,0.367733,0.632267,-0.501031,0.503208,0.133917
21.180000,87.000000,90.814309,90.919215,91.043314,90.997727,0.367345,0.632655,0.104907,0.229005,0.183418,44.000000,43.087564,45.570899,42.500015,42.947085,0.145594,0.854406,2.483335,-0.587549,-0.140479,45.000000,44.755908,44.418539,44.481990,44.458991,0.362463,0.637537,-0.337369,-0.273918,-0.296917,90.814309,90.919215,91.043314,90.997727,0.367345,0.632655,0.104907,0.229005,0.183418
21.200000,87.000000,90.861603,91.430504,90.681925,90.958251,0.369135,0.630865,0.568901,-0.179678,0.096649,44.000000,43.103843,44.290867,43.480609,43.601344,0.149010,0.850990,1.187024,0.376765,0.497501,45.000000,44.766739,45.055424,44.876561,44.941959,0.365630,0.634370,0.288685,0.109822,0.175220,90.861603,91.430504,90.681925,90.958251,0.369135,0.630865,0.568901,-0.179678,0.096649
21.220000,87.000000,90.908149,90.916537,90.516308,90.665476,0.372706,0.627294,0.008389,-0.391841,-0.242673,44.000000,43.120488,39.693636,42.834724,42.364665,0.149660,0.850340,-3.426851,-0.285763,-0.755823,45.000000,44.777013,44.759361,45.061098,44.950799,0.365547,0.634453,-0.017652,0.284085,0.173786,90.908149,90.916537,90.516308,90.665476,0.372706,0.627294,0.008389,-0.391841,-0.242673
21.240000,87.000000,90.953950,90.967874,91.267070,91.155433,0.373121,0.626879,0.013924,0.313120,0.201484,44.000000,43.137495,43.431215,43.082138,43.152614,0.201892,0.798108,0.293720,-0.055356,0.015119,45.000000,44.786732,45.850138,44.960189,45.288021,0.368372,0.631628,1.063406,0.173457,0.501289,90.953950,90.967874,91.267070,91.155433,0.373121,0.626879,0.013924,0.313120,0.201484
21.260000,87.000000,90.999009,90.735343,91.027801,90.917178,0.378255,0.621745,-0.263666,0.028792,-0.081832,44.000000,43.154862,42.699531,43.046069,42.976021,0.202136,0.797864,-0.455331,-0.108793,-0.178841,45.000000,44.795898,45.027999,45.168813,45.117084,0.367356,0.632644,0.232100,0.372914,0.321185,90.999009,90.735343,91.027801,90.917178,0.378255,0.621745,-0.263666,0.028792,-0.081832
21.280000,87.000000,91.043330,91.479273,91.046617,91.207377,0.371565,0.628435,0.435942,0.003287,0.164047,44.000000,43.172586,41.230287,42.629404,42.350780,0.199145,0.800855,-1.942299,-0.543182,-0.821806,45.000000,44.804515,43.890853,45.115052,44.661122,0.370799,0.629201,-0.913662,0.310537,-0.143393,91.043330,91.479273,91.046617,91.207377,0.371565,0.628435,0.435942,0.003287,0.164047
21.300000,87.000000,91.086916,90.936689,91.205229,91.104107,0.376562,0.623438,-0.150227,0.118313,0.017191,44.000000,43.190665,42.138077,43.352041,43.112343,0.197452,0.802548,-1.052588,0.161376,-0.078322,45.000000,44.812584,45.139372,44.909493,44.993923,0.367281,0.632719,0.326788,0.096910,0.181339,91.086916,90.936689,91.205229,91.104107,0.376562,0.623438,-0.150227,0.118313,0.017191
21.320000,87.000000,91.129770,91.008768,90.853858,90.912610,0.379267,0.620733,-0.121002,-0.275912,-0.217160,44.000000,43.209096,40.605624,43.812076,43.190890,0.193743,0.806257,-2.603472,0.602980,-0.018206,45.000000,44.820107,45.157440,44.670989,44.852145,0.372404,0.627596,0.337333,-0.149118,0.032038,91.129770,91.008768,90.853858,90.912610,0.379267,0.620733,-0.121002,-0.275912,-0.217160
21.340000,87.000000,91.171896,91.313596,91.139857,91.205720,0.379089,0.620911,0.141701,-0.032039,0.033824,44.000000,43.227876,37.982180,43.849725,42.855345,0.169512,0.830488,-5.245697,0.621848,-0.372532,45.000000,44.827087,45.129176,44.847032,44.952016,0.372094,0.627906,0.302088,0.019945,0.124929,91.171896,91.313596,91.139857,91.205720,0.379089,0.620911,0.141701,-0.032039,0.033824
21.360000,87.000000,91.213296,91.422758,90.968105,91.140387,0.378931,0.621069,0.209462,-0.245190,-0.072909,44.000000,43.247004,40.948434,42.747323,42.452369,0.163969,0.836031,-2.298569,-0.499680,-0.794635,45.000000,44.833527,45.009479,44.553481,44.722952,0.371650,0.628350,0.175952,-0.280047,-0.110575,91.213296,91.422758,90.968105,91.140387,0.378931,0.621069,0.209462,-0.245190,-0.072909
21.380000,87.000000,91.253974,90.796028,91.983751,91.539983,0.373630,0.626370,-0.457946,0.729777,0.286009,44.000000,43.266475,47.225933,43.222651,43.878702,0.163897,0.836103,3.959458,-0.043824,0.612227,45.000000,44.839429,44.603391,44.305513,44.416053,0.371092,0.628908,-0.236038,-0.533916,-0.423376,91.253974,90.796028,91.983751,91.539983,0.373630,0.626370,-0.457946,0.729777,0.286009
21.400000,87.000000,91.293933,90.736775,90.986592,90.893934,0.370904,0.629096,-0.557158,-0.307340,-0.399999,44.000000,43.286288,40.199708,42.782265,42.379373,0.156013,0.843987,-3.086580,-0.504023,-0.906915,45.000000,44.844795,45.085065,44.728749,44.861554,0.372717,0.627283,0.240270,-0.116046,0.016759,91.293933,90.736775,90.986592,90.893934,0.370904,0.629096,-0.557158,-0.307340,-0.399999
21.420000,87.000000,91.333176,91.683820,91.666624,91.673002,0.370903,0.629097,0.350644,0.333448,0.339826,44.000000,43.306440,40.845384,43.807653,43.345333,0.156080,0.843920,-2.461056,0.501213,0.038893,45.000000,44.849627,44.646411,45.020334,44.882265,0.369244,0.630756,-0.203216,0.170707,0.032638,91.333176,91.683820,91.666624,91.673002,0.370903,0.629097,0.350644,0.333448,0.339826
21.440000,87.000000,91.371707,92.202278,91.077099,91.504076,0.379476,0.620524,0.830571,-0.294608,0.132369,44.000000,43.326929,41.674363,44.376499,43.949339,0.158091,0.841909,-1.652567,1.049570,0.622410,45.000000,44.853928,44.399967,45.052961,44.816296,0.362431,0.637569,-0.453961,0.199033,-0.037632,91.371707,92.202278,91.077099,91.504076,0.379476,0.620524,0.830571,-0.294608,0.132369
21.460000,87.000000,91.409528,91.831701,91.339834,91.522555,0.371484,0.628516,0.422173,-0.069693,0.113027,44.000000,43.347753,43.296053,42.697423,42.797859,0.167778,0.832222,-0.051700,-0.650330,-0.549893,45.000000,44.857700,45.538911,44.370131,44.801539,0.369111,0.630889,0.681210,-0.487569,-0.056162,91.409528,91.831701,91.339834,91.522555,0.371484,0.628516,0.422173,-0.069693,0.113027
21.480000,87.000000,91.446642,91.350556,91.331942,91.338925,0.375124,0.624876,-0.096086,-0.114700,-0.107717,44.000000,43.368908,40.963478,43.423648,43.009198,0.168471,0.831529,-2.405429,0.054740,-0.359709,45.000000,44.860946,44.055151,44.954257,44.623867,0.367465,0.632535,-0.805795,0.093311,-0.237079,91.446642,91.350556,91.331942,91.338925,0.375124,0.624876,-0.096086,-0.114700,-0.107717
21.500000,87.000000,91.483054,91.675705,91.393224,91.497642,0.369646,0.630354,0.192651,-0.089829,0.014588,44.000000,43.390392,42.318742,42.223663,42.239938,0.171170,0.828830,-1.071650,-1.166729,-1.150454,45.000000,44.863668,45.242763,44.453326,44.746843,0.371807,0.628193,0.379094,-0.410342,-0.116825,91.483054,91.675705,91.393224,91.497642,0.369646,0.630354,0.192651,-0.089829,0.014588
21.520000,87.000000,91.518765,92.119417,91.589634,91.779749,0.358855,0.641145,0.600652,0.070870,0.260984,44.000000,43.412203,46.262700,43.477502,43.949274,0.169394,0.830606,2.850496,0.065299,0.537070,45.000000,44.865868,45.111071,44.584439,44.778889,0.369235,0.630765,0.245202,-0.281429,-0.086979,91.518765,92.119417,91.589634,91.779749,0.358855,0.641145,0.600652,0.070870,0.260984
21.540000,87.000000,91.553779,91.329192,91.646545,91.532463,0.359481,0.640519,-0.224587,0.092766,-0.021317,44.000000,43.433463,41.265350,42.681804,42.445576,0.166776,0.833224,-2.168113,-0.751659,-0.987886,45.000000,44.867549,45.491159,45.326689,45.387212,0.367990,0.632010,0.623610,0.459140,0.519664,91.553779,91.329192,91.646545,91.532463,0.359481,0.640519,-0.224587,0.092766,-0.021317
21.560000,87.000000,91.588100,92.264511,91.705152,91.905434,0.358055,0.641945,0.676411,0.117053,0.317334,44.000000,43.454172,42.611362,43.743855,43.557979,0.164132,0.835868,-0.842809,0.289684,0.103807,45.000000,44.867549,44.662599,44.658204,44.659839,0.372070,0.627930,-0.204950,-0.209345,-0.207710,91.588100,92.264511,91.705152,91.905434,0.358055,0.641945,0.676411,0.117053,0.317334
21.580000,87.000000,91.621729,90.928376,91.664598,91.386104,0.378275,0.621725,-0.693353,0.042869,-0.235625,44.000000,43.474333,45.557889,43.538181,43.876560,0.167543,0.832457,2.083556,0.063848,0.402227,45.000000,44.867549,44.258414,44.514978,44.419952,0.370378,0.629622,-0.609135,-0.352571,-0.447597,91.621729,90.928376,91.664598,91.386104,0.378275,0.621725,-0.693353,0.042869,-0.235625
21.600000,87.000000,91.654671,92.285925,92.315957,92.304485,0.381988,0.618012,0.631254,0.661287,0.649815,44.000000,43.493949,41.830700,42.826035,42.659033,0.167786,0.832214,-1.663249,-0.667914,-0.834916,45.000000,44.867549,43.770308,45.017101,44.567968,0.360232,0.639768,-1.097241,0.149553,-0.299581,91.654671,92.285925,92.315957,92.304485,0.381988,0.618012,0.631254,0.661287,0.649815
21.620000,87.000000,91.686927,91.467192,91.926505,91.755766,0.371726,0.628274,-0.219735,0.239578,0.068839,44.000000,43.513022,45.334722,43.176281,43.535549,0.166454,0.833546,1.821700,-0.336742,0.022527,45.000000,44.867549,44.441077,45.152783,44.901907,0.352500,0.647500,-0.426472,0.285234,0.034359,91.686927,91.467192,91.926505,91.755766,0.371726,0.628274,-0.219735,0.239578,0.068839
21.640000,87.000000,91.718502,93.265538,92.041574,92.500712,0.375125,0.624875,1.547036,0.323072,0.782210,44.000000,43.531555,45.070358,43.197420,43.512594,0.168282,0.831718,1.538803,-0.334135,-0.018961,45.000000,44.867549,45.148288,44.746714,44.894405,0.367779,0.632221,0.280739,-0.120834,0.026856,91.718502,93.265538,92.041574,92.500712,0.375125,0.624875,1.547036,0.323072,0.782210
21.660000,87.000000,91.749399,91.763309,91.712006,91.731237,0.374864,0.625136,0.013910,-0.037393,-0.018162,44.000000,43.549549,47.465754,43.482753,44.151777,0.167988,0.832012,3.916205,-0.066797,0.602227,45.000000,44.867549,44.640468,44.889379,44.797394,0.369551,0.630449,-0.227081,0.021831,-0.070155,91.749399,91.763309,91.712006,91.731237,0.374864,0.625136,0.013910,-0.037393,-0.018162
21.680000,87.000000,91.779619,91.504075,91.623027,91.579345,0.367226,0.632774,-0.275544,-0.156592,-0.200274,44.000000,43.567008,43.769204,43.989283,43.952741,0.166038,0.833962,0.202196,0.422274,0.385733,45.000000,44.867549,44.805516,44.741099,44.764502,0.363310,0.636690,-0.062032,-0.126450,-0.103046,91.779619,91.504075,91.623027,91.579345,0.367226,0.632774,-0.275544,-0.156592,-0.200274
21.700000,87.000000,91.809167,92.097502,92.014472,92.045046,0.368232,0.631768,0.288335,0.205304,0.235879,44.000000,43.583934,43.872970,43.722499,43.747588,0.166739,0.833261,0.289035,0.138564,0.163654,45.000000,44.867549,45.199782,45.320936,45.277124,0.361625,0.638375,0.332233,0.453388,0.409575,91.809167,92.097502,92.014472,92.045046,0.368232,0.631768,0.288335,0.205304,0.235879
21.720000,87.000000,91.838045,92.105225,92.125104,92.117846,0.365106,0.634894,0.267180,0.287059,0.279801,44.000000,43.600329,44.427374,42.494831,42.823643,0.170149,0.829851,0.827045,-1.105499,-0.776686,45.000000,44.867549,44.447865,45.241522,44.951843,0.364993,0.635007,-0.419683,0.373973,0.084294,91.838045,92.105225,92.125104,92.117846,0.365106,0.634894,0.267180,0.287059,0.279801
21.740000,87.000000,91.866256,92.016892,91.859344,91.918122,0.373084,0.626916,0.150635,-0.006913,0.051866,44.000000,43.616195,46.574835,44.001565,44.441099,0.170815,0.829185,2.958640,0.385370,0.824904,45.000000,44.867549,44.093035,44.727654,44.501378,0.356555,0.643445,-0.774514,-0.139894,-0.366171,91.866256,92.016892,91.859344,91.918122,0.373084,0.626916,0.150635,-0.006913,0.051866
21.760000,87.000000,91.893804,92.108648,92.096824,92.101170,0.367553,0.632447,0.214845,0.203021,0.207367,44.000000,43.631536,45.743108,44.302636,44.561717,0.179861,0.820139,2.111573,0.671100,0.930181,45.000000,44.867549,45.266085,44.757687,44.945648,0.369712,0.630288,0.398536,-0.109862,0.078099,91.893804,92.108648,92.096824,92.101170,0.367553,0.632447,0.214845,0.203021,0.207367
21.780000,87.000000,91.920690,90.668597,92.537470,91.883741,0.349802,0.650198,-1.252093,0.616780,-0.036949,44.000000,43.646352,46.712581,43.981777,44.482064,0.183210,0.816790,3.066230,0.335425,0.835712,45.000000,44.867549,43.973274,45.510421,44.960633,0.357669,0.642331,-0.894275,0.642872,0.093084,91.920690,90.668597,92.537470,91.883741,0.349802,0.650198,-1.252093,0.616780,-0.036949
21.800000,87.000000,91.946919,91.955502,91.662449,91.764566,0.348459,0.651541,0.008583,-0.284470,-0.182353,44.000000,43.660647,41.563508,43.495312,43.154481,0.176436,0.823564,-2.097139,-0.165334,-0.506165,45.000000,44.867549,44.843897,45.074045,44.991394,0.359121,0.640879,-0.023652,0.206497,0.123846,91.946919,91.955502,91.662449,91.764566,0.348459,0.651541,0.008583,-0.284470,-0.182353
21.820000,87.000000,91.972492,92.196212,91.968270,92.049900,0.358119,0.641881,0.223720,-0.004222,0.077408,44.000000,43.674422,45.651876,43.774331,44.108937,0.178219,0.821781,1.977454,0.099909,0.434515,45.000000,44.867549,45.656124,45.055718,45.268175,0.353856,0.646144,0.788575,0.188170,0.400627,91.972492,92.196212,91.968270,92.049900,0.358119,0.641881,0.223720,-0.004222,0.077408
21.840000,87.000000,91.997413,91.815945,91.605725,91.685169,0.377908,0.622092,-0.181468,-0.391688,-0.312244,44.000000,43.687680,45.020454,43.857047,44.070152,0.183175,0.816825,1.332774,0.169367,0.382472,45.000000,44.867549,44.126857,44.560268,44.408612,0.349913,0.650087,-0.740692,-0.307281,-0.458937,91.997413,91.815945,91.605725,91.685169,0.377908,0.622092,-0.181468,-0.391688,-0.312244
21.860000,87.000000,92.021685,92.222289,92.387267,92.324803,0.378621,0.621379,0.200605,0.365582,0.303118,44.000000,43.700424,40.176613,43.170837,42.636827,0.178357,0.821643,-3.523811,-0.529587,-1.063597,45.000000,44.867549,44.472916,44.882656,44.740438,0.347094,0.652906,-0.394633,0.015108,-0.127110,92.021685,92.222289,92.387267,92.324803,0.378621,0.621379,0.200605,0.365582,0.303118
21.880000,87.000000,92.045310,92.195083,91.690971,91.879821,0.374619,0.625381,0.149774,-0.354339,-0.165489,44.000000,43.712655,38.931233,43.504147,42.749883,0.164966,0.835034,-4.781422,-0.208507,-0.962772,45.000000,44.867549,44.931884,45.127706,45.058763,0.352071,0.647929,0.064335,0.260157,0.191214,92.045310,92.195083,91.690971,91.879821,0.374619,0.625381,0.149774,-0.354339,-0.165489
21.900000,87.000000,92.068291,91.814390,91.861837,91.843993,0.376084,0.623916,-0.253901,-0.206455,-0.224298,44.000000,43.724376,42.344525,43.901675,43.650108,0.161559,0.838441,-1.379851,0.177300,-0.074267,45.000000,44.867549,44.543553,44.718274,44.656121,0.355728,0.644272,-0.323995,-0.149275,-0.211428,92.068291,91.814390,91.861837,91.843993,0.376084,0.623916,-0.253901,-0.206455,-0.224298
21.920000,87.000000,92.090632,92.112583,92.008160,92.046896,0.370949,0.629051,0.021951,-0.082472,-0.043736,44.000000,43.735588,44.513615,43.209678,43.423696,0.164134,0.835866,0.778027,-0.525910,-0.311892,45.000000,44.867549,45.185426,44.953045,45.036402,0.358707,0.641293,0.317877,0.085496,0.168853,92.090632,92.112583,92.008160,92.046896,0.370949,0.629051,0.021951,-0.082472,-0.043736
21.940000,87.000000,92.112335,91.367721,92.189626,91.884630,0.371084,0.628916,-0.744613,0.077291,-0.227705,44.000000,43.746295,44.154756,43.723841,43.794875,0.164845,0.835155,0.408461,-0.022454,0.048580,45.000000,44.867549,45.240111,45.036555,45.109618,0.358934,0.641066,0.372563,0.169007,0.242070,92.112335,91.367721,92.189626,91.884630,0.371084,0.628916,-0.744613,0.077291,-0.227705
21.960000,87.000000,92.133402,92.341081,91.769286,91.983795,0.375151,0.624849,0.207678,-0.364117,-0.149607,44.000000,43.756498,44.797981,43.832236,43.992254,0.165695,0.834305,1.041483,0.075738,0.235756,45.000000,44.867549,43.857380,44.682456,44.401999,0.339917,0.660083,-1.010169,-0.185093,-0.465549,92.133402,92.341081,91.769286,91.983795,0.375151,0.624849,0.207678,-0.364117,-0.149607
21.980000,87.000000,92.153838,91.516555,92.406650,92.070693,0.377440,0.622560,-0.637282,0.252812,-0.083145,44.000000,43.766199,42.049221,43.885916,43.589772,0.161241,0.838759,-1.716979,0.119717,-0.176427,45.000000,44.867549,45.555370,44.795725,45.057848,0.345060,0.654940,0.687821,-0.071824,0.190299,92.153838,91.516555,92.406650,92.070693,0.377440,0.622560,-0.637282,0.252812,-0.083145
22.000000,87.000000,92.173644,92.129362,92.431281,92.317942,0.375397,0.624603,-0.044282,0.257638,0.144298,44.000000,43.775402,44.782770,44.057957,44.179534,0.167737,0.832263,1.007368,0.282555,0.404132,45.000000,44.867549,43.998742,44.525204,44.343129,0.345847,0.654153,-0.868807,-0.342345,-0.524420,92.173644,92.129362,92.431281,92.317942,0.375397,0.624603,-0.044282,0.257638,0.144298
22.020000,87.000000,92.192823,91.501812,92.028730,91.829345,0.378399,0.621601,-0.691011,-0.164093,-0.363478,44.000000,43.784107,44.254673,44.019503,44.059127,0.168491,0.831509,0.470566,0.235396,0.275020,45.000000,44.867549,43.968378,45.109884,44.732399,0.330691,0.669309,-0.899171,0.242335,-0.135150,92.192823,91.501812,92.028730,91.829345,0.378399,0.621601,-0.691011,-0.164093,-0.363478
22.040000,87.000000,92.211378,92.149740,92.404171,92.308306,0.376785,0.623215,-0.061637,0.192794,0.096928,44.000000,43.792317,40.880469,44.137862,43.602280,0.164433,0.835567,-2.911848,0.345545,-0.190037,45.000000,44.867549,45.677559,45.068141,45.273999,0.337795,0.662205,0.810010,0.200592,0.406451,92.211378,92.149740,92.404171,92.308306,0.376785,0.623215,-0.061637,0.192794,0.096928
22.060000,87.000000,92.229311,93.109136,92.208581,92.543371,0.371760,0.628240,0.879825,-0.020731,0.314060,44.000000,43.800034,47.635549,43.262510,44.018001,0.172784,0.827216,3.835515,-0.537525,0.217967,45.000000,44.867549,45.610626,44.235205,44.715746,0.349379,0.650621,0.743078,-0.632344,-0.151803,92.229311,93.109136,92.208581,92.543371,0.371760,0.628240,0.879825,-0.020731,0.314060
22.080000,87.000000,92.246626,92.230783,92.778199,92.573108,0.374653,0.625347,-0.015844,0.531573,0.326482,44.000000,43.807261,44.343141,43.271813,43.465195,0.180508,0.819492,0.535880,-0.535448,-0.342066,45.000000,44.867549,45.067671,44.038970,44.407030,0.357792,0.642208,0.200123,-0.828579,-0.460519,92.246626,92.230783,92.778199,92.573108,0.374653,0.625347,-0.015844,0.531573,0.326482
22.100000,87.000000,92.263326,93.317514,91.720527,92.301608,0.363863,0.636137,1.054188,-0.542799,0.038282,44.000000,43.813999,41.439993,43.508608,43.144503,0.176019,0.823981,-2.374006,-0.305391,-0.669496,45.000000,44.867549,44.981316,44.647150,44.768382,0.362790,0.637210,0.113767,-0.220398,-0.099166,92.263326,93.317514,91.720527,92.301608,0.363863,0.636137,1.054188,-0.542799,0.038282
22.120000,87.000000,92.279412,91.805572,92.002951,91.928803,0.375663,0.624337,-0.473840,-0.276461,-0.350609,44.000000,43.820251,44.992467,43.930950,44.118068,0.176275,0.823725,1.172216,0.110699,0.297817,45.000000,44.867549,44.834618,45.063074,44.982448,0.352918,0.647082,-0.032930,0.195526,0.114899,92.279412,91.805572,92.002951,91.928803,0.375663,0.624337,-0.473840,-0.276461,-0.350609
22.140000,87.000000,92.294888,91.691326,92.331807,92.089489,0.378338,0.621662,-0.603562,0.036919,-0.205399,44.000000,43.826018,47.193198,43.913325,44.501742,0.179415,0.820585,3.367180,0.087307,0.675724,45.000000,44.867549,44.245077,44.646769,44.506348,0.349575,0.650425,-0.622471,-0.220779,-0.361201,92.294888,91.691326,92.331807,92.089489,0.378338,0.621662,-0.603562,0.036919,-0.205399
22.160000,87.000000,92.309756,91.816709,92.546601,92.271429,0.377004,0.622996,-0.493047,0.236845,-0.038328,44.000000,43.831303,46.261208,42.706618,43.355623,0.182597,0.817403,2.429905,-1.124685,-0.475680,45.000000,44.867549,45.359535,44.576436,44.862995,0.365930,0.634070,0.491986,-0.291113,-0.004554,92.309756,91.816709,92.546601,92.271429,0.377004,0.622996,-0.493047,0.236845,-0.038328
22.180000,87.000000,92.324020,92.035184,92.202979,92.139622,0.377587,0.622413,-0.288836,-0.121040,-0.184397,44.000000,43.836108,41.874627,43.157870,42.927763,0.179319,0.820681,-1.961481,-0.678238,-0.908345,45.000000,44.867549,44.283979,44.392137,44.352621,0.365358,0.634642,-0.583570,-0.475412,-0.514928,92.324020,92.035184,92.202979,92.139622,0.377587,0.622413,-0.288836,-0.121040,-0.184397
22.200000,87.000000,92.337680,92.496025,92.289760,92.367279,0.375823,0.624177,0.158345,-0.047920,0.029599,44.000000,43.840435,46.831086,44.282147,44.750784,0.183863,0.816137,2.990651,0.441712,0.910349,45.000000,44.867549,44.856585,44.558875,44.667987,0.366505,0.633495,-0.010964,-0.308674,-0.199562,92.337680,92.496025,92.289760,92.367279,0.375823,0.624177,0.158345,-0.047920,0.029599
22.220000,87.000000,92.350742,93.298859,92.004381,92.486418,0.372381,0.627619,0.948117,-0.346361,0.135676,44.000000,43.844286,44.296311,43.339485,43.515781,0.184252,0.815748,0.452025,-0.504801,-0.328505,45.000000,44.867549,45.000629,44.763364,44.851427,0.371157,0.628843,0.133080,-0.104185,-0.016122,92.350742,93.298859,92.004381,92.486418,0.372381,0.627619,0.948117,-0.346361,0.135676
22.240000,87.000000,92.363206,92.883975,91.943293,92.283839,0.362021,0.637979,0.520770,-0.419913,-0.079367,44.000000,43.847663,44.681773,44.009399,44.133396,0.184417,0.815583,0.834110,0.161736,0.285733,45.000000,44.867549,45.593564,45.124220,45.297272,0.368712,0.631288,0.726015,0.256671,0.429724,92.363206,92.883975,91.943293,92.283839,0.362021,0.637979,0.520770,-0.419913,-0.079367
22.260000,87.000000,92.375075,93.406634,92.397014,92.750682,0.350299,0.649701,1.031559,0.021939,0.375607,44.000000,43.850568,46.219528,43.079703,43.638983,0.178136,0.821864,2.368960,-0.770866,-0.211586,45.000000,44.867549,45.016263,44.933657,44.964275,0.370654,0.629346,0.148714,0.066108,0.096726,92.375075,93.406634,92.397014,92.750682,0.350299,0.649701,1.031559,0.021939,0.375607
22.280000,87.000000,92.386353,92.719855,92.498310,92.576274,0.351911,0.648089,0.333502,0.111956,0.189921,44.000000,43.853004,45.142661,44.135344,44.310127,0.173514,0.826486,1.289657,0.282340,0.457123,45.000000,44.867549,44.457673,45.364671,45.024225,0.375355,0.624645,-0.409876,0.497123,0.156676,92.386353,92.719855,92.498310,92.576274,0.351911,0.648089,0.333502,0.111956,0.189921
22.300000,87.000000,92.397042,92.708057,92.408861,92.512842,0.347534,0.652466,0.311015,0.011819,0.115800,44.000000,43.854972,41.436737,43.851677,43.439311,0.170763,0.829237,-2.418235,-0.003295,-0.415661,45.000000,44.867549,44.867712,44.484244,44.628928,0.377304,0.622696,0.000164,-0.383305,-0.238621,92.397042,92.708057,92.408861,92.512842,0.347534,0.652466,0.311015,0.011819,0.115800
22.320000,87.000000,92.407144,92.139672,92.102501,92.115432,0.347876,0.652124,-0.267472,-0.304643,-0.291712,44.000000,43.854972,41.939482,43.906965,43.579550,0.166418,0.833582,-1.915490,0.051993,-0.275423,45.000000,44.867549,44.463259,45.126150,44.882735,0.367202,0.632798,-0.404290,0.258601,0.015187,92.407144,92.139672,92.102501,92.115432,0.347876,0.652124,-0.267472,-0.304643,-0.291712
22.340000,87.000000,92.416662,92.987152,92.420531,92.615660,0.344372,0.655628,0.570490,0.003869,0.198997,44.000000,43.854972,41.181358,43.591968,43.195416,0.164510,0.835490,-2.673615,-0.263004,-0.659557,45.000000,44.867549,43.933311,44.493369,44.292181,0.359228,0.640772,-0.934238,-0.374179,-0.575368,92.416662,92.987152,92.420531,92.615660,0.344372,0.655628,0.570490,0.003869,0.198997
22.360000,87.000000,92.425599,92.660766,92.765588,92.729083,0.348259,0.651741,0.235167,0.339989,0.303484,44.000000,43.854972,45.338158,42.774762,43.185589,0.160274,0.839726,1.483186,-1.080211,-0.669383,45.000000,44.867549,44.935484,44.333543,44.550755,0.360853,0.639147,0.067936,-0.534006,-0.316794,92.425599,92.660766,92.765588,92.729083,0.348259,0.651741,0.235167,0.339989,0.303484
22.380000,87.000000,92.433957,92.445745,92.563536,92.523508,0.339819,0.660181,0.011788,0.129579,0.089552,44.000000,43.854972,39.457467,43.940228,43.170650,0.171699,0.828301,-4.397505,0.085256,-0.684322,45.000000,44.867549,45.297757,45.211321,45.242295,0.358350,0.641650,0.430209,0.343772,0.374747,92.433957,92.445745,92.563536,92.523508,0.339819,0.660181,0.011788,0.129579,0.089552
22.400000,87.000000,92.441738,92.423767,92.368034,92.386854,0.337687,0.662313,-0.017971,-0.073704,-0.054884,44.000000,43.854972,42.950036,45.281587,44.867215,0.177731,0.822269,-0.904936,1.426615,1.012242,45.000000,44.867549,44.441586,44.906167,44.742829,0.351581,0.648419,-0.425963,0.038618,-0.124720,92.441738,92.423767,92.368034,92.386854,0.337687,0.662313,-0.017971,-0.073704,-0.054884
22.420000,87.000000,92.448946,92.364541,92.642574,92.548095,0.339812,0.660188,-0.084405,0.193628,0.099149,44.000000,43.854972,47.338091,43.931292,44.494391,0.165300,0.834700,3.483118,0.076320,0.639419,45.000000,44.867549,44.444065,44.552793,44.514346,0.353606,0.646394,-0.423484,-0.314756,-0.353203,92.448946,92.364541,92.642574,92.548095,0.339812,0.660188,-0.084405,0.193628,0.099149
22.440000,87.000000,92.455582,92.058797,92.558193,92.382460,0.351892,0.648108,-0.396785,0.102611,-0.073122,44.000000,43.854972,46.656780,43.839217,44.274299,0.154427,0.845573,2.801807,-0.015755,0.419327,45.000000,44.867549,45.147413,44.154395,44.520232,0.368410,0.631590,0.279865,-0.713154,-0.347317,92.455582,92.058797,92.558193,92.382460,0.351892,0.648108,-0.396785,0.102611,-0.073122
22.460000,87.000000,92.461649,92.042827,92.757725,92.499349,0.361417,0.638583,-0.418822,0.296076,0.037700,44.000000,43.854972,44.801659,43.456851,43.662899,0.153220,0.846780,0.946686,-0.398121,-0.192073,45.000000,44.867549,45.040061,45.294290,45.203409,0.357476,0.642524,0.172513,0.426741,0.335861,92.461649,92.042827,92.757725,92.499349,0.361417,0.638583,-0.418822,0.296076,0.037700
22.480000,87.000000,92.467151,92.909368,92.697488,92.773657,0.359494,0.640506,0.442218,0.230337,0.306507,44.000000,43.854972,47.411699,43.576232,44.131400,0.144762,0.855238,3.556727,-0.278740,0.276428,45.000000,44.867549,45.717744,45.216231,45.401573,0.369567,0.630433,0.850195,0.348682,0.534025,92.467151,92.909368,92.697488,92.773657,0.359494,0.640506,0.442218,0.230337,0.306507
22.500000,87.000000,92.472088,92.218764,92.446723,92.363890,0.363367,0.636633,-0.253324,-0.025365,-0.108198,44.000000,43.854972,45.713108,44.634290,44.788258,0.142720,0.857280,1.858136,0.779318,0.933286,45.000000,44.867549,46.317554,44.925194,45.442790,0.371742,0.628258,1.450005,0.057645,0.575241,92.472088,92.218764,92.446723,92.363890,0.363367,0.636633,-0.253324,-0.025365,-0.108198
22.520000,87.000000,92.476464,92.601699,92.475852,92.522060,0.367181,0.632819,0.125235,-0.000613,0.045596,44.000000,43.854972,42.153370,43.603447,43.388436,0.148278,0.851722,-1.701603,-0.251525,-0.466536,45.000000,44.867549,46.016337,44.996371,45.378818,0.374961,0.625039,1.148788,0.128823,0.511269,92.476464,92.601699,92.475852,92.522060,0.367181,0.632819,0.125235,-0.000613,0.045596
22.540000,87.000000,92.480282,92.984281,92.521007,92.687963,0.360383,0.639617,0.503999,0.040726,0.207681,44.000000,43.854972,44.204443,42.295863,42.579378,0.148551,0.851449,0.349471,-1.559109,-1.275595,45.000000,44.867549,44.506118,44.594573,44.561562,0.373195,0.626805,-0.361431,-0.272976,-0.305987,92.480282,92.984281,92.521007,92.687963,0.360383,0.639617,0.503999,0.040726,0.207681
22.560000,87.000000,92.483543,92.293673,92.655234,92.521931,0.368686,0.631314,-0.189870,0.171691,0.038389,44.000000,43.854972,47.733101,43.655079,44.225793,0.139967,0.860033,3.878129,-0.199893,0.370820,45.000000,44.867549,45.402183,44.692161,44.956297,0.372012,0.627988,0.534634,-0.175388,0.088748,92.483543,92.293673,92.655234,92.521931,0.368686,0.631314,-0.189870,0.171691,0.038389
22.580000,87.000000,92.486250,92.174640,92.423216,92.332424,0.365251,0.634749,-0.311609,-0.063033,-0.153826,44.000000,43.854972,40.652345,44.351591,43.817480,0.144399,0.855601,-3.202627,0.496618,-0.037493,45.000000,44.867549,45.045352,44.842533,44.917076,0.367534,0.632466,0.177804,-0.025016,0.049527,92.486250,92.174640,92.423216,92.332424,0.365251,0.634749,-0.311609,-0.063033,-0.153826
22.600000,87.000000,92.488405,91.802134,91.781314,91.788919,0.365264,0.634736,-0.686272,-0.707091,-0.699486,44.000000,43.854972,45.387991,43.908738,44.118496,0.141802,0.858198,1.533018,0.053766,0.263524,45.000000,44.867549,45.379837,45.164790,45.241481,0.356624,0.643376,0.512288,0.297242,0.373932,92.488405,91.802134,91.781314,91.788919,0.365264,0.634736,-0.686272,-0.707091,-0.699486
22.620000,87.000000,92.490012,93.105313,92.696017,92.842417,0.357687,0.642313,0.615301,0.206005,0.352405,44.000000,43.854972,43.377497,43.879861,43.807078,0.144882,0.855118,-0.477475,0.024889,-0.047894,45.000000,44.867549,45.024227,44.289674,44.543504,0.345558,0.654442,0.156678,-0.577874,-0.324044,92.490012,93.105313,92.696017,92.842417,0.357687,0.642313,0.615301,0.206005,0.352405
22.640000,87.000000,92.491072,93.150581,92.816586,92.939720,0.368670,0.631330,0.659510,0.325514,0.448648,44.000000,43.854972,41.665783,43.787141,43.472530,0.148312,0.851688,-2.189190,-0.067831,-0.382443,45.000000,44.867549,45.139353,44.666102,44.829541,0.345354,0.654646,0.271805,-0.201447,-0.038008,92.491072,93.150581,92.816586,92.939720,0.368670,0.631330,0.659510,0.325514,0.448648
22.660000,87.000000,92.491587,91.830348,92.186531,92.054250,0.371386,0.628614,-0.661239,-0.305056,-0.437337,44.000000,43.854972,43.388136,43.657900,43.615556,0.156966,0.843034,-0.466837,-0.197073,-0.239416,45.000000,44.867549,44.859637,45.571873,45.322027,0.350792,0.649208,-0.007912,0.704325,0.454478,92.491587,91.830348,92.186531,92.054250,0.371386,0.628614,-0.661239,-0.305056,-0.437337
22.680000,87.000000,92.491561,93.267669,92.681860,92.895384,0.364495,0.635505,0.776108,0.190299,0.403823,44.000000,43.854972,40.796806,43.526317,43.096115,0.157620,0.842380,-3.058166,-0.328655,-0.758857,45.000000,44.867549,45.006097,45.055804,45.038315,0.351845,0.648155,0.138548,0.188256,0.170766,92.491561,93.267669,92.681860,92.895384,0.364495,0.635505,0.776108,0.190299,0.403823
22.700000,87.000000,92.491011,92.229851,92.777234,92.574812,0.369799,0.630201,-0.261160,0.286223,0.083801,44.000000,43.854972,43.075194,43.833653,43.713186,0.158832,0.841168,-0.779778,-0.021319,-0.141786,45.000000,44.867549,45.504459,44.904458,45.112092,0.346056,0.653944,0.636910,0.036909,0.244543,92.491011,92.229851,92.777234,92.574812,0.369799,0.630201,-0.261160,0.286223,0.083801
22.720000,87.000000,92.489956,92.511251,92.541726,92.530456,0.369828,0.630172,0.021295,0.051770,0.040499,44.000000,43.854972,43.367460,43.664599,43.617073,0.159945,0.840055,-0.487513,-0.190373,-0.237899,45.000000,44.867549,44.472614,44.781898,44.676398,0.341110,0.658890,-0.394935,-0.085650,-0.191150,92.489956,92.511251,92.541726,92.530456,0.369828,0.630172,0.021295,0.051770,0.040499
22.740000,87.000000,92.488398,92.647194,92.359826,92.465829,0.368875,0.631125,0.158796,-0.128573,-0.022570,44.000000,43.854972,41.011031,43.487236,43.072311,0.167572,0.832428,-2.843941,-0.367737,-0.782661,45.000000,44.867549,44.042000,44.925253,44.623429,0.341719,0.658281,-0.825548,0.057704,-0.244120,92.488398,92.647194,92.359826,92.465829,0.368875,0.631125,0.158796,-0.128573,-0.022570
22.760000,87.000000,92.486340,92.406025,92.644800,92.556224,0.370960,0.629040,-0.080315,0.158460,0.069884,44.000000,43.854972,42.429372,43.568478,43.372640,0.171925,0.828075,-1.425600,-0.286494,-0.482333,45.000000,44.867549,45.108899,45.085956,45.093895,0.346025,0.653975,0.241350,0.218407,0.226346,92.486340,92.406025,92.644800,92.556224,0.370960,0.629040,-0.080315,0.158460,0.069884
22.780000,87.000000,92.483783,92.638979,92.600103,92.613956,0.356334,0.643666,0.155197,0.116321,0.130174,44.000000,43.854972,41.974490,43.511297,43.231986,0.181751,0.818249,-1.880483,-0.343675,-0.622987,45.000000,44.867549,45.253510,44.541437,44.775801,0.329130,0.670870,0.385961,-0.326112,-0.091748,92.483783,92.638979,92.600103,92.613956,0.356334,0.643666,0.155197,0.116321,0.130174
22.800000,87.000000,92.480729,92.259009,91.889295,92.021220,0.356830,0.643170,-0.221720,-0.591434,-0.459509,44.000000,43.854972,41.511198,42.931566,42.672123,0.182662,0.817338,-2.343774,-0.923406,-1.182849,45.000000,44.867549,45.635078,44.636398,44.956249,0.320275,0.679725,0.767529,-0.231151,0.088700,92.480729,92.259009,91.889295,92.021220,0.356830,0.643170,-0.221720,-0.591434,-0.459509
22.820000,87.000000,92.477182,91.431810,92.389878,92.040503,0.364667,0.635333,-1.045371,-0.087303,-0.436679,44.000000,43.854972,42.977674,44.426433,44.161138,0.183121,0.816879,-0.877299,0.571460,0.306166,45.000000,44.867549,45.388320,44.740739,44.948530,0.320873,0.679127,0.520771,-0.126810,0.080981,92.477182,91.431810,92.389878,92.040503,0.364667,0.635333,-1.045371,-0.087303,-0.436679
22.840000,87.000000,92.473142,92.061208,92.439934,92.300179,0.369014,0.630986,-0.411934,-0.033208,-0.172964,44.000000,43.854972,40.877343,44.352821,43.750636,0.173281,0.826719,-2.977630,0.497849,-0.104336,45.000000,44.867549,44.910633,45.309587,45.181353,0.321426,0.678574,0.043084,0.442039,0.313804,92.473142,92.061208,92.439934,92.300179,0.369014,0.630986,-0.411934,-0.033208,-0.172964
22.860000,87.000000,92.468613,91.597402,92.304708,92.041281,0.372437,0.627563,-0.871211,-0.163905,-0.427331,44.000000,43.854972,43.805790,44.149002,44.085908,0.183835,0.816165,-0.049183,0.294030,0.230936,45.000000,44.867549,44.467481,45.193730,44.958997,0.323213,0.676787,-0.400068,0.326182,0.091449,92.468613,91.597402,92.304708,92.041281,0.372437,0.627563,-0.871211,-0.163905,-0.427331
22.880000,87.000000,92.463596,92.340269,92.221899,92.266097,0.373384,0.626616,-0.123326,-0.241696,-0.197499,44.000000,43.854972,48.707354,43.929784,44.792257,0.180553,0.819447,4.852382,0.074812,0.937285,45.000000,44.867549,45.347498,45.033714,45.133905,0.319301,0.680699,0.479949,0.166165,0.266356,92.463596,92.340269,92.221899,92.266097,0.373384,0.626616,-0.123326,-0.241696,-0.197499
22.900000,87.000000,92.458093,92.253853,92.287664,92.275030,0.373668,0.626332,-0.204240,-0.170430,-0.183063,44.000000,43.854972,37.622254,43.462363,42.411264,0.180020,0.819980,-6.232718,-0.392609,-1.443709,45.000000,44.867549,45.131577,45.012568,45.050350,0.317467,0.682533,0.264028,0.145020,0.182801,92.458093,92.253853,92.287664,92.275030,0.373668,0.626332,-0.204240,-0.170430,-0.183063
22.920000,87.000000,92.452107,92.754909,92.319885,92.481946,0.372535,0.627465,0.302801,-0.132223,0.029839,44.000000,43.854972,42.920216,44.267963,44.026711,0.179006,0.820994,-0.934756,0.412991,0.171739,45.000000,44.867549,44.232941,44.682458,44.538111,0.321115,0.678885,-0.634607,-0.185091,-0.329437,92.452107,92.754909,92.319885,92.481946,0.372535,0.627465,0.302801,-0.132223,0.029839
22.940000,87.000000,92.445640,92.863932,92.316459,92.514526,0.361785,0.638215,0.418292,-0.129182,0.068886,44.000000,43.854972,42.763417,44.020255,43.798964,0.176071,0.823929,-1.091556,0.165283,-0.056008,45.000000,44.867549,45.002896,45.045895,45.032022,0.322637,0.677363,0.135347,0.178346,0.164473,92.445640,92.863932,92.316459,92.514526,0.361785,0.638215,0.418292,-0.129182,0.068886
22.960000,87.000000,92.438694,92.666201,92.992673,92.872012,0.369592,0.630408,0.227507,0.553979,0.433317,44.000000,43.854972,45.880893,44.026700,44.349324,0.174001,0.825999,2.025920,0.171728,0.494352,45.000000,44.867549,44.324908,45.059359,44.822382,0.322660,0.677340,-0.542640,0.191810,-0.045167,92.438694,92.666201,92.992673,92.872012,0.369592,0.630408,0.227507,0.553979,0.433317
22.980000,87.000000,92.431271,92.314902,92.837418,92.645185,0.367899,0.632101,-0.116369,0.406147,0.213914,44.000000,43.854972,44.773456,43.788276,43.964251,0.178624,0.821376,0.918484,-0.066697,0.109279,45.000000,44.867549,44.406372,44.348298,44.367383,0.328635,0.671365,-0.461177,-0.519251,-0.500166,92.431271,92.314902,92.837418,92.645185,0.367899,0.632101,-0.116369,0.406147,0.213914
23.000000,87.000000,92.423373,92.633346,92.333395,92.442207,0.362765,0.637235,0.209973,-0.089978,0.018834,44.000000,43.854972,43.676982,44.136167,44.054651,0.177523,0.822477,-0.177990,0.281194,0.199679,45.000000,44.867549,44.459434,44.788662,44.680630,0.328139,0.671861,-0.408115,-0.078887,-0.186919,92.423373,92.633346,92.333395,92.442207,0.362765,0.637235,0.209973,-0.089978,0.018834
23.020000,87.000000,92.415002,92.136156,92.826619,92.574010,0.365855,0.634145,-0.278846,0.411617,0.159008,44.000000,43.854972,43.871863,43.843106,43.848181,0.176504,0.823496,0.016891,-0.011867,-0.006791,45.000000,44.867549,45.114670,45.196479,45.170135,0.322015,0.677985,0.247121,0.328930,0.302586,92.415002,92.136156,92.826619,92.574010,0.365855,0.634145,-0.278846,0.411617,0.159008
23.040000,87.000000,92.406160,92.502792,92.434787,92.459493,0.363293,0.636707,0.096632,0.028627,0.053333,44.000000,43.854972,47.015490,43.980673,44.488751,0.167427,0.832573,3.160518,0.125700,0.633779,45.000000,44.867549,45.101245,44.881614,44.952934,0.324726,0.675274,0.233696,0.014066,0.085385,92.406160,92.502792,92.434787,92.459493,0.363293,0.636707,0.096632,0.028627,0.053333
23.060000,87.000000,92.396850,92.306112,92.729712,92.570496,0.375864,0.624136,-0.090738,0.332863,0.173646,44.000000,43.854972,45.088537,44.267340,44.411678,0.175765,0.824235,1.233565,0.412368,0.556705,45.000000,44.867549,44.137050,44.589921,44.437180,0.337274,0.662726,-0.730499,-0.277628,-0.430369,92.396850,92.306112,92.729712,92.570496,0.375864,0.624136,-0.090738,0.332863,0.173646
23.080000,87.000000,92.387073,92.424366,92.757988,92.633427,0.373358,0.626642,0.037293,0.370915,0.246355,44.000000,43.854972,44.824255,44.115751,44.240080,0.175481,0.824519,0.969283,0.260779,0.385108,45.000000,44.867549,45.151954,44.753714,44.889348,0.340583,0.659417,0.284405,-0.113835,0.021799,92.387073,92.424366,92.757988,92.633427,0.373358,0.626642,0.037293,0.370915,0.246355
23.100000,87.000000,92.376831,93.071381,92.302323,92.593458,0.378561,0.621439,0.694549,-0.074508,0.216627,44.000000,43.854972,42.293377,43.977714,43.678567,0.177609,0.822391,-1.561595,0.122742,-0.176405,45.000000,44.867549,45.807950,45.043134,45.300315,0.336267,0.663733,0.940401,0.175585,0.432766,92.376831,93.071381,92.302323,92.593458,0.378561,0.621439,0.694549,-0.074508,0.216627
23.120000,87.000000,92.366127,92.351651,91.950326,92.101515,0.376724,0.623276,-0.014477,-0.415801,-0.264612,44.000000,43.854972,44.261419,43.897835,43.962710,0.178433,0.821567,0.406447,0.042863,0.107738,45.000000,44.867549,43.507183,44.352546,44.066353,0.338545,0.661455,-1.360365,-0.515003,-0.801195,92.366127,92.351651,91.950326,92.101515,0.376724,0.623276,-0.014477,-0.415801,-0.264612
23.140000,87.000000,92.354963,92.446744,92.529528,92.498662,0.372843,0.627157,0.091781,0.174565,0.143700,44.000000,43.854972,45.287865,42.853237,43.301394,0.184083,0.815917,1.432893,-1.001736,-0.553579,45.000000,44.867549,45.443148,44.952686,45.115686,0.332341,0.667659,0.575599,0.085137,0.248137,92.354963,92.446744,92.529528,92.498662,0.372843,0.627157,0.091781,0.174565,0.143700
23.160000,87.000000,92.343340,92.117090,92.591951,92.415564,0.371451,0.628549,-0.226250,0.248611,0.072224,44.000000,43.854972,44.727042,45.131433,45.058703,0.179850,0.820150,0.872069,1.276460,1.203731,45.000000,44.867549,44.867768,44.765063,44.799713,0.337375,0.662625,0.000219,-0.102486,-0.067836,92.343340,92.117090,92.591951,92.415564,0.371451,0.628549,-0.226250,0.248611,0.072224
23.180000,87.000000,92.331260,91.253582,92.331763,91.923356,0.378793,0.621207,-1.077678,0.000503,-0.407904,44.000000,43.854972,45.020845,43.409273,43.709762,0.186460,0.813540,1.165873,-0.445699,-0.145210,45.000000,44.867549,45.458329,45.429021,45.438897,0.336968,0.663032,0.590781,0.561472,0.571348,92.331260,91.253582,92.331763,91.923356,0.378793,0.621207,-1.077678,0.000503,-0.407904
23.200000,87.000000,92.318727,92.526575,92.229766,92.341966,0.378023,0.621977,0.207848,-0.088961,0.023240,44.000000,43.854972,45.369880,43.346170,43.727126,0.188251,0.811749,1.514908,-0.508802,-0.127846,45.000000,44.867549,45.357306,45.240007,45.279671,0.338143,0.661857,0.489757,0.372458,0.412122,92.318727,92.526575,92.229766,92.341966,0.378023,0.621977,0.207848,-0.088961,0.023240
23.220000,87.000000,92.305740,92.874839,92.658946,92.740180,0.376272,0.623728,0.569099,0.353205,0.434440,44.000000,43.854972,44.971612,44.342242,44.460226,0.187465,0.812535,1.116640,0.487269,0.605254,45.000000,44.867549,45.261452,45.051132,45.122266,0.338219,0.661781,0.393904,0.183583,0.254718,92.305740,92.874839,92.658946,92.740180,0.376272,0.623728,0.569099,0.353205,0.434440
23.240000,87.000000,92.292304,93.150034,92.385389,92.670332,0.372649,0.627351,0.857730,0.093085,0.378029,44.000000,43.854972,44.582854,43.867169,44.001651,0.187906,0.812094,0.727882,0.012197,0.146678,45.000000,44.867549,45.810503,45.170377,45.385753,0.336460,0.663540,0.942954,0.302828,0.518205,92.292304,93.150034,92.385389,92.670332,0.372649,0.627351,0.857730,0.093085,0.378029
23.260000,87.000000,92.278418,92.275356,91.667180,91.893472,0.372084,0.627916,-0.003063,-0.611239,-0.384947,44.000000,43.854972,38.743146,42.944834,42.239692,0.167844,0.832156,-5.111826,-0.910138,-1.615281,45.000000,44.867549,45.446321,44.564684,44.856400,0.330881,0.669119,0.578773,-0.302865,-0.011149,92.278418,92.275356,91.667180,91.893472,0.372084,0.627916,-0.003063,-0.611239,-0.384947
23.280000,87.000000,92.264087,92.379993,92.587756,92.511216,0.368401,0.631599,0.115906,0.323669,0.247129,44.000000,43.854972,44.352925,44.413364,44.403251,0.167332,0.832668,0.497952,0.558392,0.548278,45.000000,44.867549,45.216724,45.356698,45.311165,0.325293,0.674707,0.349176,0.489149,0.443617,92.264087,92.379993,92.587756,92.511216,0.368401,0.631599,0.115906,0.323669,0.247129
23.300000,87.000000,92.249311,92.005205,92.438447,92.281717,0.361762,0.638238,-0.244106,0.189137,0.032406,44.000000,43.854972,43.205156,43.230634,43.226223,0.173128,0.826872,-0.649816,-0.624338,-0.628749,45.000000,44.867549,45.325157,45.335818,45.332321,0.328029,0.671971,0.457608,0.468269,0.464772,92.249311,92.005205,92.438447,92.281717,0.361762,0.638238,-0.244106,0.189137,0.032406
23.320000,87.000000,92.234092,92.863655,92.103702,92.382987,0.367504,0.632496,0.629563,-0.130391,0.148895,44.000000,43.854972,42.861227,44.040237,43.833748,0.175139,0.824861,-0.993746,0.185265,-0.021224,45.000000,44.867549,45.162568,44.473445,44.693693,0.319607,0.680393,0.295019,-0.394104,-0.173855,92.234092,92.863655,92.103702,92.382987,0.367504,0.632496,0.629563,-0.130391,0.148895
23.340000,87.000000,92.218433,91.999535,91.589795,91.740528,0.367875,0.632125,-0.218898,-0.628637,-0.477905,44.000000,43.854972,47.945120,44.409182,45.054610,0.182549,0.817451,4.090147,0.554209,1.199637,45.000000,44.867549,44.376880,45.104655,44.870643,0.321545,0.678455,-0.490668,0.237106,0.003095,92.218433,91.999535,91.589795,91.740528,0.367875,0.632125,-0.218898,-0.628637,-0.477905
23.360000,87.000000,92.202335,92.478517,91.544506,91.898429,0.378929,0.621071,0.276182,-0.657829,-0.303906,44.000000,43.854972,43.095435,43.805468,43.680841,0.175523,0.824477,-0.759537,-0.049504,-0.174131,45.000000,44.867549,44.879839,45.186404,45.086091,0.327218,0.672782,0.012290,0.318856,0.218542,92.202335,92.478517,91.544506,91.898429,0.378929,0.621071,0.276182,-0.657829,-0.303906
23.380000,87.000000,92.185800,92.740870,92.069387,92.328172,0.385393,0.614607,0.555070,-0.116413,0.142372,44.000000,43.854972,43.996737,44.643537,44.519910,0.191136,0.808864,0.141765,0.788565,0.664938,45.000000,44.867549,45.072115,44.747176,44.852897,0.325357,0.674643,0.204567,-0.120373,-0.014652,92.185800,92.740870,92.069387,92.328172,0.385393,0.614607,0.555070,-0.116413,0.142372
23.400000,87.000000,92.168831,92.639372,92.472070,92.536355,0.384246,0.615754,0.470541,0.303240,0.367525,44.000000,43.854972,43.491932,43.564004,43.550719,0.184321,0.815679,-0.363041,-0.290969,-0.304253,45.000000,44.867549,44.640741,45.354773,45.120650,0.327889,0.672111,-0.226808,0.487224,0.253101,92.168831,92.639372,92.472070,92.536355,0.384246,0.615754,0.470541,0.303240,0.367525
23.420000,87.000000,92.151428,91.795005,92.031222,91.940705,0.383194,0.616806,-0.356423,-0.120206,-0.210723,44.000000,43.854972,36.960312,43.613229,42.535930,0.161980,0.838020,-6.894660,-0.241743,-1.319043,45.000000,44.867549,44.860330,45.160208,45.061297,0.329838,0.670162,-0.007219,0.292659,0.193748,92.151428,91.795005,92.031222,91.940705,0.383194,0.616806,-0.356423,-0.120206,-0.210723
23.440000,87.000000,92.133595,92.545843,92.089160,92.260172,0.374465,0.625535,0.412248,-0.044435,0.126577,44.000000,43.854972,44.051168,43.474367,43.567296,0.161111,0.838889,0.196196,-0.380605,-0.287677,45.000000,44.867549,43.877894,44.402710,44.224740,0.339110,0.660890,-0.989654,-0.464839,-0.642809,92.133595,92.545843,92.089160,92.260172,0.374465,0.625535,0.412248,-0.044435,0.126577
23.460000,87.000000,92.115332,92.002851,91.828411,91.892405,0.366852,0.633148,-0.112482,-0.286921,-0.222927,44.000000,43.854972,46.537343,44.490015,44.818307,0.160356,0.839644,2.682371,0.635043,0.963335,45.000000,44.867549,45.053859,45.396237,45.279923,0.339724,0.660276,0.186311,0.528688,0.412375,92.115332,92.002851,91.828411,91.892405,0.366852,0.633148,-0.112482,-0.286921,-0.222927
23.480000,87.000000,92.096642,92.137794,92.112144,92.121601,0.368725,0.631275,0.041152,0.015501,0.024959,44.000000,43.854972,46.586061,44.186389,44.573178,0.161191,0.838809,2.731089,0.331416,0.718205,45.000000,44.867549,45.092235,44.603316,44.769637,0.340181,0.659819,0.224686,-0.264233,-0.097912,92.096642,92.137794,92.112144,92.121601,0.368725,0.631275,0.041152,0.015501,0.024959
23.500000,87.000000,92.077527,91.921772,92.256492,92.132809,0.369511,0.630489,-0.155756,0.178964,0.055282,44.000000,43.854972,41.512132,42.819019,42.612029,0.158386,0.841614,-2.342840,-1.035953,-1.242943,45.000000,44.867549,44.671702,44.434190,44.517839,0.352189,0.647811,-0.195846,-0.433359,-0.349710,92.077527,91.921772,92.256492,92.132809,0.369511,0.630489,-0.155756,0.178964,0.055282
23.520000,87.000000,92.057989,91.490604,91.780802,91.672711,0.372474,0.627526,-0.567384,-0.277187,-0.385278,44.000000,43.854972,44.540284,42.926179,43.192076,0.164736,0.835264,0.685312,-0.928793,-0.662896,45.000000,44.867549,44.891220,45.416098,45.223338,0.367248,0.632752,0.023671,0.548550,0.355789,92.057989,91.490604,91.780802,91.672711,0.372474,0.627526,-0.567384,-0.277187,-0.385278
23.540000,87.000000,92.038028,91.936020,91.599619,91.725604,0.374509,0.625491,-0.102009,-0.438410,-0.312424,44.000000,43.854972,43.552198,44.829533,44.627609,0.158084,0.841916,-0.302774,0.974561,0.772636,45.000000,44.867549,45.193833,44.889900,45.000528,0.363989,0.636011,0.326284,0.022352,0.132980,92.038028,91.936020,91.599619,91.725604,0.374509,0.625491,-0.102009,-0.438410,-0.312424
23.560000,87.000000,92.017649,91.751265,92.017949,91.918378,0.373367,0.626633,-0.266383,0.000301,-0.099270,44.000000,43.854972,44.608693,44.026270,44.119387,0.159880,0.840120,0.753721,0.171298,0.264415,45.000000,44.867549,45.476171,44.639583,44.943185,0.362906,0.637094,0.608622,-0.227966,0.075636,92.017649,91.751265,92.017949,91.918378,0.373367,0.626633,-0.266383,0.000301,-0.099270
23.580000,87.000000,91.996851,92.712149,92.012953,92.267858,0.364570,0.635430,0.715299,0.016102,0.271008,44.000000,43.854972,42.752732,43.967772,43.768488,0.164016,0.835984,-1.102241,0.112800,-0.086485,45.000000,44.867549,45.160155,44.890119,44.987950,0.362287,0.637713,0.292606,0.022570,0.120401,91.996851,92.712149,92.012953,92.267858,0.364570,0.635430,0.715299,0.016102,0.271008
23.600000,87.000000,91.975637,91.899359,92.193504,92.085824,0.366078,0.633922,-0.076278,0.217867,0.110187,44.000000,43.854972,45.639275,43.997879,44.270029,0.165807,0.834193,1.784303,0.142906,0.415057,45.000000,44.867549,45.290182,44.967352,45.084004,0.361342,0.638658,0.422633,0.099803,0.216455,91.975637,91.899359,92.193504,92.085824,0.366078,0.633922,-0.076278,0.217867,0.110187
23.620000,87.000000,91.954009,91.723788,92.128805,91.977446,0.373711,0.626289,-0.230220,0.174797,0.023437,44.000000,43.854972,48.862045,43.039610,44.039742,0.171812,0.828188,5.007073,-0.815362,0.184770,45.000000,44.867549,44.557372,44.846190,44.739687,0.368755,0.631245,-0.310177,-0.021359,-0.127862,91.954009,91.723788,92.128805,91.977446,0.373711,0.626289,-0.230220,0.174797,0.023437
23.640000,87.000000,91.931968,91.973611,91.561295,91.715527,0.374064,0.625936,0.041643,-0.370673,-0.216441,44.000000,43.854972,44.247624,43.841570,43.913243,0.176512,0.823488,0.392652,-0.013402,0.058271,45.000000,44.867549,44.783881,44.793147,44.789692,0.372897,0.627103,-0.083668,-0.074401,-0.077857,91.931968,91.973611,91.561295,91.715527,0.374064,0.625936,0.041643,-0.370673,-0.216441
23.660000,87.000000,91.909517,91.924457,91.921127,91.922362,0.370975,0.629025,0.014940,0.011610,0.012845,44.000000,43.854972,47.363136,44.225051,44.793295,0.181092,0.818908,3.508164,0.370079,0.938322,45.000000,44.867549,44.454212,44.476680,44.468464,0.365649,0.634351,-0.413337,-0.390869,-0.399084,91.909517,91.924457,91.921127,91.922362,0.370975,0.629025,0.014940,0.011610,0.012845
23.680000,87.000000,91.886657,92.399275,91.978999,92.135929,0.373398,0.626602,0.512618,0.092342,0.249272,44.000000,43.854972,43.981377,44.081332,44.062790,0.185505,0.814495,0.126405,0.226359,0.207817,45.000000,44.867549,44.697081,44.990248,44.882462,0.367661,0.632339,-0.170468,0.122699,0.014913,91.886657,92.399275,91.978999,92.135929,0.373398,0.626602,0.512618,0.092342,0.249272
23.700000,87.000000,91.863390,91.454939,91.788027,91.664522,0.370789,0.629211,-0.408451,-0.075363,-0.198868,44.000000,43.854972,42.496790,44.239542,43.920364,0.183150,0.816850,-1.358183,0.384569,0.065391,45.000000,44.867549,44.496172,45.140910,44.896279,0.379428,0.620572,-0.371377,0.273361,0.028730,91.863390,91.454939,91.788027,91.664522,0.370789,0.629211,-0.408451,-0.075363,-0.198868
23.720000,87.000000,91.839718,91.394500,91.335500,91.357335,0.370082,0.629918,-0.445218,-0.504218,-0.482383,44.000000,43.854972,39.572163,43.029254,42.443904,0.169333,0.830667,-4.282809,-0.825718,-1.411068,45.000000,44.867549,45.677602,45.284651,45.431074,0.372624,0.627376,0.810053,0.417102,0.563525,91.839718,91.394500,91.335500,91.357335,0.370082,0.629918,-0.445218,-0.504218,-0.482383
23.740000,87.000000,91.815642,91.038714,91.919669,91.585638,0.379170,0.620830,-0.776928,0.104027,-0.230004,44.000000,43.854972,45.075087,43.708193,43.950026,0.176924,0.823076,1.220114,-0.146779,0.095054,45.000000,44.867549,45.466802,45.112251,45.240875,0.362781,0.637219,0.599253,0.244702,0.373326,91.815642,91.038714,91.919669,91.585638,0.379170,0.620830,-0.776928,0.104027,-0.230004
23.760000,87.000000,91.791165,91.527950,91.558002,91.546667,0.377159,0.622841,-0.263215,-0.233164,-0.244498,44.000000,43.854972,43.045920,43.743017,43.620621,0.175579,0.824421,-0.809052,-0.111956,-0.234351,45.000000,44.867549,45.673286,45.213355,45.378177,0.358363,0.641637,0.805737,0.345806,0.510628,91.791165,91.527950,91.558002,91.546667,0.377159,0.622841,-0.263215,-0.233164,-0.244498
23.780000,87.000000,91.766288,92.013998,91.979529,91.992535,0.377317,0.622683,0.247710,0.213241,0.226246,44.000000,43.854972,44.529701,43.185095,43.415713,0.171516,0.828484,0.674729,-0.669877,-0.439259,45.000000,44.867549,45.404706,44.665443,44.930122,0.358032,0.641968,0.537157,-0.202106,0.062573,91.766288,92.013998,91.979529,91.992535,0.377317,0.622683,0.247710,0.213241,0.226246
23.800000,87.000000,91.741013,91.959561,91.960073,91.959879,0.379511,0.620489,0.218548,0.219060,0.218866,44.000000,43.854972,46.887952,43.315084,43.890180,0.160977,0.839023,3.032979,-0.539888,0.035208,45.000000,44.867549,45.583086,45.150230,45.307499,0.363329,0.636671,0.715537,0.282681,0.439950,91.741013,91.959561,91.960073,91.959879,0.379511,0.620489,0.218548,0.219060,0.218866
23.820000,87.000000,91.715342,91.539261,92.103612,91.890122,0.378293,0.621707,-0.176081,0.388271,0.174780,44.000000,43.854972,42.360117,44.625444,44.257594,0.162389,0.837611,-1.494855,0.770472,0.402622,45.000000,44.867549,45.359272,45.073369,45.178278,0.366938,0.633062,0.491723,0.205820,0.310729,91.715342,91.539261,92.103612,91.890122,0.378293,0.621707,-0.176081,0.388271,0.174780
23.840000,87.000000,91.689275,91.119268,91.558948,91.392404,0.378785,0.621215,-0.570007,-0.130327,-0.296871,44.000000,43.854972,43.957045,43.472313,43.549432,0.159097,0.840903,0.102072,-0.382659,-0.305540,45.000000,44.867549,45.001115,44.905657,44.940230,0.362175,0.637825,0.133566,0.038109,0.072681,91.689275,91.119268,91.558948,91.392404,0.378785,0.621215,-0.570007,-0.130327,-0.296871
23.860000,87.000000,91.662816,91.382589,91.381324,91.381797,0.374277,0.625723,-0.280228,-0.281493,-0.281019,44.000000,43.854972,41.908257,43.896138,43.577595,0.160247,0.839753,-1.946716,0.041165,-0.277377,45.000000,44.867549,44.644041,45.117202,44.947080,0.359545,0.640455,-0.223507,0.249654,0.079531,91.662816,91.382589,91.381324,91.381797,0.374277,0.625723,-0.280228,-0.281493,-0.281019
23.880000,87.000000,91.635966,91.251211,91.283515,91.271380,0.375641,0.624359,-0.384755,-0.352451,-0.364586,44.000000,43.854972,41.887658,43.848600,43.500675,0.177432,0.822568,-1.967315,-0.006373,-0.354297,45.000000,44.867549,44.219201,45.044527,44.740464,0.368416,0.631584,-0.648348,0.176978,-0.127085,91.635966,91.251211,91.283515,91.271380,0.375641,0.624359,-0.384755,-0.352451,-0.364586
23.900000,87.000000,91.608727,91.766568,91.440708,91.562036,0.372334,0.627666,0.157842,-0.168019,-0.046690,44.000000,43.854972,47.047473,43.174008,43.838123,0.171470,0.828530,3.192500,-0.680964,-0.016849,45.000000,44.867549,44.683903,44.176838,44.362822,0.366785,0.633215,-0.183646,-0.690710,-0.504727,91.608727,91.766568,91.440708,91.562036,0.372334,0.627666,0.157842,-0.168019,-0.046690
23.920000,87.000000,91.581099,91.853408,91.123672,91.393359,0.369569,0.630431,0.272309,-0.457428,-0.187740,44.000000,43.854972,41.209642,43.745920,43.310190,0.171807,0.828193,-2.645331,-0.109053,-0.544783,45.000000,44.867549,45.440780,44.914045,45.103001,0.358731,0.641269,0.573232,0.046496,0.235452,91.581099,91.853408,91.123672,91.393359,0.369569,0.630431,0.272309,-0.457428,-0.187740
23.940000,87.000000,91.553086,92.167087,91.568173,91.788633,0.368100,0.631900,0.614001,0.015087,0.235547,44.000000,43.854972,41.437243,43.776048,43.370724,0.173310,0.826690,-2.417729,-0.078924,-0.484248,45.000000,44.867549,45.171572,44.975151,45.045215,0.356705,0.643295,0.304023,0.107602,0.177667,91.553086,92.167087,91.568173,91.788633,0.368100,0.631900,0.614001,0.015087,0.235547
23.960000,87.000000,91.524688,92.451281,91.444117,91.801556,0.354897,0.645103,0.926593,-0.080571,0.276868,44.000000,43.854972,40.591757,43.598875,43.057462,0.180055,0.819945,-3.263216,-0.256097,-0.797511,45.000000,44.867549,43.871064,44.873711,44.515599,0.357168,0.642832,-0.996484,0.006162,-0.351950,91.524688,92.451281,91.444117,91.801556,0.354897,0.645103,0.926593,-0.080571,0.276868
23.980000,87.000000,91.495908,91.791929,91.383633,91.525392,0.347197,0.652803,0.296021,-0.112275,0.029484,44.000000,43.854972,42.086097,43.328897,43.100147,0.184062,0.815938,-1.768875,-0.526076,-0.754825,45.000000,44.867549,44.278680,44.832835,44.632673,0.361202,0.638798,-0.588869,-0.034714,-0.234875,91.495908,91.791929,91.383633,91.525392,0.347197,0.652803,0.296021,-0.112275,0.029484
24.000000,87.000000,91.466747,91.145302,90.633049,90.810649,0.346704,0.653296,-0.321444,-0.833698,-0.656097,44.000000,43.854972,38.770123,44.168841,43.183745,0.182503,0.817497,-5.084849,0.313868,-0.671227,45.000000,44.867549,44.021494,45.030362,44.660638,0.366475,0.633525,-0.846054,0.162814,-0.206911,91.466747,91.145302,90.633049,90.810649,0.346704,0.653296,-0.321444,-0.833698,-0.656097
24.020000,87.000000,91.437206,91.796579,91.311379,91.475209,0.337655,0.662345,0.359372,-0.125827,0.038003,44.000000,43.854972,40.931093,44.359191,43.755305,0.176172,0.823828,-2.923879,0.504219,-0.099667,45.000000,44.867549,45.614586,45.040272,45.246815,0.359634,0.640366,0.747037,0.172723,0.379266,91.437206,91.796579,91.311379,91.475209,0.337655,0.662345,0.359372,-0.125827,0.038003
24.040000,87.000000,91.407288,91.041871,91.396760,91.275902,0.340552,0.659448,-0.365417,-0.010528,-0.131386,44.000000,43.854972,45.448075,43.893873,44.161899,0.172455,0.827545,1.593103,0.038900,0.306926,45.000000,44.867549,44.878436,45.055205,44.991030,0.363048,0.636952,0.010887,0.187657,0.123481,91.407288,91.041871,91.396760,91.275902,0.340552,0.659448,-0.365417,-0.010528,-0.131386
24.060000,87.000000,91.376994,91.585061,91.396693,91.459970,0.335920,0.664080,0.208067,0.019699,0.082975,44.000000,43.854972,43.609549,43.519048,43.534513,0.170885,0.829115,-0.245423,-0.335924,-0.320459,45.000000,44.867549,45.186488,45.230880,45.214862,0.360821,0.639179,0.318939,0.363332,0.347314,91.376994,91.585061,91.396693,91.459970,0.335920,0.664080,0.208067,0.019699,0.082975
24.080000,87.000000,91.346326,91.667965,91.222653,91.369579,0.329940,0.670060,0.321639,-0.123673,0.023253,44.000000,43.854972,46.817168,43.331646,43.926535,0.170689,0.829311,2.962195,-0.523326,0.071563,45.000000,44.867549,45.685358,45.149852,45.341861,0.358557,0.641443,0.817809,0.282303,0.474313,91.346326,91.667965,91.222653,91.369579,0.329940,0.670060,0.321639,-0.123673,0.023253
24.100000,87.000000,91.315285,90.671565,91.043370,90.917685,0.338041,0.661959,-0.643720,-0.271915,-0.397600,44.000000,43.854972,42.610690,43.341747,43.214558,0.173980,0.826020,-1.244282,-0.513226,-0.640414,45.000000,44.867549,45.454355,44.834369,45.057777,0.360344,0.639656,0.586806,-0.033180,0.190228,91.315285,90.671565,91.043370,90.917685,0.338041,0.661959,-0.643720,-0.271915,-0.397600
24.120000,87.000000,91.283873,90.792145,91.193449,91.055781,0.343053,0.656947,-0.491728,-0.090424,-0.228092,44.000000,43.854972,44.187696,43.469239,43.594363,0.174157,0.825843,0.332724,-0.385734,-0.260609,45.000000,44.867549,45.315054,45.043264,45.139394,0.353690,0.646310,0.447506,0.175715,0.271845,91.283873,90.792145,91.193449,91.055781,0.343053,0.656947,-0.491728,-0.090424,-0.228092
24.140000,87.000000,91.252092,91.326660,91.284096,91.298657,0.342096,0.657904,0.074568,0.032004,0.046565,44.000000,43.854972,40.707198,43.355929,42.925202,0.162625,0.837375,-3.147774,-0.499044,-0.929771,45.000000,44.867549,44.579597,45.536422,45.185286,0.366981,0.633019,-0.287952,0.668873,0.317737,91.252092,91.326660,91.284096,91.298657,0.342096,0.657904,0.074568,0.032004,0.046565
24.160000,87.000000,91.219943,91.257765,91.449603,91.384328,0.340263,0.659737,0.037823,0.229660,0.164385,44.000000,43.854972,45.534878,44.105426,44.336115,0.161385,0.838615,1.679906,0.250453,0.481143,45.000000,44.867549,44.842696,44.817105,44.826514,0.367674,0.632326,-0.024853,-0.050444,-0.041035,91.219943,91.257765,91.449603,91.384328,0.340263,0.659737,0.037823,0.229660,0.164385
24.180000,87.000000,91.187427,91.936154,91.069704,91.353569,0.327619,0.672381,0.748726,-0.117723,0.166141,44.000000,43.854972,43.726511,44.267160,44.181503,0.158434,0.841566,-0.128461,0.412188,0.326531,45.000000,44.867549,44.866213,44.446852,44.599780,0.364669,0.635331,-0.001336,-0.420697,-0.267769,91.187427,91.936154,91.069704,91.353569,0.327619,0.672381,0.748726,-0.117723,0.166141
24.200000,87.000000,91.154548,91.932175,90.796765,91.161631,0.321353,0.678647,0.777627,-0.357782,0.007083,44.000000,43.854972,45.431719,43.873206,44.117024,0.156446,0.843554,1.576746,0.018233,0.262052,45.000000,44.867549,45.672781,45.413670,45.507748,0.363078,0.636922,0.805232,0.546121,0.640199,91.154548,91.932175,90.796765,91.161631,0.321353,0.678647,0.777627,-0.357782,0.007083
24.220000,87.000000,91.121305,90.465425,91.328891,91.045571,0.328120,0.671880,-0.655881,0.207586,-0.075734,44.000000,43.854972,45.018577,42.881097,43.220745,0.158906,0.841094,1.163604,-0.973876,-0.634228,45.000000,44.867549,45.096573,44.487743,44.707179,0.360424,0.639576,0.229024,-0.379806,-0.160369,91.121305,90.465425,91.328891,91.045571,0.328120,0.671880,-0.655881,0.207586,-0.075734
24.240000,87.000000,91.087701,90.868864,91.772098,91.462926,0.342295,0.657705,-0.218837,0.684396,0.375225,44.000000,43.854972,42.006059,43.430612,43.209187,0.155437,0.844563,-1.848913,-0.424361,-0.645785,45.000000,44.867549,45.441008,44.767290,45.010517,0.361022,0.638978,0.573459,-0.100259,0.142968,91.087701,90.868864,91.772098,91.462926,0.342295,0.657705,-0.218837,0.684396,0.375225
24.260000,87.000000,91.053738,90.239282,91.562493,91.091095,0.356255,0.643745,-0.814455,0.508755,0.037357,44.000000,43.854972,48.439480,43.820033,44.596758,0.168168,0.831832,4.584508,-0.034940,0.741786,45.000000,44.867549,44.559336,44.679029,44.634806,0.369472,0.630528,-0.308213,-0.188520,-0.232743,91.053738,90.239282,91.562493,91.091095,0.356255,0.643745,-0.814455,0.508755,0.037357
24.280000,87.000000,91.019416,91.387247,90.960177,91.109854,0.350474,0.649526,0.367831,-0.059239,0.090438,44.000000,43.854972,43.452443,44.087664,43.981447,0.167212,0.832788,-0.402529,0.232691,0.126475,45.000000,44.867549,44.334656,44.887891,44.682065,0.372041,0.627959,-0.532893,0.020342,-0.185484,91.019416,91.387247,90.960177,91.109854,0.350474,0.649526,0.367831,-0.059239,0.090438
24.300000,87.000000,90.984738,90.540911,91.262799,91.008305,0.352540,0.647460,-0.443827,0.278062,0.023568,44.000000,43.854972,42.582802,44.180263,43.917874,0.164256,0.835744,-1.272170,0.325290,0.062902,45.000000,44.867549,44.349120,45.067789,44.796360,0.377682,0.622318,-0.518429,0.200240,-0.071189,90.984738,90.540911,91.262799,91.008305,0.352540,0.647460,-0.443827,0.278062,0.023568
24.320000,87.000000,90.949705,91.276865,91.404354,91.358395,0.360499,0.639501,0.327161,0.454650,0.408690,44.000000,43.854972,45.636823,43.807127,44.113554,0.167478,0.832522,1.781851,-0.047845,0.258581,45.000000,44.867549,44.487878,45.032705,44.830412,0.371299,0.628701,-0.379671,0.165156,-0.037137,90.949705,91.276865,91.404354,91.358395,0.360499,0.639501,0.327161,0.454650,0.408690
24.340000,87.000000,90.914318,90.894976,90.453099,90.612474,0.360678,0.639322,-0.019342,-0.461219,-0.301844,44.000000,43.854972,36.325720,43.910573,42.833567,0.142058,0.857942,-7.529253,0.055601,-1.021405,45.000000,44.867549,44.043240,45.493278,44.964123,0.364927,0.635073,-0.824309,0.625730,0.096574,90.914318,90.894976,90.453099,90.612474,0.360678,0.639322,-0.019342,-0.461219,-0.301844
24.360000,87.000000,90.878579,90.424008,90.793254,90.656355,0.370751,0.629249,-0.454571,-0.085326,-0.222224,44.000000,43.854972,45.275174,42.797509,43.159881,0.146262,0.853738,1.420202,-1.057463,-0.695091,45.000000,44.867549,44.590916,44.855567,44.758961,0.365031,0.634969,-0.276633,-0.011982,-0.108588,90.878579,90.424008,90.793254,90.656355,0.370751,0.629249,-0.454571,-0.085326,-0.222224
24.380000,87.000000,90.842490,91.418745,90.829883,91.048604,0.371430,0.628570,0.576255,-0.012607,0.206114,44.000000,43.854972,44.771515,43.174298,43.410608,0.147954,0.852046,0.916543,-0.680675,-0.444364,45.000000,44.867549,44.347347,45.265907,44.940470,0.354291,0.645709,-0.520202,0.398358,0.072921,90.842490,91.418745,90.829883,91.048604,0.371430,0.628570,0.576255,-0.012607,0.206114
24.400000,87.000000,90.806053,90.441552,91.047104,90.818028,0.378293,0.621707,-0.364501,0.241052,0.011976,44.000000,43.854972,42.204504,43.747459,43.522688,0.145678,0.854322,-1.650468,-0.107513,-0.332284,45.000000,44.867549,43.962385,44.710870,44.446739,0.352889,0.647111,-0.905163,-0.156678,-0.420810,90.806053,90.441552,91.047104,90.818028,0.378293,0.621707,-0.364501,0.241052,0.011976
24.420000,87.000000,90.769268,90.777473,90.729326,90.747427,0.375958,0.624042,0.008206,-0.039942,-0.021840,44.000000,43.854972,42.475439,44.512442,44.168654,0.168776,0.831224,-1.379533,0.657470,0.313682,45.000000,44.867549,44.453268,44.535459,44.506277,0.355054,0.644946,-0.414281,-0.332090,-0.361272,90.769268,90.777473,90.729326,90.747427,0.375958,0.624042,0.008206,-0.039942,-0.021840
24.440000,87.000000,90.732137,90.081841,91.084294,90.707199,0.376173,0.623827,-0.650296,0.352156,-0.024938,44.000000,43.854972,42.878737,43.587513,43.469503,0.166500,0.833500,-0.976235,-0.267459,-0.385470,45.000000,44.867549,45.029459,45.191360,45.133101,0.359843,0.640157,0.161910,0.323811,0.265552,90.732137,90.081841,91.084294,90.707199,0.376173,0.623827,-0.650296,0.352156,-0.024938
24.460000,87.000000,90.694662,91.331322,91.082218,91.175952,0.376283,0.623717,0.636660,0.387555,0.481289,44.000000,43.854972,44.200796,44.462675,44.419740,0.163949,0.836051,0.345823,0.607702,0.564768,45.000000,44.867549,44.832279,44.679386,44.734977,0.363593,0.636407,-0.035270,-0.188163,-0.132572,90.694662,91.331322,91.082218,91.175952,0.376283,0.623717,0.636660,0.387555,0.481289
24.480000,87.000000,90.656845,90.541728,90.457577,90.489316,0.377167,0.622833,-0.115116,-0.199268,-0.167529,44.000000,43.854972,45.111051,43.460029,43.729728,0.163356,0.836644,1.256079,-0.394944,-0.125244,45.000000,44.867549,44.303560,44.572546,44.476491,0.357102,0.642898,-0.563989,-0.295002,-0.391058,90.656845,90.541728,90.457577,90.489316,0.377167,0.622833,-0.115116,-0.199268,-0.167529
24.500000,87.000000,90.618686,91.353205,90.434895,90.779614,0.375385,0.624615,0.734519,-0.183791,0.160928,44.000000,43.854972,45.124846,43.374417,43.668499,0.168009,0.831991,1.269873,-0.480555,-0.186474,45.000000,44.867549,45.381907,44.830701,45.028231,0.358359,0.641641,0.514358,-0.036848,0.160682,90.618686,91.353205,90.434895,90.779614,0.375385,0.624615,0.734519,-0.183791,0.160928
24.520000,87.000000,90.580188,89.815892,90.869346,90.468574,0.380437,0.619563,-0.764296,0.289158,-0.111613,44.000000,43.854972,47.490985,44.008901,44.582538,0.164754,0.835246,3.636013,0.153929,0.727566,45.000000,44.867549,45.068495,44.653831,44.805539,0.365858,0.634142,0.200946,-0.213718,-0.062010,90.580188,89.815892,90.869346,90.468574,0.380437,0.619563,-0.764296,0.289158,-0.111613
24.540000,87.000000,90.541351,90.112612,90.452432,90.325525,0.373453,0.626547,-0.428739,-0.088920,-0.215826,44.000000,43.854972,42.982582,43.591551,43.491689,0.163985,0.836015,-0.872391,-0.263422,-0.363283,45.000000,44.867549,45.678317,45.103650,45.314338,0.366627,0.633373,0.810768,0.236101,0.446790,90.541351,90.112612,90.452432,90.325525,0.373453,0.626547,-0.428739,-0.088920,-0.215826
24.560000,87.000000,90.502178,90.775389,90.184078,90.408836,0.380101,0.619899,0.273212,-0.318100,-0.093342,44.000000,43.854972,41.909040,44.041498,43.702404,0.159021,0.840979,-1.945932,0.186525,-0.152568,45.000000,44.867549,45.008599,44.829100,44.893853,0.360743,0.639257,0.141050,-0.038449,0.026304,90.502178,90.775389,90.184078,90.408836,0.380101,0.619899,0.273212,-0.318100,-0.093342
24.580000,87.000000,90.462669,91.051399,90.320784,90.598702,0.380389,0.619611,0.588730,-0.141885,0.136032,44.000000,43.854972,43.519750,43.658414,43.636088,0.161011,0.838989,-0.335222,-0.196558,-0.218884,45.000000,44.867549,44.965238,45.284156,45.170583,0.356120,0.643880,0.097690,0.416608,0.303035,90.462669,91.051399,90.320784,90.598702,0.380389,0.619611,0.588730,-0.141885,0.136032
24.600000,87.000000,90.422827,91.070491,90.159603,90.495794,0.369082,0.630918,0.647663,-0.263225,0.072967,44.000000,43.854972,43.199922,44.899223,44.629632,0.158652,0.841348,-0.655050,1.044251,0.774659,45.000000,44.867549,44.662193,44.744863,44.715685,0.352951,0.647049,-0.205356,-0.122686,-0.151864,90.422827,91.070491,90.159603,90.495794,0.369082,0.630918,0.647663,-0.263225,0.072967
24.620000,87.000000,90.382653,90.095740,90.639357,90.438228,0.369984,0.630016,-0.286913,0.256704,0.055575,44.000000,43.854972,41.971021,43.490606,43.255342,0.154824,0.845176,-1.883951,-0.364366,-0.599631,45.000000,44.867549,44.098809,44.938986,44.646477,0.348153,0.651847,-0.768739,0.071438,-0.221072,90.382653,90.095740,90.639357,90.438228,0.369984,0.630016,-0.286913,0.256704,0.055575
24.640000,87.000000,90.342149,90.686614,90.561652,90.608164,0.372206,0.627794,0.344466,0.219503,0.266015,44.000000,43.854972,36.810489,44.261915,43.260029,0.134516,0.865484,-7.044483,0.406943,-0.594943,45.000000,44.867549,44.453264,44.900349,44.746271,0.344629,0.655371,-0.414285,0.032801,-0.121278,90.342149,90.686614,90.561652,90.608164,0.372206,0.627794,0.344466,0.219503,0.266015
24.660000,87.000000,90.301315,89.431989,91.011093,90.421008,0.373685,0.626315,-0.869326,0.709778,0.119693,44.000000,43.854972,45.636709,43.341798,43.653251,0.135720,0.864280,1.781737,-0.513174,-0.201722,45.000000,44.867549,44.136236,44.685283,44.498552,0.340100,0.659900,-0.731313,-0.182266,-0.368997,90.301315,89.431989,91.011093,90.421008,0.373685,0.626315,-0.869326,0.709778,0.119693
24.680000,87.000000,90.260154,89.453572,90.410517,90.065515,0.360525,0.639475,-0.806582,0.150363,-0.194639,44.000000,43.854972,34.902890,44.184983,43.124889,0.114294,0.885706,-8.952082,0.330010,-0.730083,45.000000,44.867549,45.656642,44.951221,45.195646,0.346496,0.653504,0.789093,0.083673,0.328098,90.260154,89.453572,90.410517,90.065515,0.360525,0.639475,-0.806582,0.150363,-0.194639
24.700000,87.000000,90.218667,90.367408,90.215288,90.270836,0.365161,0.634839,0.148741,-0.003379,0.052169,44.000000,43.854972,45.528027,44.018113,44.192361,0.115405,0.884595,1.673055,0.163141,0.337389,45.000000,44.867549,45.109049,45.076211,45.087782,0.352371,0.647629,0.241500,0.208662,0.220233,90.218667,90.367408,90.215288,90.270836,0.365161,0.634839,0.148741,-0.003379,0.052169
24.720000,87.000000,90.176856,89.712715,90.510368,90.225380,0.357283,0.642717,-0.464141,0.333512,0.048524,44.000000,43.854972,45.777384,44.126682,44.325983,0.120740,0.879260,1.922412,0.271709,0.471010,45.000000,44.867549,44.479908,44.955383,44.791061,0.345596,0.654404,-0.387640,0.087835,-0.076488,90.176856,89.712715,90.510368,90.225380,0.357283,0.642717,-0.464141,0.333512,0.048524
24.740000,87.000000,90.134721,90.435365,90.413748,90.421663,0.366136,0.633864,0.300644,0.279027,0.286942,44.000000,43.854972,42.342054,44.386906,44.144959,0.118324,0.881676,-1.512919,0.531933,0.289986,45.000000,44.867549,44.030258,44.664598,44.450365,0.337726,0.662274,-0.837290,-0.202951,-0.417184,90.134721,90.435365,90.413748,90.421663,0.366136,0.633864,0.300644,0.279027,0.286942
24.760000,87.000000,90.092264,90.205456,90.249014,90.233063,0.366203,0.633797,0.113192,0.156750,0.140799,44.000000,43.854972,40.392990,43.692193,43.312129,0.115209,0.884791,-3.461983,-0.162779,-0.542843,45.000000,44.867549,44.785732,45.008304,44.934178,0.333043,0.666957,-0.081817,0.140755,0.066629,90.092264,90.205456,90.249014,90.233063,0.366203,0.633797,0.113192,0.156750,0.140799
24.780000,87.000000,90.049486,89.928717,90.061461,90.013051,0.364687,0.635313,-0.120769,0.011974,-0.036435,44.000000,43.854972,44.352942,43.924163,43.973060,0.114037,0.885963,0.497970,0.069191,0.118088,45.000000,44.867549,45.751500,44.741988,45.078535,0.333377,0.666623,0.883952,-0.125561,0.210987,90.049486,89.928717,90.061461,90.013051,0.364687,0.635313,-0.120769,0.011974,-0.036435
24.800000,87.000000,90.006390,89.715782,89.780839,89.757130,0.364437,0.635563,-0.290608,-0.225551,-0.249260,44.000000,43.854972,45.161387,43.303392,43.515885,0.114370,0.885630,1.306415,-0.551581,-0.339087,45.000000,44.867549,44.659966,45.186132,45.013934,0.327270,0.672730,-0.207583,0.318583,0.146385,90.006390,89.715782,89.780839,89.757130,0.364437,0.635563,-0.290608,-0.225551,-0.249260
24.820000,87.000000,89.962977,89.573324,90.346627,90.066772,0.361897,0.638103,-0.389653,0.383650,0.103794,44.000000,43.854972,42.858835,43.045779,43.024122,0.115846,0.884154,-0.996137,-0.809193,-0.830850,45.000000,44.867549,45.273120,44.899322,45.021876,0.327862,0.672138,0.405572,0.031773,0.154327,89.962977,89.573324,90.346627,90.066772,0.361897,0.638103,-0.389653,0.383650,0.103794
24.840000,87.000000,89.919249,90.451917,89.634530,89.940542,0.374378,0.625622,0.532668,-0.284719,0.021293,44.000000,43.854972,40.283904,43.981942,43.570150,0.111368,0.888632,-3.571068,0.126970,-0.284822,45.000000,44.867549,44.572416,44.717515,44.670181,0.326218,0.673782,-0.295133,-0.150034,-0.197368,89.919249,90.451917,89.634530,89.940542,0.374378,0.625622,0.532668,-0.284719,0.021293
24.860000,87.000000,89.875206,89.667203,89.610266,89.631668,0.375891,0.624109,-0.208003,-0.264940,-0.243538,44.000000,43.854972,41.466754,42.978398,42.808256,0.112557,0.887443,-2.388218,-0.876575,-1.046717,45.000000,44.867549,44.332276,44.458752,44.417157,0.328873,0.671127,-0.535273,-0.408797,-0.450391,89.875206,89.667203,89.610266,89.631668,0.375891,0.624109,-0.208003,-0.264940,-0.243538
24.880000,87.000000,89.830851,90.343848,90.451854,90.411306,0.375427,0.624573,0.512996,0.621003,0.580454,44.000000,43.854972,43.354052,43.930984,43.865255,0.113928,0.886072,-0.500920,0.076012,0.010283,45.000000,44.867549,45.436819,44.289133,44.684389,0.344395,0.655605,0.569270,-0.578415,-0.183160,89.830851,90.343848,90.451854,90.411306,0.375427,0.624573,0.512996,0.621003,0.580454
24.900000,87.000000,89.786186,89.612796,89.875065,89.777998,0.370106,0.629894,-0.173390,0.088880,-0.008188,44.000000,43.854972,41.231835,43.612571,43.349284,0.110596,0.889404,-2.623137,-0.242401,-0.505688,45.000000,44.867549,44.990854,44.400264,44.603071,0.343399,0.656601,0.123305,-0.467285,-0.264478,89.786186,89.612796,89.875065,89.777998,0.370106,0.629894,-0.173390,0.088880,-0.008188
24.920000,87.000000,89.741210,88.630391,89.446278,89.156411,0.355279,0.644721,-1.110819,-0.294932,-0.584799,44.000000,43.854972,43.551166,43.693361,43.677294,0.112991,0.887009,-0.303806,-0.161612,-0.177678,45.000000,44.867549,44.656429,44.597072,44.617271,0.340295,0.659705,-0.211120,-0.270477,-0.250278,89.741210,88.630391,89.446278,89.156411,0.355279,0.644721,-1.110819,-0.294932,-0.584799
24.940000,87.000000,89.695927,89.324525,89.610753,89.510987,0.348554,0.651446,-0.371402,-0.085174,-0.184940,44.000000,43.854972,42.809888,43.237210,43.187866,0.115472,0.884528,-1.045085,-0.617763,-0.667106,45.000000,44.867549,45.230559,44.277682,44.608010,0.346665,0.653335,0.363010,-0.589867,-0.259539,89.695927,89.324525,89.610753,89.510987,0.348554,0.651446,-0.371402,-0.085174,-0.184940
24.960000,87.000000,89.650338,88.982852,90.286772,89.853755,0.332090,0.667910,-0.667486,0.636434,0.203418,44.000000,43.854972,42.592322,43.775641,43.635473,0.118454,0.881546,-1.262651,-0.079332,-0.219499,45.000000,44.867549,44.775289,44.755661,44.762657,0.356393,0.643607,-0.092259,-0.111888,-0.104892,89.650338,88.982852,90.286772,89.853755,0.332090,0.667910,-0.667486,0.636434,0.203418
24.980000,87.000000,89.604444,88.849479,90.051614,89.666264,0.320556,0.679444,-0.754965,0.447170,0.061820,44.000000,43.854972,43.470301,43.437644,43.441554,0.119717,0.880283,-0.384671,-0.417328,-0.413418,45.000000,44.867549,44.847327,44.909211,44.886859,0.361193,0.638807,-0.020222,0.041662,0.019310,89.604444,88.849479,90.051614,89.666264,0.320556,0.679444,-0.754965,0.447170,0.061820
25.000000,87.000000,89.558248,89.641130,89.779834,89.736233,0.314344,0.685656,0.082882,0.221586,0.177986,44.000000,43.854972,43.125059,44.914700,44.682802,0.129581,0.870419,-0.729914,1.059728,0.827830,45.000000,44.867549,44.754371,44.744181,44.747969,0.371757,0.628243,-0.113178,-0.123368,-0.119580,89.558248,89.641130,89.779834,89.736233,0.314344,0.685656,0.082882,0.221586,0.177986
25.020000,87.000000,89.511750,89.293739,89.916240,89.724911,0.307355,0.692645,-0.218011,0.404490,0.213161,44.000000,43.854972,40.667719,43.431539,43.067647,0.131671,0.868329,-3.187253,-0.423433,-0.787326,45.000000,44.867549,45.122291,44.893337,44.977908,0.369378,0.630622,0.254742,0.025789,0.110359,89.511750,89.293739,89.916240,89.724911,0.307355,0.692645,-0.218011,0.404490,0.213161
25.040000,87.000000,89.464954,89.218883,89.652786,89.519515,0.307144,0.692856,-0.246071,0.187832,0.054561,44.000000,43.854972,42.443854,44.352961,44.107359,0.128652,0.871348,-1.411118,0.497988,0.252386,45.000000,44.867549,44.788918,44.710856,44.739871,0.371699,0.628301,-0.078631,-0.156693,-0.127678,89.464954,89.218883,89.652786,89.519515,0.307144,0.692856,-0.246071,0.187832,0.054561
25.060000,87.000000,89.417860,89.621951,89.249619,89.364521,0.308602,0.691398,0.204091,-0.168241,-0.053339,44.000000,43.854972,44.494743,43.479607,43.610240,0.128686,0.871314,0.639770,-0.375365,-0.244732,45.000000,44.867549,45.335809,44.729517,44.958274,0.377306,0.622694,0.468260,-0.138032,0.090726,89.417860,89.621951,89.249619,89.364521,0.308602,0.691398,0.204091,-0.168241,-0.053339
25.080000,87.000000,89.370471,89.459712,89.350037,89.383660,0.306568,0.693432,0.089241,-0.020434,0.013189,44.000000,43.854972,41.315906,43.548585,43.270803,0.124421,0.875579,-2.539066,-0.306388,-0.584169,45.000000,44.867549,45.063959,44.741132,44.862715,0.376618,0.623382,0.196411,-0.126417,-0.004834,89.370471,89.459712,89.350037,89.383660,0.306568,0.693432,0.089241,-0.020434,0.013189
25.100000,87.000000,89.322789,89.380722,89.586933,89.523469,0.307763,0.692237,0.057933,0.264145,0.200680,44.000000,43.854972,45.414608,44.458627,44.577954,0.124822,0.875178,1.559636,0.603655,0.722982,45.000000,44.867549,45.985263,45.042290,45.399638,0.378959,0.621041,1.117714,0.174741,0.532089,89.322789,89.380722,89.586933,89.523469,0.307763,0.692237,0.057933,0.264145,0.200680
25.120000,87.000000,89.274815,89.276578,89.427830,89.381000,0.309614,0.690386,0.001764,0.153015,0.106185,44.000000,43.854972,45.574659,43.764693,43.989117,0.123997,0.876003,1.719687,-0.090279,0.134145,45.000000,44.867549,44.235323,44.766923,44.569600,0.371186,0.628814,-0.632226,-0.100626,-0.297948,89.274815,89.276578,89.427830,89.381000,0.309614,0.690386,0.001764,0.153015,0.106185
25.140000,87.000000,89.226552,89.422689,89.455895,89.445635,0.308976,0.691024,0.196138,0.229343,0.219084,44.000000,43.854972,43.541267,42.928768,43.008081,0.129491,0.870509,-0.313705,-0.926204,-0.846891,45.000000,44.867549,44.750344,44.827988,44.798720,0.376948,0.623052,-0.117205,-0.039561,-0.068828,89.226552,89.422689,89.455895,89.445635,0.308976,0.691024,0.196138,0.229343,0.219084
25.160000,87.000000,89.178001,89.129984,88.565287,88.743500,0.315591,0.684409,-0.048017,-0.612714,-0.434501,44.000000,43.854972,44.817305,43.851727,43.975910,0.128611,0.871389,0.962333,-0.003245,0.120937,45.000000,44.867549,45.675527,44.727613,45.076094,0.367630,0.632370,0.807978,-0.139935,0.208545,89.178001,89.129984,88.565287,88.743500,0.315591,0.684409,-0.048017,-0.612714,-0.434501
25.180000,87.000000,89.129165,89.835773,88.678584,89.046680,0.318096,0.681904,0.706608,-0.450581,-0.082485,44.000000,43.854972,41.691086,43.927119,43.644348,0.126466,0.873534,-2.163886,0.072147,-0.210625,45.000000,44.867549,44.661513,45.186245,44.988913,0.376063,0.623937,-0.206036,0.318696,0.121364,89.129165,89.835773,88.678584,89.046680,0.318096,0.681904,0.706608,-0.450581,-0.082485
25.200000,87.000000,89.080046,88.859801,89.884417,89.571264,0.305631,0.694369,-0.220245,0.804371,0.491218,44.000000,43.854972,49.897405,45.293251,45.863154,0.123802,0.876198,6.042433,1.438278,2.008182,45.000000,44.867549,45.271786,45.571067,45.458854,0.374941,0.625059,0.404237,0.703518,0.591305,89.080046,88.859801,89.884417,89.571264,0.305631,0.694369,-0.220245,0.804371,0.491218
25.220000,87.000000,89.030646,89.299596,89.132771,89.184883,0.312376,0.687624,0.268950,0.102126,0.154238,44.000000,43.854972,41.853023,45.286666,44.872493,0.120634,0.879366,-2.001949,1.431694,1.017521,45.000000,44.867549,44.747907,44.209997,44.411757,0.375082,0.624918,-0.119642,-0.657552,-0.455792,89.030646,89.299596,89.132771,89.184883,0.312376,0.687624,0.268950,0.102126,0.154238
25.240000,87.000000,88.980967,88.603791,89.075331,88.927127,0.314297,0.685703,-0.377176,0.094364,-0.053839,44.000000,43.854972,45.925715,44.055259,44.284212,0.122409,0.877591,2.070742,0.200287,0.429240,45.000000,44.867549,45.473096,44.640547,44.955162,0.377895,0.622105,0.605548,-0.227002,0.087614,88.980967,88.603791,89.075331,88.927127,0.314297,0.685703,-0.377176,0.094364,-0.053839
25.260000,87.000000,88.931011,89.499148,88.407589,88.770048,0.332058,0.667942,0.568137,-0.523422,-0.160963,44.000000,43.854972,45.976491,42.196254,42.687885,0.130068,0.869932,2.121518,-1.658718,-1.167088,45.000000,44.867549,45.329843,44.925663,45.079581,0.380817,0.619183,0.462294,0.058114,0.212032,88.931011,89.499148,88.407589,88.770048,0.332058,0.667942,0.568137,-0.523422,-0.160963
25.280000,87.000000,88.880781,88.375193,89.330243,89.022302,0.322436,0.677564,-0.505589,0.449462,0.141520,44.000000,43.854972,47.111146,50.699095,50.069864,0.175389,0.824611,3.256174,6.844122,6.214891,45.000000,44.867549,44.821610,45.060639,44.970300,0.377944,0.622056,-0.045938,0.193090,0.102751,88.880781,88.375193,89.330243,89.022302,0.322436,0.677564,-0.505589,0.449462,0.141520
25.300000,87.000000,88.830280,88.791273,89.369772,89.182349,0.323982,0.676018,-0.039007,0.539493,0.352069,44.000000,43.854972,45.441673,50.237893,49.265399,0.202790,0.797210,1.586701,6.382920,5.410427,45.000000,44.867549,44.562949,44.361483,44.435881,0.369287,0.630713,-0.304600,-0.506066,-0.431668,88.830280,88.791273,89.369772,89.182349,0.323982,0.676018,-0.039007,0.539493,0.352069
25.320000,87.000000,88.779508,88.440288,88.813347,88.693201,0.322056,0.677944,-0.339221,0.033838,-0.086308,44.000000,43.854972,47.147804,44.824372,45.299066,0.204314,0.795686,3.292831,0.969400,1.444094,45.000000,44.867549,44.884529,44.762524,44.806846,0.363279,0.636721,0.016981,-0.105025,-0.060703,88.779508,88.440288,88.813347,88.693201,0.322056,0.677944,-0.339221,0.033838,-0.086308
25.340000,87.000000,88.728470,88.045412,88.557782,88.396535,0.314710,0.685290,-0.683058,-0.170688,-0.331935,44.000000,43.854972,43.898154,41.308620,41.935702,0.242168,0.757832,0.043182,-2.546353,-1.919270,45.000000,44.867549,45.522071,44.835874,45.072505,0.344844,0.655156,0.654522,-0.031675,0.204956,88.728470,88.045412,88.557782,88.396535,0.314710,0.685290,-0.683058,-0.170688,-0.331935
25.360000,87.000000,88.677167,88.045618,88.748053,88.528595,0.312426,0.687574,-0.631548,0.070886,-0.148572,44.000000,43.854972,45.009695,39.990149,41.346884,0.270319,0.729681,1.154723,-3.864823,-2.508089,45.000000,44.867549,44.766315,45.036775,44.943490,0.344915,0.655085,-0.101234,0.169226,0.075941,88.677167,88.045618,88.748053,88.528595,0.312426,0.687574,-0.631548,0.070886,-0.148572
25.380000,87.000000,88.625601,89.263052,88.285243,88.593415,0.315167,0.684833,0.637451,-0.340359,-0.032186,44.000000,43.854972,46.007886,48.214234,47.600254,0.278284,0.721716,2.152913,4.359262,3.745282,45.000000,44.867549,44.380407,44.849518,44.689880,0.340299,0.659701,-0.487142,-0.018031,-0.177669,88.625601,89.263052,88.285243,88.593415,0.315167,0.684833,0.637451,-0.340359,-0.032186
25.400000,87.000000,88.573776,88.776161,88.795778,88.789519,0.319085,0.680915,0.202385,0.222002,0.215743,44.000000,43.854972,40.984525,46.258893,44.841997,0.268670,0.731330,-2.870447,2.403921,0.987025,45.000000,44.867549,44.619254,45.118367,44.948954,0.339428,0.660572,-0.248295,0.250818,0.081406,88.573776,88.776161,88.795778,88.789519,0.319085,0.680915,0.202385,0.222002,0.215743
25.420000,87.000000,88.521694,88.385594,88.367997,88.373610,0.318964,0.681036,-0.136099,-0.153697,-0.148084,44.000000,43.854972,39.914012,47.765163,45.736871,0.258416,0.741584,-3.940961,3.910191,1.881899,45.000000,44.867549,45.450508,44.791980,45.011636,0.333556,0.666444,0.582959,-0.075569,0.144087,88.521694,88.385594,88.367997,88.373610,0.318964,0.681036,-0.136099,-0.153697,-0.148084
25.440000,87.000000,88.469357,89.634009,88.471495,88.858005,0.332479,0.667521,1.164652,0.002139,0.388649,44.000000,43.854972,40.177019,54.558716,50.292971,0.296832,0.703168,-3.677954,10.703744,6.437999,45.000000,44.867549,44.828608,44.769644,44.789192,0.331528,0.668472,-0.038941,-0.097905,-0.078357,88.469357,89.634009,88.471495,88.858005,0.332479,0.667521,1.164652,0.002139,0.388649
25.460000,87.000000,88.416768,88.871466,88.486300,88.614851,0.333754,0.666246,0.454698,0.069532,0.198083,44.000000,43.854972,42.345907,37.458191,39.157067,0.347602,0.652398,-1.509066,-6.396781,-4.697905,45.000000,44.867549,44.491702,44.699588,44.630197,0.333794,0.666206,-0.375847,-0.167961,-0.237352,88.416768,88.871466,88.486300,88.614851,0.333754,0.666246,0.454698,0.069532,0.198083
25.480000,87.000000,88.363930,88.297317,88.173806,88.215047,0.333902,0.666098,-0.066612,-0.190124,-0.148883,44.000000,43.854972,43.783973,47.950779,46.518810,0.343677,0.656323,-0.071000,4.095806,2.663838,45.000000,44.867549,44.947330,45.126848,45.066935,0.333748,0.666252,0.079782,0.259300,0.199386,88.363930,88.297317,88.173806,88.215047,0.333902,0.666098,-0.066612,-0.190124,-0.148883
25.500000,87.000000,88.310845,89.305705,88.652823,88.869474,0.331839,0.668161,0.994860,0.341979,0.558630,44.000000,43.854972,44.210279,48.833684,47.255478,0.341371,0.658629,0.355307,4.978711,3.400506,45.000000,44.867549,44.938370,44.677555,44.765273,0.336323,0.663677,0.070821,-0.189993,-0.102275,88.310845,89.305705,88.652823,88.869474,0.331839,0.668161,0.994860,0.341979,0.558630
25.520000,87.000000,88.257516,88.062927,88.150750,88.120950,0.339317,0.660683,-0.194589,-0.106766,-0.136566,44.000000,43.854972,37.591355,46.700466,43.800585,0.318433,0.681567,-6.263617,2.845494,-0.054387,45.000000,44.867549,45.648091,45.124578,45.300034,0.335152,0.664848,0.780542,0.257029,0.432486,88.257516,88.062927,88.150750,88.120950,0.339317,0.660683,-0.194589,-0.106766,-0.136566
25.540000,87.000000,88.203946,88.372331,88.406257,88.394668,0.341600,0.658400,0.168386,0.202312,0.190722,44.000000,43.854972,45.280915,40.803343,42.324684,0.339787,0.660213,1.425943,-3.051630,-1.530289,45.000000,44.867549,45.317232,44.775793,44.957848,0.336243,0.663757,0.449684,-0.091755,0.090300,88.203946,88.372331,88.406257,88.394668,0.341600,0.658400,0.168386,0.202312,0.190722
25.560000,87.000000,88.150137,87.277903,88.004643,87.764816,0.330005,0.669995,-0.872234,-0.145494,-0.385322,44.000000,43.854972,43.296951,42.630923,42.863021,0.348481,0.651519,-0.558021,-1.224049,-0.991952,45.000000,44.867549,44.764324,44.446507,44.553150,0.335550,0.664450,-0.103224,-0.421042,-0.314399,88.150137,87.277903,88.004643,87.764816,0.330005,0.669995,-0.872234,-0.145494,-0.385322
25.580000,87.000000,88.096094,86.632656,88.081141,87.628590,0.312432,0.687568,-1.463438,-0.014953,-0.467504,44.000000,43.854972,44.712880,43.021738,43.621915,0.354897,0.645103,0.857907,-0.833234,-0.233057,45.000000,44.867549,44.684925,44.997021,44.892553,0.334730,0.665270,-0.182624,0.129472,0.025004,88.096094,86.632656,88.081141,87.628590,0.312432,0.687568,-1.463438,-0.014953,-0.467504
25.600000,87.000000,88.041817,88.128678,88.099804,88.108664,0.306872,0.693128,0.086861,0.057986,0.066847,44.000000,43.854972,45.625810,50.548098,48.770865,0.361078,0.638922,1.770838,6.693125,4.915893,45.000000,44.867549,44.350008,44.802480,44.650087,0.336802,0.663198,-0.517541,-0.065068,-0.217462,88.041817,88.128678,88.099804,88.108664,0.306872,0.693128,0.086861,0.057986,0.066847
25.620000,87.000000,87.987312,87.707214,87.984880,87.899246,0.308406,0.691594,-0.280097,-0.002432,-0.088066,44.000000,43.854972,42.294576,44.154078,43.482869,0.360965,0.639035,-1.560396,0.299106,-0.372104,45.000000,44.867549,45.030802,44.793081,44.871429,0.329579,0.670421,0.163253,-0.074468,0.003880,87.987312,87.707214,87.984880,87.899246,0.308406,0.691594,-0.280097,-0.002432,-0.088066
25.640000,87.000000,87.932579,87.856706,88.290549,88.158011,0.305498,0.694502,-0.075873,0.357970,0.225432,44.000000,43.854972,45.247607,49.145967,47.662315,0.380594,0.619406,1.392635,5.290995,3.807343,45.000000,44.867549,44.675937,44.843956,44.788901,0.327671,0.672329,-0.191612,-0.023593,-0.078648,87.932579,87.856706,88.290549,88.158011,0.305498,0.694502,-0.075873,0.357970,0.225432
25.660000,87.000000,87.877623,87.349093,88.337757,88.032126,0.309136,0.690864,-0.528530,0.460134,0.154504,44.000000,43.854972,42.767850,39.230222,40.672643,0.407744,0.592256,-1.087122,-4.624750,-3.182330,45.000000,44.867549,44.580972,45.309070,45.068568,0.330316,0.669684,-0.286577,0.441521,0.201020,87.877623,87.349093,88.337757,88.032126,0.309136,0.690864,-0.528530,0.460134,0.154504
25.680000,87.000000,87.823405,88.037230,87.706453,87.811712,0.318218,0.681782,0.213826,-0.116952,-0.011693,44.000000,43.854972,45.513039,45.829252,45.687998,0.446705,0.553295,1.658067,1.974280,1.833026,45.000000,44.867549,44.022965,44.940208,44.626550,0.341958,0.658042,-0.844584,0.072659,-0.240999,87.823405,88.037230,87.706453,87.811712,0.318218,0.681782,0.213826,-0.116952,-0.011693
25.700000,87.000000,87.769931,88.002883,87.502035,87.662692,0.320769,0.679231,0.232952,-0.267896,-0.107239,44.000000,43.854972,46.033430,48.105969,47.188654,0.442606,0.557394,2.178458,4.250996,3.333682,45.000000,44.867549,44.845879,44.773679,44.798326,0.341368,0.658632,-0.021670,-0.093870,-0.069223,87.769931,88.002883,87.502035,87.662692,0.320769,0.679231,0.232952,-0.267896,-0.107239
25.720000,87.000000,87.717198,88.243811,87.879924,87.999505,0.328622,0.671378,0.526613,0.162726,0.282307,44.000000,43.854972,41.255696,43.613145,42.582471,0.437201,0.562799,-2.599276,-0.241828,-1.272501,45.000000,44.867549,44.660619,44.915881,44.829137,0.339824,0.660176,-0.206930,0.048332,-0.038412,87.717198,88.243811,87.879924,87.999505,0.328622,0.671378,0.526613,0.162726,0.282307
25.740000,87.000000,87.665204,87.906029,87.561517,87.675596,0.331131,0.668869,0.240825,-0.103687,0.010392,44.000000,43.854972,40.959854,38.890157,39.848704,0.463135,0.536865,-2.895118,-4.964816,-4.006268,45.000000,44.867549,44.437164,45.202639,44.940493,0.342462,0.657538,-0.430385,0.335090,0.072944,87.665204,87.906029,87.561517,87.675596,0.331131,0.668869,0.240825,-0.103687,0.010392
25.760000,87.000000,87.613945,87.587011,87.420218,87.475739,0.332875,0.667125,-0.026934,-0.193726,-0.138206,44.000000,43.854972,42.284708,45.878655,44.207907,0.464881,0.535119,-1.570264,2.023682,0.352935,45.000000,44.867549,44.780014,44.519315,44.607719,0.339104,0.660896,-0.087534,-0.348233,-0.259829,87.613945,87.587011,87.420218,87.475739,0.332875,0.667125,-0.026934,-0.193726,-0.138206
25.780000,87.000000,87.563419,88.294614,87.580653,87.822314,0.338479,0.661521,0.731196,0.017235,0.258895,44.000000,43.854972,43.741319,44.273973,44.026777,0.464085,0.535915,-0.113653,0.419001,0.171804,45.000000,44.867549,44.316334,44.947578,44.725026,0.352562,0.647438,-0.551214,0.080030,-0.142523,87.563419,88.294614,87.580653,87.822314,0.338479,0.661521,0.731196,0.017235,0.258895
25.800000,87.000000,87.513622,87.368060,87.542573,87.483744,0.337105,0.662895,-0.145562,0.028951,-0.029878,44.000000,43.854972,47.594727,43.900334,45.617910,0.464917,0.535083,3.739754,0.045361,1.762938,45.000000,44.867549,45.213535,44.785701,44.932894,0.344041,0.655959,0.345986,-0.081847,0.065345,87.513622,87.368060,87.542573,87.483744,0.337105,0.662895,-0.145562,0.028951,-0.029878
25.820000,87.000000,87.464553,87.843241,87.472504,87.600676,0.345722,0.654278,0.378688,0.007952,0.136124,44.000000,43.854972,44.859551,42.587519,43.660756,0.472370,0.527630,1.004578,-1.267453,-0.194216,45.000000,44.867549,45.826246,44.989661,45.272973,0.338654,0.661346,0.958697,0.122112,0.405424,87.464553,87.843241,87.472504,87.600676,0.345722,0.654278,0.378688,0.007952,0.136124
25.840000,87.000000,87.416208,87.222878,87.010867,87.083238,0.341356,0.658644,-0.193329,-0.405341,-0.332969,44.000000,43.854972,42.074782,42.078112,42.076495,0.485530,0.514470,-1.780190,-1.776860,-1.778477,45.000000,44.867549,44.214970,45.102892,44.797209,0.344268,0.655732,-0.652579,0.235343,-0.070340,87.416208,87.222878,87.010867,87.083238,0.341356,0.658644,-0.193329,-0.405341,-0.332969
25.860000,87.000000,87.368584,87.554226,87.346638,87.417594,0.341812,0.658188,0.185642,-0.021947,0.049010,44.000000,43.854972,46.104091,44.311074,45.192312,0.491483,0.508517,2.249119,0.456101,1.337339,45.000000,44.867549,45.676258,44.841624,45.122346,0.336342,0.663658,0.808709,-0.025925,0.254798,87.368584,87.554226,87.346638,87.417594,0.341812,0.658188,0.185642,-0.021947,0.049010
25.880000,87.000000,87.321680,87.198171,87.134653,87.156458,0.343290,0.656710,-0.123509,-0.187027,-0.165222,44.000000,43.854972,45.407191,44.053589,44.723637,0.495011,0.504989,1.552219,0.198617,0.868665,45.000000,44.867549,44.172555,44.619479,44.463823,0.348282,0.651718,-0.694994,-0.248070,-0.403725,87.321680,87.198171,87.134653,87.156458,0.343290,0.656710,-0.123509,-0.187027,-0.165222
25.900000,87.000000,87.275492,87.276088,87.143527,87.189435,0.346319,0.653681,0.000595,-0.131965,-0.086057,44.000000,43.854972,42.765320,42.849167,42.807020,0.502663,0.497337,-1.089652,-1.005805,-1.047952,45.000000,44.867549,44.326454,44.744990,44.595947,0.356105,0.643895,-0.541094,-0.122559,-0.271602,87.275492,87.276088,87.143527,87.189435,0.346319,0.653681,0.000595,-0.131965,-0.086057
25.920000,87.000000,87.230018,87.372654,87.008663,87.138505,0.356717,0.643283,0.142635,-0.221355,-0.091514,44.000000,43.854972,40.961917,44.548473,42.786706,0.491215,0.508785,-2.893056,0.693501,-1.068266,45.000000,44.867549,45.236582,45.172846,45.195537,0.356016,0.643984,0.369033,0.305298,0.327989,87.230018,87.372654,87.008663,87.138505,0.356717,0.643283,0.142635,-0.221355,-0.091514
25.940000,87.000000,87.185256,87.198381,86.971696,87.053506,0.360896,0.639104,0.013125,-0.213560,-0.131750,44.000000,43.854972,46.783014,44.821527,45.786594,0.492008,0.507992,2.928042,0.966555,1.931621,45.000000,44.867549,44.332322,44.185665,44.238964,0.363423,0.636577,-0.535227,-0.681884,-0.628585,87.185256,87.198381,86.971696,87.053506,0.360896,0.639104,0.013125,-0.213560,-0.131750
25.960000,87.000000,87.141202,87.241286,86.834378,86.987579,0.376501,0.623499,0.100083,-0.306824,-0.153623,44.000000,43.854972,45.167592,43.262206,44.212438,0.498709,0.501291,1.312620,-0.592767,0.357466,45.000000,44.867549,44.506855,45.064623,44.858921,0.368795,0.631205,-0.360693,0.197074,-0.008627,87.141202,87.241286,86.834378,86.987579,0.376501,0.623499,0.100083,-0.306824,-0.153623
25.980000,87.000000,87.097855,87.443258,87.282270,87.342150,0.371956,0.628044,0.345403,0.184415,0.244295,44.000000,43.854972,41.482852,44.701025,43.129455,0.488343,0.511657,-2.372121,0.846053,-0.725518,45.000000,44.867549,44.882259,45.075992,45.004287,0.370121,0.629879,0.014710,0.208443,0.136739,87.097855,87.443258,87.282270,87.342150,0.371956,0.628044,0.345403,0.184415,0.244295
26.000000,87.000000,87.055211,87.317273,87.300746,87.306876,0.370897,0.629103,0.262062,0.245535,0.251665,44.000000,43.854972,43.211944,42.843138,43.025315,0.493964,0.506036,-0.643028,-1.011835,-0.829658,45.000000,44.867549,44.294121,44.734664,44.569754,0.374333,0.625667,-0.573427,-0.132885,-0.297795,87.055211,87.317273,87.300746,87.306876,0.370897,0.629103,0.262062,0.245535,0.251665
26.020000,87.000000,87.013269,86.616942,87.331005,87.065533,0.371778,0.628222,-0.396327,0.317736,0.052263,44.000000,43.854972,41.511353,43.453471,42.485919,0.498195,0.501805,-2.343619,-0.401501,-1.369054,45.000000,44.867549,44.112901,44.434343,44.312308,0.379650,0.620350,-0.754647,-0.433206,-0.555241,87.013269,86.616942,87.331005,87.065533,0.371778,0.628222,-0.396327,0.317736,0.052263
26.040000,87.000000,86.972026,86.618063,86.713937,86.678587,0.368712,0.631288,-0.353963,-0.258089,-0.293439,44.000000,43.854972,44.838413,42.964041,43.915244,0.507478,0.492522,0.983440,-0.890932,0.060271,45.000000,44.867549,45.065648,44.657960,44.811375,0.376305,0.623695,0.198099,-0.209589,-0.056174,86.972026,86.618063,86.713937,86.678587,0.368712,0.631288,-0.353963,-0.258089,-0.293439
26.060000,87.000000,86.931480,86.647908,87.072046,86.912593,0.375946,0.624054,-0.283572,0.140567,-0.018886,44.000000,43.854972,43.061425,44.206197,43.632603,0.501055,0.498945,-0.793547,0.351225,-0.222369,45.000000,44.867549,44.719543,45.063891,44.934366,0.376146,0.623854,-0.148005,0.196343,0.066818,86.931480,86.647908,87.072046,86.912593,0.375946,0.624054,-0.283572,0.140567,-0.018886
26.080000,87.000000,86.891627,88.038296,86.919050,87.326894,0.364393,0.635607,1.146668,0.027423,0.435266,44.000000,43.854972,44.510008,43.365551,43.950579,0.511184,0.488816,0.655035,-0.489422,0.095607,45.000000,44.867549,45.196643,44.638632,44.849411,0.377733,0.622267,0.329094,-0.228917,-0.018138,86.891627,88.038296,86.919050,87.326894,0.364393,0.635607,1.146668,0.027423,0.435266
26.100000,87.000000,86.852467,87.535004,86.374411,86.783380,0.352380,0.647620,0.682537,-0.478056,-0.069088,44.000000,43.854972,46.645344,42.295225,44.534982,0.514871,0.485129,2.790372,-1.559747,0.680010,45.000000,44.867549,44.844534,44.857928,44.852967,0.370436,0.629564,-0.023015,-0.009621,-0.014582,86.852467,87.535004,86.374411,86.783380,0.352380,0.647620,0.682537,-0.478056,-0.069088
26.120000,87.000000,86.813997,86.518911,87.287645,87.012132,0.358398,0.641602,-0.295086,0.473648,0.198136,44.000000,43.854972,47.804211,44.359605,46.118218,0.510540,0.489460,3.949239,0.504633,2.263246,45.000000,44.867549,43.365002,44.243816,43.921638,0.366607,0.633393,-1.502547,-0.623733,-0.945911,86.813997,86.518911,87.287645,87.012132,0.358398,0.641602,-0.295086,0.473648,0.198136
26.140000,87.000000,86.776213,85.642759,87.231392,86.642636,0.370607,0.629393,-1.133455,0.455179,-0.133577,44.000000,43.854972,50.012345,45.659710,47.845017,0.502065,0.497935,6.157373,1.804738,3.990045,45.000000,44.867549,44.980956,45.219211,45.132106,0.365596,0.634404,0.113407,0.351662,0.264557,86.776213,85.642759,87.231392,86.642636,0.370607,0.629393,-1.133455,0.455179,-0.133577
26.160000,87.000000,86.739115,87.587638,87.171373,87.325462,0.370170,0.629830,0.848523,0.432258,0.586347,44.000000,43.854972,44.397068,41.123152,42.786244,0.507982,0.492018,0.542095,-2.731821,-1.068728,45.000000,44.867549,45.706388,45.252977,45.416390,0.360409,0.639591,0.838839,0.385429,0.548841,86.739115,87.587638,87.171373,87.325462,0.370170,0.629830,0.848523,0.432258,0.586347
26.180000,87.000000,86.702700,86.611051,86.617024,86.614805,0.371567,0.628433,-0.091649,-0.085676,-0.087895,44.000000,43.854972,42.322318,43.881501,43.088853,0.508374,0.491626,-1.532654,0.026529,-0.766120,45.000000,44.867549,44.818660,45.286541,45.117507,0.361276,0.638724,-0.048889,0.418993,0.249959,86.702700,86.611051,86.617024,86.614805,0.371567,0.628433,-0.091649,-0.085676,-0.087895
26.200000,87.000000,86.666965,86.961041,86.658260,86.769386,0.367019,0.632981,0.294076,-0.008705,0.102421,44.000000,43.854972,42.336596,43.404238,42.859835,0.509912,0.490088,-1.518376,-0.450735,-0.995138,45.000000,44.867549,45.233746,44.991177,45.079432,0.363835,0.636165,0.366197,0.123628,0.211883,86.666965,86.961041,86.658260,86.769386,0.367019,0.632981,0.294076,-0.008705,0.102421
26.220000,87.000000,86.631909,86.742176,87.101275,86.967393,0.372828,0.627172,0.110267,0.469366,0.335484,44.000000,43.854972,44.140960,43.007531,43.599795,0.522542,0.477458,0.285988,-0.847441,-0.255177,45.000000,44.867549,44.093231,44.768056,44.530491,0.352040,0.647960,-0.774318,-0.099493,-0.337058,86.631909,86.742176,87.101275,86.967393,0.372828,0.627172,0.110267,0.469366,0.335484
26.240000,87.000000,86.597529,86.240898,86.646708,86.495699,0.372118,0.627882,-0.356631,0.049179,-0.101830,44.000000,43.854972,45.253964,46.024630,45.623703,0.520235,0.479765,1.398992,2.169658,1.768730,45.000000,44.867549,44.961304,45.023902,45.002301,0.345079,0.654921,0.093755,0.156353,0.134752,86.597529,86.240898,86.646708,86.495699,0.372118,0.627882,-0.356631,0.049179,-0.101830
26.260000,87.000000,86.563823,86.958558,86.877382,86.907373,0.369458,0.630542,0.394735,0.313559,0.343550,44.000000,43.854972,42.724089,43.190318,42.955282,0.504122,0.495878,-1.130883,-0.664654,-0.899691,45.000000,44.867549,45.292847,44.927759,45.053545,0.344537,0.655463,0.425299,0.060210,0.185996,86.563823,86.958558,86.877382,86.907373,0.369458,0.630542,0.394735,0.313559,0.343550
26.280000,87.000000,86.530790,86.994182,86.306478,86.558097,0.365883,0.634117,0.463393,-0.224312,0.027307,44.000000,43.854972,42.027101,44.899327,43.460049,0.501102,0.498898,-1.827871,1.044355,-0.394923,45.000000,44.867549,45.427535,44.276504,44.686318,0.356042,0.643958,0.559986,-0.591045,-0.181230,86.530790,86.994182,86.306478,86.558097,0.365883,0.634117,0.463393,-0.224312,0.027307
26.300000,87.000000,86.498426,87.064757,86.211267,86.511818,0.352145,0.647855,0.566331,-0.287159,0.013392,44.000000,43.854972,49.084065,42.455988,45.847502,0.511686,0.488314,5.229093,-1.398984,1.992530,45.000000,44.867549,45.336003,45.075746,45.168286,0.355571,0.644429,0.468455,0.208197,0.300737,86.498426,87.064757,86.211267,86.511818,0.352145,0.647855,0.566331,-0.287159,0.013392
26.320000,87.000000,86.466730,86.339006,86.179401,86.234930,0.347913,0.652087,-0.127723,-0.287329,-0.231800,44.000000,43.854972,41.851092,43.823528,42.827225,0.505113,0.494887,-2.003880,-0.031444,-1.027747,45.000000,44.867549,44.893352,44.482245,44.629565,0.358350,0.641650,0.025803,-0.385304,-0.237984,86.466730,86.339006,86.179401,86.234930,0.347913,0.652087,-0.127723,-0.287329,-0.231800
26.340000,87.000000,86.435699,86.869820,86.122569,86.375480,0.338455,0.661545,0.434121,-0.313130,-0.060220,44.000000,43.854972,46.524907,43.701649,45.102375,0.496138,0.503862,2.669935,-0.153323,1.247402,45.000000,44.867549,44.613959,44.879081,44.785954,0.351262,0.648738,-0.253590,0.011533,-0.081595,86.435699,86.869820,86.122569,86.375480,0.338455,0.661545,0.434121,-0.313130,-0.060220
26.360000,87.000000,86.405333,86.213882,86.615987,86.480506,0.336929,0.663071,-0.191451,0.210654,0.075173,44.000000,43.854972,45.170325,45.969168,45.592701,0.471265,0.528735,1.315353,2.114195,1.737729,45.000000,44.867549,45.514933,44.831310,45.076360,0.358458,0.641542,0.647384,-0.036239,0.208811,86.405333,86.213882,86.615987,86.480506,0.336929,0.663071,-0.191451,0.210654,0.075173
26.380000,87.000000,86.375628,85.826905,86.459060,86.237977,0.349730,0.650270,-0.548723,0.083432,-0.137651,44.000000,43.854972,46.580851,43.013879,44.754523,0.487990,0.512010,2.725878,-0.841093,0.899550,45.000000,44.867549,43.956357,44.821573,44.515275,0.354014,0.645986,-0.911192,-0.045976,-0.352273,86.375628,85.826905,86.459060,86.237977,0.349730,0.650270,-0.548723,0.083432,-0.137651
26.400000,87.000000,86.346583,86.580054,86.251358,86.365280,0.346587,0.653413,0.233472,-0.095224,0.018698,44.000000,43.854972,42.690381,44.018599,43.359281,0.496393,0.503607,-1.164591,0.163627,-0.495691,45.000000,44.867549,44.382176,44.819891,44.664885,0.354124,0.645876,-0.485373,-0.047658,-0.202663,86.346583,86.580054,86.251358,86.365280,0.346587,0.653413,0.233472,-0.095224,0.018698
26.420000,87.000000,86.318195,86.373708,86.801437,86.651205,0.351232,0.648768,0.055513,0.483243,0.333010,44.000000,43.854972,43.703994,45.851495,44.741403,0.516922,0.483078,-0.150978,1.996522,0.886431,45.000000,44.867549,43.945290,44.322591,44.192041,0.346011,0.653989,-0.922259,-0.544957,-0.675508,86.318195,86.373708,86.801437,86.651205,0.351232,0.648768,0.055513,0.483243,0.333010
26.440000,87.000000,86.290463,85.449693,85.798093,85.670560,0.366052,0.633948,-0.840770,-0.492370,-0.619902,44.000000,43.854972,42.365315,46.374206,44.382943,0.496712,0.503288,-1.489657,2.519234,0.527971,45.000000,44.867549,44.794952,44.836440,44.822120,0.345177,0.654823,-0.072596,-0.031108,-0.045429,86.290463,85.449693,85.798093,85.670560,0.366052,0.633948,-0.840770,-0.492370,-0.619902
26.460000,87.000000,86.263385,86.697839,86.109870,86.324085,0.364330,0.635670,0.434455,-0.153514,0.060700,44.000000,43.854972,43.785623,46.103505,45.079991,0.441575,0.558425,-0.069349,2.248533,1.225018,45.000000,44.867549,44.920771,45.033044,44.994186,0.346102,0.653898,0.053222,0.165495,0.126637,86.263385,86.697839,86.109870,86.324085,0.364330,0.635670,0.434455,-0.153514,0.060700
26.480000,87.000000,86.236958,85.973240,86.464986,86.282970,0.370143,0.629857,-0.263718,0.228028,0.046012,44.000000,43.854972,47.718353,43.340293,45.325678,0.453491,0.546509,3.863381,-0.514680,1.470705,45.000000,44.867549,44.807764,45.161894,45.039744,0.344930,0.655070,-0.059785,0.294345,0.172195,86.236958,85.973240,86.464986,86.282970,0.370143,0.629857,-0.263718,0.228028,0.046012
26.500000,87.000000,86.211181,86.334453,85.710751,85.943158,0.372626,0.627374,0.123272,-0.500430,-0.268023,44.000000,43.854972,44.364947,43.954052,44.126850,0.420540,0.579460,0.509975,0.099080,0.271877,45.000000,44.867549,44.993663,44.898264,44.931033,0.343488,0.656512,0.126115,0.030715,0.063484,86.211181,86.334453,85.710751,85.943158,0.372626,0.627374,0.123272,-0.500430,-0.268023
26.520000,87.000000,86.186052,85.853422,86.687832,86.370128,0.380754,0.619246,-0.332630,0.501780,0.184076,44.000000,43.854972,41.863750,44.099101,43.180219,0.411071,0.588929,-1.991223,0.244129,-0.674753,45.000000,44.867549,45.782463,44.995052,45.266958,0.345318,0.654682,0.914914,0.127503,0.399410,86.186052,85.853422,86.687832,86.370128,0.380754,0.619246,-0.332630,0.501780,0.184076
26.540000,87.000000,86.161569,86.146638,86.038177,86.079318,0.379313,0.620687,-0.014931,-0.123392,-0.082251,44.000000,43.854972,43.387934,42.100738,42.635199,0.415214,0.584786,-0.467038,-1.754235,-1.219774,45.000000,44.867549,44.429658,45.014163,44.817142,0.337074,0.662926,-0.437891,0.146615,-0.050407,86.161569,86.146638,86.038177,86.079318,0.379313,0.620687,-0.014931,-0.123392,-0.082251
26.560000,87.000000,86.137730,85.517438,86.214929,85.950167,0.379592,0.620408,-0.620292,0.077199,-0.187563,44.000000,43.854972,43.775205,41.741625,42.579643,0.412092,0.587908,-0.079767,-2.113347,-1.275329,45.000000,44.867549,44.742096,44.874405,44.830317,0.333220,0.666780,-0.125453,0.006856,-0.037232,86.137730,85.517438,86.214929,85.950167,0.379592,0.620408,-0.620292,0.077199,-0.187563
26.580000,87.000000,86.114533,85.463800,86.181150,85.911310,0.376163,0.623837,-0.650734,0.066617,-0.203224,44.000000,43.854972,44.232088,45.290534,44.844282,0.421611,0.578389,0.377116,1.435561,0.989309,45.000000,44.867549,45.015946,44.858722,44.911649,0.336638,0.663362,0.148397,-0.008827,0.044101,86.114533,85.463800,86.181150,85.911310,0.376163,0.623837,-0.650734,0.066617,-0.203224
26.600000,87.000000,86.091977,87.338511,86.038870,86.508022,0.360987,0.639013,1.246534,-0.053106,0.416045,44.000000,43.854972,42.996720,42.596444,42.744427,0.369703,0.630297,-0.858252,-1.258529,-1.110545,45.000000,44.867549,44.728343,44.701715,44.710780,0.340425,0.659575,-0.139206,-0.165834,-0.156769,86.091977,87.338511,86.038870,86.508022,0.360987,0.639013,1.246534,-0.053106,0.416045
26.620000,87.000000,86.070059,85.184182,86.512093,86.020264,0.370379,0.629621,-0.885877,0.442034,-0.049795,44.000000,43.854972,43.322318,44.613915,44.136339,0.369758,0.630242,-0.532655,0.758942,0.281366,45.000000,44.867549,44.717250,45.003479,44.907114,0.336672,0.663328,-0.150299,0.135930,0.039565,86.070059,85.184182,86.512093,86.020264,0.370379,0.629621,-0.885877,0.442034,-0.049795
26.640000,87.000000,86.048777,86.771303,85.435925,85.908163,0.353637,0.646363,0.722527,-0.612851,-0.140614,44.000000,43.854972,44.787240,41.678892,42.696729,0.327462,0.672538,0.932267,-2.176080,-1.158243,45.000000,44.867549,44.884090,45.283865,45.149754,0.335466,0.664534,0.016541,0.416316,0.282205,86.048777,86.771303,85.435925,85.908163,0.353637,0.646363,0.722527,-0.612851,-0.140614
26.660000,87.000000,86.028128,86.220659,86.008233,86.081122,0.343127,0.656873,0.192531,-0.019895,0.052994,44.000000,43.854972,43.201635,44.861665,44.330042,0.320252,0.679748,-0.653337,1.006693,0.475070,45.000000,44.867549,45.238059,44.726069,44.902299,0.344206,0.655794,0.370510,-0.141480,0.034750,86.028128,86.220659,86.008233,86.081122,0.343127,0.656873,0.192531,-0.019895,0.052994
26.680000,87.000000,86.008109,86.525413,85.536937,85.870777,0.337733,0.662267,0.517303,-0.471172,-0.137332,44.000000,43.854972,44.099563,42.495595,42.999118,0.313926,0.686074,0.244590,-1.359378,-0.855854,45.000000,44.867549,45.796380,44.804780,45.161058,0.359297,0.640703,0.928831,-0.062769,0.293509,86.008109,86.525413,85.536937,85.870777,0.337733,0.662267,0.517303,-0.471172,-0.137332
26.700000,87.000000,85.988719,86.230796,86.104438,86.147474,0.340585,0.659415,0.242077,0.115720,0.158755,44.000000,43.854972,44.853291,42.489968,43.162486,0.284571,0.715429,0.998319,-1.365005,-0.692486,45.000000,44.867549,45.642726,44.472070,44.903711,0.368718,0.631282,0.775177,-0.395479,0.036162,85.988719,86.230796,86.104438,86.147474,0.340585,0.659415,0.242077,0.115720,0.158755
26.720000,87.000000,85.969953,86.477209,85.558880,85.867581,0.336155,0.663845,0.507257,-0.411073,-0.102372,44.000000,43.854972,44.294893,40.630743,41.676925,0.285533,0.714467,0.439921,-3.224230,-2.178048,45.000000,44.867549,44.646187,44.601603,44.618159,0.371345,0.628655,-0.221362,-0.265946,-0.249390,85.969953,86.477209,85.558880,85.867581,0.336155,0.663845,0.507257,-0.411073,-0.102372
26.740000,87.000000,85.951809,85.864294,85.212030,85.430432,0.334837,0.665163,-0.087515,-0.739779,-0.521377,44.000000,43.854972,44.196951,42.686800,43.085284,0.263873,0.736127,0.341979,-1.168172,-0.769689,45.000000,44.867549,45.339364,44.540767,44.830449,0.362740,0.637260,0.471815,-0.326782,-0.037099,85.951809,85.864294,85.212030,85.430432,0.334837,0.665163,-0.087515,-0.739779,-0.521377
26.760000,87.000000,85.934285,85.438554,85.635444,85.569032,0.337303,0.662697,-0.495730,-0.298841,-0.365252,44.000000,43.854972,43.264969,41.469284,41.926020,0.254356,0.745644,-0.590003,-2.385689,-1.928953,45.000000,44.867549,44.695989,44.347713,44.473819,0.362087,0.637913,-0.171560,-0.519836,-0.393730,85.934285,85.438554,85.635444,85.569032,0.337303,0.662697,-0.495730,-0.298841,-0.365252
26.780000,87.000000,85.917377,86.830457,86.404726,86.549642,0.340394,0.659606,0.913080,0.487349,0.632265,44.000000,43.854972,44.168635,43.519938,43.683545,0.252209,0.747791,0.313662,-0.335034,-0.171427,45.000000,44.867549,44.805259,44.743638,44.765598,0.356375,0.643625,-0.062290,-0.123911,-0.101951,85.917377,86.830457,86.404726,86.549642,0.340394,0.659606,0.913080,0.487349,0.632265
26.800000,87.000000,85.901083,85.843880,85.556128,85.653078,0.336922,0.663078,-0.057204,-0.344955,-0.248006,44.000000,43.854972,45.389374,45.001711,45.104644,0.265521,0.734479,1.534401,1.146739,1.249671,45.000000,44.867549,44.862135,45.287623,45.132404,0.364804,0.635196,-0.005414,0.420075,0.264855,85.901083,85.843880,85.556128,85.653078,0.336922,0.663078,-0.057204,-0.344955,-0.248006
26.820000,87.000000,85.885401,85.442642,86.283277,85.991307,0.347321,0.652679,-0.442759,0.397876,0.105907,44.000000,43.854972,42.811892,41.847553,42.106240,0.268255,0.731745,-1.043081,-2.007419,-1.748732,45.000000,44.867549,44.672337,44.511459,44.571503,0.373228,0.626772,-0.195212,-0.356090,-0.296046,85.885401,85.442642,86.283277,85.991307,0.347321,0.652679,-0.442759,0.397876,0.105907
26.840000,87.000000,85.870327,85.630130,85.889326,85.798361,0.350951,0.649049,-0.240197,0.018999,-0.071966,44.000000,43.854972,45.245142,44.164765,44.449967,0.263985,0.736015,1.390170,0.309793,0.594995,45.000000,44.867549,44.055345,44.588639,44.391982,0.368759,0.631241,-0.812204,-0.278910,-0.475566,85.870327,85.630130,85.889326,85.798361,0.350951,0.649049,-0.240197,0.018999,-0.071966
26.860000,87.000000,85.855859,85.122823,85.885620,85.612122,0.358546,0.641454,-0.733036,0.029761,-0.243736,44.000000,43.854972,41.241450,42.026714,41.815413,0.269083,0.730917,-2.613522,-1.828258,-2.039559,45.000000,44.867549,44.259605,45.045647,44.754230,0.370739,0.629261,-0.607944,0.178098,-0.113319,85.855859,85.122823,85.885620,85.612122,0.358546,0.641454,-0.733036,0.029761,-0.243736
26.880000,87.000000,85.841994,85.897015,85.967402,85.942070,0.359894,0.640106,0.055021,0.125408,0.100076,44.000000,43.854972,43.186195,44.199280,43.919594,0.276075,0.723925,-0.668778,0.344308,0.064621,45.000000,44.867549,44.931284,44.719984,44.799676,0.377153,0.622847,0.063735,-0.147565,-0.067873,85.841994,85.897015,85.967402,85.942070,0.359894,0.640106,0.055021,0.125408,0.100076
26.900000,87.000000,85.828730,85.257894,85.674328,85.522609,0.364328,0.635672,-0.570836,-0.154402,-0.306121,44.000000,43.854972,44.090424,43.131298,43.393116,0.272977,0.727023,0.235452,-0.723675,-0.461856,45.000000,44.867549,44.195261,44.919473,44.648768,0.373792,0.626208,-0.672288,0.051924,-0.218780,85.828730,85.257894,85.674328,85.522609,0.364328,0.635672,-0.570836,-0.154402,-0.306121
26.920000,87.000000,85.816064,85.214637,86.345739,85.917045,0.379006,0.620994,-0.601427,0.529675,0.100981,44.000000,43.854972,44.795567,42.666050,43.231609,0.265586,0.734414,0.940595,-1.188922,-0.623364,45.000000,44.867549,44.885761,44.868627,44.875026,0.373446,0.626554,0.018212,0.001078,0.007477,85.816064,85.214637,86.345739,85.917045,0.379006,0.620994,-0.601427,0.529675,0.100981
26.940000,87.000000,85.803993,86.834449,86.073111,86.356208,0.371842,0.628158,1.030456,0.269118,0.552215,44.000000,43.854972,48.581791,44.964962,45.899664,0.258447,0.741553,4.726819,1.109990,2.044692,45.000000,44.867549,44.348682,45.248895,44.921885,0.363260,0.636740,-0.518866,0.381347,0.054336,85.803993,86.834449,86.073111,86.356208,0.371842,0.628158,1.030456,0.269118,0.552215
26.960000,87.000000,85.792515,86.454260,86.073304,86.214768,0.371339,0.628661,0.661745,0.280789,0.422253,44.000000,43.854972,47.063005,42.571181,43.696590,0.250570,0.749430,3.208033,-1.283792,-0.158382,45.000000,44.867549,44.583574,44.934279,44.806255,0.365046,0.634954,-0.283975,0.066730,-0.061294,85.792515,86.454260,86.073304,86.214768,0.371339,0.628661,0.661745,0.280789,0.422253
26.980000,87.000000,85.781627,85.373978,85.765820,85.618360,0.376324,0.623676,-0.407648,-0.015807,-0.163266,44.000000,43.854972,42.802175,43.604320,43.405641,0.247686,0.752314,-1.052798,-0.250652,-0.449332,45.000000,44.867549,44.907232,45.092702,45.024991,0.365079,0.634921,0.039684,0.225153,0.157442,85.781627,85.373978,85.765820,85.618360,0.376324,0.623676,-0.407648,-0.015807,-0.163266
27.000000,87.000000,85.771326,86.077556,85.504602,85.717116,0.370909,0.629091,0.306230,-0.266724,-0.054210,44.000000,43.854972,38.124460,42.467851,41.409898,0.243600,0.756400,-5.730513,-1.387122,-2.445075,45.000000,44.867549,45.575092,44.212819,44.720479,0.372658,0.627342,0.707544,-0.654730,-0.147070,85.771326,86.077556,85.504602,85.717116,0.370909,0.629091,0.306230,-0.266724,-0.054210
27.020000,87.000000,85.761610,86.281419,85.784731,85.963344,0.359608,0.640392,0.519809,0.023120,0.201734,44.000000,43.854972,49.132098,42.877317,44.275964,0.223660,0.776340,5.277126,-0.977655,0.420992,45.000000,44.867549,43.930828,45.134761,44.685034,0.373550,0.626450,-0.936720,0.267212,-0.182515,85.761610,86.281419,85.784731,85.963344,0.359608,0.640392,0.519809,0.023120,0.201734
27.040000,87.000000,85.752477,86.468791,85.787525,86.027604,0.352402,0.647598,0.716315,0.035048,0.275127,44.000000,43.854972,41.066280,46.346147,45.064652,0.242747,0.757253,-2.788693,2.491175,1.209680,45.000000,44.867549,44.737969,44.559225,44.625636,0.371547,0.628453,-0.129580,-0.308324,-0.241912,85.752477,86.468791,85.787525,86.027604,0.352402,0.647598,0.716315,0.035048,0.275127
27.060000,87.000000,85.743923,85.149230,85.456483,85.348621,0.351054,0.648946,-0.594693,-0.287440,-0.395303,44.000000,43.854972,41.960843,43.336928,43.001936,0.243440,0.756560,-1.894130,-0.518045,-0.853036,45.000000,44.867549,44.866938,44.847361,44.854699,0.374816,0.625184,-0.000611,-0.020188,-0.012850,85.743923,85.149230,85.456483,85.348621,0.351054,0.648946,-0.594693,-0.287440,-0.395303
27.080000,87.000000,85.735947,84.580099,86.246182,85.618698,0.376624,0.623376,-1.155848,0.510235,-0.117249,44.000000,43.854972,46.665978,45.446882,45.745262,0.244757,0.755243,2.811006,1.591909,1.890290,45.000000,44.867549,45.296818,44.649178,44.892156,0.375175,0.624825,0.429269,-0.218371,0.024607,85.735947,84.580099,86.246182,85.618698,0.376624,0.623376,-1.155848,0.510235,-0.117249
27.100000,87.000000,85.728545,85.894490,86.423207,86.229284,0.366781,0.633219,0.165945,0.694662,0.500739,44.000000,43.854972,46.567099,44.132108,44.727104,0.244360,0.755640,2.712126,0.277136,0.872132,45.000000,44.867549,44.976298,44.434339,44.636466,0.372957,0.627043,0.108749,-0.433210,-0.231083,85.728545,85.894490,86.423207,86.229284,0.366781,0.633219,0.165945,0.694662,0.500739
27.120000,87.000000,85.721715,85.330018,85.822454,85.641138,0.368203,0.631797,-0.391697,0.100739,-0.080578,44.000000,43.854972,40.798970,45.758879,44.441536,0.265627,0.734373,-3.056002,1.903907,0.586564,45.000000,44.867549,44.957868,44.540186,44.692341,0.364285,0.635715,0.090319,-0.327363,-0.175208,85.721715,85.330018,85.822454,85.641138,0.368203,0.631797,-0.391697,0.100739,-0.080578
27.140000,87.000000,85.715455,84.653183,85.401712,85.120461,0.375738,0.624262,-1.062272,-0.313744,-0.594994,44.000000,43.854972,45.360168,42.301300,43.154644,0.278984,0.721016,1.505196,-1.553673,-0.700329,45.000000,44.867549,44.365526,45.065435,44.807684,0.368264,0.631736,-0.502023,0.197886,-0.059865,85.715455,84.653183,85.401712,85.120461,0.375738,0.624262,-1.062272,-0.313744,-0.594994
27.160000,87.000000,85.709762,85.712428,85.096732,85.329690,0.378365,0.621635,0.002666,-0.613030,-0.380072,44.000000,43.854972,42.796867,43.817721,43.532401,0.279493,0.720507,-1.058105,-0.037251,-0.322571,45.000000,44.867549,44.562962,45.410665,45.087542,0.381176,0.618824,-0.304587,0.543116,0.219993,85.709762,85.712428,85.096732,85.329690,0.378365,0.621635,0.002666,-0.613030,-0.380072
27.180000,87.000000,85.704634,86.880005,86.260608,86.492556,0.374475,0.625525,1.175371,0.555974,0.787922,44.000000,43.854972,47.262543,45.969203,46.327627,0.277132,0.722868,3.407571,2.114230,2.472654,45.000000,44.867549,45.407567,44.870041,45.069673,0.371391,0.628609,0.540018,0.002492,0.202124,85.704634,86.880005,86.260608,86.492556,0.374475,0.625525,1.175371,0.555974,0.787922
27.200000,87.000000,85.700068,85.785657,85.543094,85.634069,0.375056,0.624944,0.085589,-0.156974,-0.065999,44.000000,43.854972,47.018482,43.043413,44.096469,0.264933,0.735067,3.163510,-0.811559,0.241496,45.000000,44.867549,45.524038,45.302841,45.384998,0.371419,0.628581,0.656489,0.435292,0.517449,85.700068,85.785657,85.543094,85.634069,0.375056,0.624944,0.085589,-0.156974,-0.065999
27.220000,87.000000,85.696061,85.507038,85.422246,85.453618,0.369990,0.630010,-0.189023,-0.273816,-0.242443,44.000000,43.854972,42.303199,43.026431,42.833808,0.266338,0.733662,-1.551773,-0.828541,-1.021165,45.000000,44.867549,45.276980,45.146098,45.193894,0.365188,0.634812,0.409431,0.278549,0.326345,85.696061,85.507038,85.422246,85.453618,0.369990,0.630010,-0.189023,-0.273816,-0.242443
27.240000,87.000000,85.692612,86.333931,85.277799,85.654605,0.356780,0.643220,0.641319,-0.414813,-0.038007,44.000000,43.854972,45.904589,43.033540,43.762552,0.253928,0.746072,2.049617,-0.821433,-0.092420,45.000000,44.867549,45.021038,45.048678,45.038597,0.364707,0.635293,0.153489,0.181129,0.171048,85.692612,86.333931,85.277799,85.654605,0.356780,0.643220,0.641319,-0.414813,-0.038007
27.260000,87.000000,85.689718,85.717908,85.836376,85.793948,0.358140,0.641860,0.028190,0.146659,0.104230,44.000000,43.854972,42.092414,44.856096,44.141071,0.258731,0.741269,-1.762558,1.001124,0.286099,45.000000,44.867549,44.259715,44.824670,44.614133,0.372662,0.627338,-0.607834,-0.042879,-0.253416,85.689718,85.717908,85.836376,85.793948,0.358140,0.641860,0.028190,0.146659,0.104230
27.280000,87.000000,85.687375,86.178792,85.488425,85.735694,0.358171,0.641829,0.491417,-0.198951,0.048319,44.000000,43.854972,45.207836,45.728025,45.593366,0.258865,0.741135,1.352864,1.873052,1.738394,45.000000,44.867549,45.565530,44.912156,45.158005,0.376276,0.623724,0.697981,0.044607,0.290456,85.687375,86.178792,85.488425,85.735694,0.358171,0.641829,0.491417,-0.198951,0.048319
27.300000,87.000000,85.685583,85.481690,85.677639,85.605535,0.367972,0.632028,-0.203893,-0.007944,-0.080048,44.000000,43.854972,43.299247,44.300908,44.017256,0.283182,0.716818,-0.555725,0.445935,0.162284,45.000000,44.867549,45.105436,44.706597,44.856311,0.375376,0.624624,0.237887,-0.160952,-0.011238,85.685583,85.481690,85.677639,85.605535,0.367972,0.632028,-0.203893,-0.007944,-0.080048
27.320000,87.000000,85.684338,86.316843,85.049684,85.503975,0.358512,0.641488,0.632505,-0.634654,-0.180364,44.000000,43.854972,45.546202,44.451551,44.756155,0.278268,0.721732,1.691229,0.596579,0.901183,45.000000,44.867549,44.872587,44.570392,44.684142,0.376415,0.623585,0.005038,-0.297157,-0.183407,85.684338,86.316843,85.049684,85.503975,0.358512,0.641488,0.632505,-0.634654,-0.180364
27.340000,87.000000,85.683638,85.890596,85.625474,85.721753,0.363149,0.636851,0.206958,-0.058165,0.038114,44.000000,43.854972,45.420741,43.668339,44.164324,0.283035,0.716965,1.565768,-0.186634,0.309351,45.000000,44.867549,43.934473,44.454554,44.258210,0.377526,0.622474,-0.933076,-0.412994,-0.609339,85.683638,85.890596,85.625474,85.721753,0.363149,0.636851,0.206958,-0.058165,0.038114
27.360000,87.000000,85.683481,85.966882,85.687520,85.787296,0.357157,0.642843,0.283401,0.004039,0.103815,44.000000,43.854972,42.880056,42.786239,42.812071,0.275347,0.724653,-0.974916,-1.068733,-1.042901,45.000000,44.867549,44.599171,44.720634,44.675309,0.373157,0.626843,-0.268378,-0.146915,-0.192239,85.683481,85.966882,85.687520,85.787296,0.357157,0.642843,0.283401,0.004039,0.103815
27.380000,87.000000,85.683848,85.163274,85.687394,85.500826,0.355964,0.644036,-0.520573,0.003546,-0.183021,44.000000,43.854972,43.616872,43.533150,43.557129,0.286409,0.713591,-0.238100,-0.321822,-0.297843,45.000000,44.867549,44.850207,44.729379,44.775060,0.378066,0.621934,-0.017342,-0.138170,-0.092489,85.683848,85.163274,85.687394,85.500826,0.355964,0.644036,-0.520573,0.003546,-0.183021
27.400000,87.000000,85.684720,85.897182,85.741278,85.797049,0.357725,0.642275,0.212462,0.056558,0.112329,44.000000,43.854972,44.833096,44.265222,44.425571,0.282366,0.717634,0.978124,0.410250,0.570598,45.000000,44.867549,45.232181,45.394783,45.333555,0.376549,0.623451,0.364633,0.527234,0.466007,85.684720,85.897182,85.741278,85.797049,0.357725,0.642275,0.212462,0.056558,0.112329
27.420000,87.000000,85.686096,85.713709,86.441604,86.178612,0.361305,0.638695,0.027613,0.755508,0.492516,44.000000,43.854972,42.452999,42.872155,42.758515,0.271115,0.728885,-1.401973,-0.982818,-1.096457,45.000000,44.867549,44.648340,44.519530,44.567563,0.372899,0.627101,-0.219208,-0.348019,-0.299986,85.686096,85.713709,86.441604,86.178612,0.361305,0.638695,0.027613,0.755508,0.492516
27.440000,87.000000,85.687974,85.540280,86.219561,85.971194,0.365632,0.634368,-0.147694,0.531587,0.283221,44.000000,43.854972,47.190163,45.362656,45.814748,0.247386,0.752614,3.335190,1.507683,1.959776,45.000000,44.867549,44.860010,44.842364,44.848935,0.372382,0.627618,-0.007538,-0.025185,-0.018614,85.687974,85.540280,86.219561,85.971194,0.365632,0.634368,-0.147694,0.531587,0.283221
27.460000,87.000000,85.690351,85.610953,85.902384,85.793372,0.374060,0.625940,-0.079398,0.212034,0.103021,44.000000,43.854972,44.648157,45.081386,44.980425,0.233043,0.766957,0.793185,1.226414,1.125453,45.000000,44.867549,45.189922,44.464156,44.728998,0.364915,0.635085,0.322373,-0.403393,-0.138550,85.690351,85.610953,85.902384,85.793372,0.374060,0.625940,-0.079398,0.212034,0.103021
27.480000,87.000000,85.693225,86.016886,86.443956,86.284056,0.374412,0.625588,0.323661,0.750731,0.590831,44.000000,43.854972,44.431157,44.315904,44.344367,0.246966,0.753034,0.576185,0.460931,0.489395,45.000000,44.867549,45.717183,44.660741,45.032154,0.351571,0.648429,0.849634,-0.206808,0.164606,85.693225,86.016886,86.443956,86.284056,0.374412,0.625588,0.323661,0.750731,0.590831
27.500000,87.000000,85.696594,85.368446,85.843152,85.663425,0.378608,0.621392,-0.328147,0.146559,-0.033169,44.000000,43.854972,44.237458,43.002597,43.306674,0.246246,0.753754,0.382486,-0.852375,-0.548298,45.000000,44.867549,45.266348,44.739557,44.922839,0.347923,0.652077,0.398799,-0.127992,0.055291,85.696594,85.368446,85.843152,85.663425,0.378608,0.621392,-0.328147,0.146559,-0.033169
27.520000,87.000000,85.700455,85.589185,85.798366,85.719509,0.376980,0.623020,-0.111270,0.097910,0.019053,44.000000,43.854972,41.654490,43.872678,43.334513,0.242621,0.757379,-2.200483,0.017706,-0.520459,45.000000,44.867549,44.044523,44.862729,44.567052,0.361373,0.638627,-0.823026,-0.004820,-0.300497,85.700455,85.589185,85.798366,85.719509,0.376980,0.623020,-0.111270,0.097910,0.019053
27.540000,87.000000,85.704808,85.785905,86.092785,85.976381,0.379315,0.620685,0.081097,0.387978,0.271573,44.000000,43.854972,45.180510,42.514024,43.162251,0.243110,0.756890,1.325537,-1.340949,-0.692722,45.000000,44.867549,45.446368,44.393665,44.759988,0.347985,0.652015,0.578819,-0.473884,-0.107561,85.704808,85.785905,86.092785,85.976381,0.379315,0.620685,0.081097,0.387978,0.271573
27.560000,87.000000,85.709648,85.993088,86.019623,86.009671,0.375067,0.624933,0.283439,0.309975,0.300022,44.000000,43.854972,43.779839,44.393378,44.242281,0.246272,0.753728,-0.075133,0.538405,0.387308,45.000000,44.867549,44.860244,44.409198,44.564255,0.343771,0.656229,-0.007305,-0.458351,-0.303294,85.709648,85.993088,86.019623,86.009671,0.375067,0.624933,0.283439,0.309975,0.300022
27.580000,87.000000,85.714975,85.546347,85.859567,85.743099,0.371841,0.628159,-0.168628,0.144591,0.028123,44.000000,43.854972,44.314217,45.247594,45.023230,0.240380,0.759620,0.459245,1.392622,1.168257,45.000000,44.867549,45.636043,44.651915,44.983426,0.336858,0.663142,0.768494,-0.215633,0.115877,85.714975,85.546347,85.859567,85.743099,0.371841,0.628159,-0.168628,0.144591,0.028123
27.600000,87.000000,85.720786,85.714575,86.155822,85.989493,0.376952,0.623048,-0.006211,0.435036,0.268707,44.000000,43.854972,44.626525,43.322345,43.635741,0.240303,0.759697,0.771553,-0.532627,-0.219231,45.000000,44.867549,45.407061,45.164604,45.245941,0.335470,0.664530,0.539512,0.297055,0.378392,85.720786,85.714575,86.155822,85.989493,0.376952,0.623048,-0.006211,0.435036,0.268707
27.620000,87.000000,85.727080,85.795036,85.628434,85.691235,0.376955,0.623045,0.067956,-0.098646,-0.035844,44.000000,43.854972,43.318789,43.221327,43.244291,0.235624,0.764376,-0.536183,-0.633645,-0.610681,45.000000,44.867549,44.985288,45.200987,45.128649,0.335367,0.664633,0.117739,0.333439,0.261100,85.727080,85.795036,85.628434,85.691235,0.376955,0.623045,0.067956,-0.098646,-0.035844
27.640000,87.000000,85.733853,85.797706,85.843846,85.826385,0.378440,0.621560,0.063854,0.109993,0.092532,44.000000,43.854972,44.541639,43.879210,44.037272,0.238611,0.761389,0.686667,0.024238,0.182300,45.000000,44.867549,45.611840,44.946984,45.164120,0.326591,0.673409,0.744291,0.079435,0.296571,85.733853,85.797706,85.843846,85.826385,0.378440,0.621560,0.063854,0.109993,0.092532
27.660000,87.000000,85.741103,85.327530,85.643677,85.525573,0.373572,0.626428,-0.413573,-0.097427,-0.215530,44.000000,43.854972,43.597949,42.887736,43.052850,0.232486,0.767514,-0.257024,-0.967237,-0.802123,45.000000,44.867549,44.306158,44.796876,44.633347,0.333244,0.666756,-0.561391,-0.070673,-0.234202,85.741103,85.327530,85.643677,85.525573,0.373572,0.626428,-0.413573,-0.097427,-0.215530
27.680000,87.000000,85.748830,85.675195,85.556098,85.599757,0.366587,0.633413,-0.073635,-0.192732,-0.149073,44.000000,43.854972,42.160808,46.508538,45.428562,0.248423,0.751577,-1.694164,2.653566,1.573590,45.000000,44.867549,44.668858,44.754613,44.725221,0.342746,0.657254,-0.198691,-0.112936,-0.142328,85.748830,85.675195,85.556098,85.599757,0.366587,0.633413,-0.073635,-0.192732,-0.149073
27.700000,87.000000,85.757030,86.446046,85.466012,85.831948,0.373392,0.626608,0.689016,-0.291018,0.074918,44.000000,43.854972,44.581481,44.135373,44.247944,0.252342,0.747658,0.726509,0.280400,0.392972,45.000000,44.867549,44.940995,45.161480,45.083136,0.355326,0.644674,0.073446,0.293932,0.215587,85.757030,86.446046,85.466012,85.831948,0.373392,0.626608,0.689016,-0.291018,0.074918
27.720000,87.000000,85.765702,86.609486,85.742324,86.065200,0.372337,0.627663,0.843784,-0.023377,0.299498,44.000000,43.854972,44.455520,42.042441,42.652627,0.252873,0.747127,0.600548,-1.812531,-1.202345,45.000000,44.867549,45.165392,44.621433,44.812503,0.351259,0.648741,0.297843,-0.246115,-0.055045,85.765702,86.609486,85.742324,86.065200,0.372337,0.627663,0.843784,-0.023377,0.299498
27.740000,87.000000,85.774843,85.350894,85.651051,85.542233,0.362538,0.637462,-0.423948,-0.123791,-0.232609,44.000000,43.854972,43.941989,47.040759,46.194495,0.273108,0.726892,0.087017,3.185787,2.339523,45.000000,44.867549,44.935020,45.105867,45.044352,0.360061,0.639939,0.067471,0.238319,0.176803,85.774843,85.350894,85.651051,85.542233,0.362538,0.637462,-0.423948,-0.123791,-0.232609
27.760000,87.000000,85.784451,85.741752,85.763698,85.755709,0.364017,0.635983,-0.042699,-0.020753,-0.028742,44.000000,43.854972,43.623460,42.778081,43.009352,0.273571,0.726429,-0.231512,-1.076891,-0.845620,45.000000,44.867549,44.555973,44.732468,44.668337,0.363358,0.636642,-0.311576,-0.135081,-0.199212,85.784451,85.741752,85.763698,85.755709,0.364017,0.635983,-0.042699,-0.020753,-0.028742
27.780000,87.000000,85.794524,85.594088,85.840679,85.752040,0.359458,0.640542,-0.200436,0.046154,-0.042485,44.000000,43.854972,45.650886,45.842461,45.789246,0.277779,0.722221,1.795914,1.987489,1.934274,45.000000,44.867549,45.261008,45.364366,45.326573,0.365646,0.634354,0.393459,0.496817,0.459025,85.794524,85.594088,85.840679,85.752040,0.359458,0.640542,-0.200436,0.046154,-0.042485
27.800000,87.000000,85.805061,85.696268,86.304908,86.090242,0.352698,0.647302,-0.108793,0.499847,0.285181,44.000000,43.854972,46.217728,45.154419,45.444234,0.272561,0.727439,2.362755,1.299447,1.589262,45.000000,44.867549,44.399315,44.882810,44.706474,0.364711,0.635289,-0.468234,0.015261,-0.161075,85.805061,85.696268,86.304908,86.090242,0.352698,0.647302,-0.108793,0.499847,0.285181
27.820000,87.000000,85.816059,85.852737,85.846035,85.848442,0.359151,0.640849,0.036677,0.029976,0.032383,44.000000,43.854972,39.545468,43.151174,42.167664,0.272780,0.727220,-4.309504,-0.703798,-1.687308,45.000000,44.867549,44.176478,44.012665,44.072466,0.365059,0.634941,-0.691071,-0.854884,-0.795083,85.816059,85.852737,85.846035,85.848442,0.359151,0.640849,0.036677,0.029976,0.032383
27.840000,87.000000,85.827517,85.806087,86.216382,86.069360,0.358331,0.641669,-0.021430,0.388865,0.241844,44.000000,43.854972,46.525143,44.257436,44.862551,0.266846,0.733154,2.670170,0.402464,1.007579,45.000000,44.867549,44.003100,44.705774,44.448914,0.365547,0.634453,-0.864449,-0.161775,-0.418635,85.827517,85.806087,86.216382,86.069360,0.358331,0.641669,-0.021430,0.388865,0.241844
27.860000,87.000000,85.839431,86.140702,85.342085,85.639931,0.372953,0.627047,0.301271,-0.497346,-0.199500,44.000000,43.854972,41.871350,42.182576,42.098479,0.270210,0.729790,-1.983622,-1.672397,-1.756493,45.000000,44.867549,44.596644,44.961744,44.829452,0.362343,0.637657,-0.270905,0.094195,-0.038096,85.839431,86.140702,85.342085,85.639931,0.372953,0.627047,0.301271,-0.497346,-0.199500
27.880000,87.000000,85.851801,85.196738,86.093147,85.765730,0.365255,0.634745,-0.655063,0.241347,-0.086071,44.000000,43.854972,41.179581,45.607344,44.371629,0.279105,0.720895,-2.675391,1.752371,0.516657,45.000000,44.867549,45.434659,44.764311,45.004233,0.357907,0.642093,0.567110,-0.103238,0.136684,85.851801,85.196738,86.093147,85.765730,0.365255,0.634745,-0.655063,0.241347,-0.086071
27.900000,87.000000,85.864623,85.967153,85.355096,85.584839,0.375362,0.624638,0.102530,-0.509527,-0.279785,44.000000,43.854972,46.757173,44.554799,45.151527,0.270953,0.729047,2.902201,0.699827,1.296554,45.000000,44.867549,45.015211,44.812005,44.883332,0.351011,0.648989,0.147662,-0.055544,0.015784,85.864623,85.967153,85.355096,85.584839,0.375362,0.624638,0.102530,-0.509527,-0.279785
27.920000,87.000000,85.877897,84.950050,85.901473,85.543980,0.375746,0.624254,-0.927847,0.023576,-0.333917,44.000000,43.854972,43.785568,43.996607,43.938580,0.274961,0.725039,-0.069404,0.141635,0.083607,45.000000,44.867549,44.498217,44.597471,44.562553,0.351802,0.648198,-0.369331,-0.270078,-0.304995,85.877897,84.950050,85.901473,85.543980,0.375746,0.624254,-0.927847,0.023576,-0.333917
27.940000,87.000000,85.891620,86.318236,85.884979,86.046840,0.373592,0.626408,0.426616,-0.006641,0.155220,44.000000,43.854972,43.686955,43.259821,43.384649,0.292247,0.707753,-0.168018,-0.595151,-0.470323,45.000000,44.867549,45.677481,44.647486,44.993578,0.336014,0.663986,0.809932,-0.220063,0.126029,85.891620,86.318236,85.884979,86.046840,0.373592,0.626408,0.426616,-0.006641,0.155220
27.960000,87.000000,85.905791,85.280356,86.152191,85.835777,0.362929,0.637071,-0.625435,0.246400,-0.070014,44.000000,43.854972,40.442876,45.893815,44.338167,0.285424,0.714576,-3.412096,2.038843,0.483195,45.000000,44.867549,44.254430,44.175544,44.201847,0.333433,0.666567,-0.613119,-0.692005,-0.665702,85.905791,85.280356,86.152191,85.835777,0.362929,0.637071,-0.625435,0.246400,-0.070014
27.980000,87.000000,85.920406,85.644271,86.156971,85.971210,0.362319,0.637681,-0.276135,0.236565,0.050804,44.000000,43.854972,46.334340,46.139654,46.196109,0.289984,0.710016,2.479367,2.284681,2.341137,45.000000,44.867549,44.914626,44.601127,44.704497,0.329730,0.670270,0.047077,-0.266422,-0.163052,85.920406,85.644271,86.156971,85.971210,0.362319,0.637681,-0.276135,0.236565,0.050804
28.000000,87.000000,85.935465,86.254742,85.489793,85.768288,0.364070,0.635930,0.319278,-0.445671,-0.167177,44.000000,43.854972,42.204628,46.835937,45.368792,0.316810,0.683190,-1.650344,2.980965,1.513820,45.000000,44.867549,45.070373,44.908670,44.963306,0.337877,0.662123,0.202824,0.041121,0.095757,85.935465,86.254742,85.489793,85.768288,0.364070,0.635930,0.319278,-0.445671,-0.167177
28.020000,87.000000,85.950965,85.903510,85.996347,85.962958,0.359650,0.640350,-0.047455,0.045382,0.011993,44.000000,43.854972,47.247224,43.698096,44.808666,0.312926,0.687074,3.392252,-0.156876,0.953694,45.000000,44.867549,44.958006,45.272268,45.167475,0.333456,0.666544,0.090457,0.404719,0.299927,85.950965,85.903510,85.996347,85.962958,0.359650,0.640350,-0.047455,0.045382,0.011993
28.040000,87.000000,85.966904,86.227250,86.040800,86.107265,0.356478,0.643522,0.260345,0.073896,0.140361,44.000000,43.854972,48.871960,45.464268,46.561606,0.322029,0.677971,5.016988,1.609296,2.706634,45.000000,44.867549,45.292300,44.719929,44.908930,0.330208,0.669792,0.424751,-0.147619,0.041382,85.966904,86.227250,86.040800,86.107265,0.356478,0.643522,0.260345,0.073896,0.140361
28.060000,87.000000,85.983281,85.815467,86.312042,86.135484,0.355551,0.644449,-0.167814,0.328761,0.152203,44.000000,43.854972,41.374101,45.044499,43.878078,0.317805,0.682195,-2.480872,1.189526,0.023106,45.000000,44.867549,45.280344,45.034758,45.115464,0.328626,0.671374,0.412795,0.167210,0.247915,85.983281,85.815467,86.312042,86.135484,0.355551,0.644449,-0.167814,0.328761,0.152203
28.080000,87.000000,86.000093,85.539424,86.139599,85.920149,0.365644,0.634356,-0.460669,0.139506,-0.079944,44.000000,43.854972,45.192147,43.209586,43.847669,0.321852,0.678148,1.337174,-0.645387,-0.007303,45.000000,44.867549,44.718154,44.692516,44.701055,0.333075,0.666925,-0.149395,-0.175033,-0.166494,86.000093,85.539424,86.139599,85.920149,0.365644,0.634356,-0.460669,0.139506,-0.079944
28.100000,87.000000,86.017339,86.292398,86.063737,86.148363,0.370092,0.629908,0.275059,0.046398,0.131023,44.000000,43.854972,38.049912,43.160446,41.707771,0.284280,0.715720,-5.805061,-0.694526,-2.147201,45.000000,44.867549,44.674682,44.722114,44.706141,0.336761,0.663239,-0.192867,-0.145435,-0.161408,86.017339,86.292398,86.063737,86.148363,0.370092,0.629908,0.275059,0.046398,0.131023
28.120000,87.000000,86.035017,86.811720,85.744335,86.153392,0.383234,0.616766,0.776703,-0.290683,0.118375,44.000000,43.854972,43.217016,44.874743,44.383512,0.296331,0.703669,-0.637956,1.019770,0.528540,45.000000,44.867549,44.644218,44.977716,44.863609,0.342154,0.657846,-0.223331,0.110167,-0.003940,86.035017,86.811720,85.744335,86.153392,0.383234,0.616766,0.776703,-0.290683,0.118375
28.140000,87.000000,86.053124,86.457584,86.085249,86.227025,0.380776,0.619224,0.404460,0.032124,0.173901,44.000000,43.854972,49.290945,43.737748,45.313134,0.283724,0.716276,5.435972,-0.117225,1.458162,45.000000,44.867549,44.461133,45.097722,44.879775,0.342367,0.657633,-0.406416,0.230173,0.012227,86.053124,86.457584,86.085249,86.227025,0.380776,0.619224,0.404460,0.032124,0.173901
28.160000,87.000000,86.071659,85.989453,85.852593,85.905206,0.384430,0.615570,-0.082206,-0.219066,-0.166453,44.000000,43.854972,39.510920,43.218717,42.212402,0.271421,0.728579,-4.344052,-0.636255,-1.642570,45.000000,44.867549,44.376901,44.593201,44.520324,0.336926,0.663074,-0.490648,-0.274348,-0.347225,86.071659,85.989453,85.852593,85.905206,0.384430,0.615570,-0.082206,-0.219066,-0.166453
28.180000,87.000000,86.090618,86.851639,85.872988,86.245876,0.381023,0.618977,0.761021,-0.217630,0.155258,44.000000,43.854972,41.429746,43.784122,43.174418,0.258973,0.741027,-2.425226,-0.070850,-0.680555,45.000000,44.867549,44.694900,44.504734,44.569371,0.339897,0.660103,-0.172649,-0.362814,-0.298178,86.090618,86.851639,85.872988,86.245876,0.381023,0.618977,0.761021,-0.217630,0.155258
28.200000,87.000000,86.109998,86.011505,86.207532,86.131995,0.385342,0.614658,-0.098493,0.097534,0.021997,44.000000,43.854972,50.114630,43.136232,44.892818,0.251775,0.748225,6.259658,-0.718741,1.037845,45.000000,44.867549,45.609535,44.923767,45.153632,0.335193,0.664807,0.741986,0.056218,0.286083,86.109998,86.011505,86.207532,86.131995,0.385342,0.614658,-0.098493,0.097534,0.021997
28.220000,87.000000,86.129795,86.516872,86.026087,86.213008,0.380862,0.619138,0.387077,-0.103708,0.083213,44.000000,43.854972,42.841063,43.408145,43.264747,0.252869,0.747131,-1.013910,-0.446828,-0.590225,45.000000,44.867549,44.862426,44.652347,44.722604,0.334433,0.665567,-0.005123,-0.215202,-0.144944,86.129795,86.516872,86.026087,86.213008,0.380862,0.619138,0.387077,-0.103708,0.083213
28.240000,87.000000,86.150006,86.195552,86.238914,86.222321,0.382649,0.617351,0.045546,0.088907,0.072315,44.000000,43.854972,44.791573,43.386060,43.737260,0.249876,0.750124,0.936601,-0.468913,-0.117712,45.000000,44.867549,44.834862,44.863479,44.853914,0.334231,0.665769,-0.032686,-0.004070,-0.013635,86.150006,86.195552,86.238914,86.222321,0.382649,0.617351,0.045546,0.088907,0.072315
28.260000,87.000000,86.170628,86.514975,86.219596,86.333757,0.386491,0.613509,0.344346,0.048968,0.163129,44.000000,43.854972,45.518738,46.116443,45.961372,0.259444,0.740556,1.663765,2.261470,2.106400,45.000000,44.867549,45.709995,44.304186,44.754888,0.320602,0.679398,0.842446,-0.563363,-0.112660,86.170628,86.514975,86.219596,86.333757,0.386491,0.613509,0.344346,0.048968,0.163129
28.280000,87.000000,86.191659,86.343917,85.636886,85.910937,0.387608,0.612392,0.152258,-0.554772,-0.280722,44.000000,43.854972,44.639318,44.572815,44.589931,0.257377,0.742623,0.784346,0.717843,0.734959,45.000000,44.867549,44.924936,44.977690,44.960489,0.326066,0.673934,0.057388,0.110141,0.092940,86.191659,86.343917,85.636886,85.910937,0.387608,0.612392,0.152258,-0.554772,-0.280722
28.300000,87.000000,86.213094,85.541008,86.406378,86.076917,0.380717,0.619283,-0.672086,0.193284,-0.136177,44.000000,43.854972,42.979690,43.352842,43.255868,0.259878,0.740122,-0.875283,-0.502131,-0.599105,45.000000,44.867549,44.949714,45.032552,45.005241,0.329692,0.670308,0.082165,0.165003,0.137692,86.213094,85.541008,86.406378,86.076917,0.380717,0.619283,-0.672086,0.193284,-0.136177
28.320000,87.000000,86.234931,86.164003,86.124936,86.139339,0.368666,0.631334,-0.070928,-0.109995,-0.095592,44.000000,43.854972,42.625416,43.620005,43.365810,0.255580,0.744420,-1.229556,-0.234967,-0.489163,45.000000,44.867549,44.921365,44.767592,44.818439,0.330664,0.669336,0.053816,-0.099957,-0.049110,86.234931,86.164003,86.124936,86.139339,0.368666,0.631334,-0.070928,-0.109995,-0.095592
28.340000,87.000000,86.257167,85.452450,86.236525,85.955278,0.358699,0.641301,-0.804717,-0.020642,-0.301889,44.000000,43.854972,43.234444,42.950905,43.023208,0.255002,0.744998,-0.620528,-0.904067,-0.831764,45.000000,44.867549,45.216988,44.719803,44.881106,0.324433,0.675567,0.349439,-0.147746,0.013557,86.257167,85.452450,86.236525,85.955278,0.358699,0.641301,-0.804717,-0.020642,-0.301889
28.360000,87.000000,86.279799,85.468221,86.216285,85.954738,0.349633,0.650367,-0.811577,-0.063514,-0.325061,44.000000,43.854972,41.813113,44.875908,44.123671,0.245616,0.754384,-2.041859,1.020936,0.268699,45.000000,44.867549,45.397743,44.799288,44.990412,0.319362,0.680638,0.530194,-0.068261,0.122863,86.279799,85.468221,86.216285,85.954738,0.349633,0.650367,-0.811577,-0.063514,-0.325061
28.380000,87.000000,86.302823,87.153384,85.893384,86.351197,0.363345,0.636655,0.850561,-0.409439,0.048373,44.000000,43.854972,43.841551,45.392666,45.014794,0.243616,0.756384,-0.013421,1.537694,1.159822,45.000000,44.867549,44.772206,45.491847,45.256916,0.326457,0.673543,-0.095342,0.624298,0.389367,86.302823,87.153384,85.893384,86.351197,0.363345,0.636655,0.850561,-0.409439,0.048373
28.400000,87.000000,86.326238,86.368522,86.599416,86.516073,0.360958,0.639042,0.042284,0.273178,0.189835,44.000000,43.854972,45.116172,42.954801,43.491486,0.248313,0.751687,1.261200,-0.900171,-0.363487,45.000000,44.867549,44.330081,44.718358,44.591578,0.326520,0.673480,-0.537468,-0.149191,-0.275971,86.326238,86.368522,86.599416,86.516073,0.360958,0.639042,0.042284,0.273178,0.189835
28.420000,87.000000,86.350040,86.191092,86.148427,86.164068,0.366596,0.633404,-0.158948,-0.201613,-0.185972,44.000000,43.854972,43.613406,43.033292,43.178741,0.250726,0.749274,-0.241567,-0.821680,-0.676231,45.000000,44.867549,45.694044,45.135567,45.315900,0.322901,0.677099,0.826496,0.268018,0.448351,86.350040,86.191092,86.148427,86.164068,0.366596,0.633404,-0.158948,-0.201613,-0.185972
28.440000,87.000000,86.374226,87.514710,85.898209,86.506915,0.376559,0.623441,1.140484,-0.476017,0.132689,44.000000,43.854972,42.622035,44.422046,43.980776,0.245152,0.754848,-1.232938,0.567074,0.125804,45.000000,44.867549,44.151972,44.225103,44.201418,0.323868,0.676132,-0.715577,-0.642446,-0.666131,86.374226,87.514710,85.898209,86.506915,0.376559,0.623441,1.140484,-0.476017,0.132689
28.460000,87.000000,86.397784,86.816205,86.495341,86.614357,0.370922,0.629078,0.418422,0.097557,0.216573,44.000000,43.854972,45.264683,46.155812,45.935529,0.247196,0.752804,1.409711,2.300839,2.080556,45.000000,44.867549,44.212790,44.469583,44.384763,0.330305,0.669695,-0.654758,-0.397966,-0.482786,86.397784,86.816205,86.495341,86.614357,0.370922,0.629078,0.418422,0.097557,0.216573
28.480000,87.000000,86.420713,85.828067,86.869526,86.477766,0.376165,0.623835,-0.592646,0.448813,0.057053,44.000000,43.854972,43.183084,44.287505,44.017388,0.244579,0.755421,-0.671888,0.432533,0.162416,45.000000,44.867549,45.104615,44.688924,44.828437,0.335618,0.664382,0.237066,-0.178625,-0.039111,86.420713,85.828067,86.869526,86.477766,0.376165,0.623835,-0.592646,0.448813,0.057053
28.500000,87.000000,86.443015,86.600762,86.136947,86.307433,0.367575,0.632425,0.157746,-0.306068,-0.135582,44.000000,43.854972,45.832097,43.791617,44.288534,0.243534,0.756466,1.977125,-0.063355,0.433561,45.000000,44.867549,44.782618,44.609099,44.667829,0.338463,0.661537,-0.084930,-0.258450,-0.199720,86.443015,86.600762,86.136947,86.307433,0.367575,0.632425,0.157746,-0.306068,-0.135582
28.520000,87.000000,86.464694,86.922864,86.049656,86.362168,0.357890,0.642110,0.458169,-0.415039,-0.102527,44.000000,43.854972,41.760312,45.972959,44.948207,0.243278,0.756722,-2.094660,2.117987,1.093234,45.000000,44.867549,44.878337,44.923948,44.908713,0.334020,0.665980,0.010788,0.056399,0.041164,86.464694,86.922864,86.049656,86.362168,0.357890,0.642110,0.458169,-0.415039,-0.102527
28.540000,87.000000,86.485753,86.653470,86.901794,86.812874,0.358079,0.641921,0.167717,0.416041,0.327121,44.000000,43.854972,43.024092,45.249202,44.733046,0.231975,0.768025,-0.830880,1.394230,0.878073,45.000000,44.867549,45.356813,44.634800,44.877362,0.335954,0.664046,0.489265,-0.232749,0.009814,86.485753,86.653470,86.901794,86.812874,0.358079,0.641921,0.167717,0.416041,0.327121
28.560000,87.000000,86.506193,86.096075,86.960742,86.644318,0.365949,0.634051,-0.410118,0.454549,0.138125,44.000000,43.854972,45.966796,44.953019,45.189820,0.233584,0.766416,2.111824,1.098047,1.334848,45.000000,44.867549,44.247527,44.406714,44.352647,0.339646,0.660354,-0.620022,-0.460835,-0.514902,86.506193,86.096075,86.960742,86.644318,0.365949,0.634051,-0.410118,0.454549,0.138125
28.580000,87.000000,86.526018,86.381115,86.722245,86.597303,0.366259,0.633741,-0.144903,0.196227,0.071286,44.000000,43.854972,45.502398,48.324661,47.636358,0.243893,0.756107,1.647426,4.469689,3.781386,45.000000,44.867549,44.280979,44.882289,44.670413,0.352358,0.647642,-0.586570,0.014741,-0.197136,86.526018,86.381115,86.722245,86.597303,0.366259,0.633741,-0.144903,0.196227,0.071286
28.600000,87.000000,86.545230,87.097922,86.356194,86.619370,0.354815,0.645185,0.552693,-0.189035,0.074140,44.000000,43.854972,40.047862,46.252777,44.838191,0.228025,0.771975,-3.807110,2.397805,0.983218,45.000000,44.867549,44.389414,44.983126,44.769734,0.359421,0.640579,-0.478135,0.115577,-0.097815,86.545230,87.097922,86.356194,86.619370,0.354815,0.645185,0.552693,-0.189035,0.074140
28.620000,87.000000,86.563831,86.633083,86.083262,86.276901,0.352186,0.647814,0.069252,-0.480569,-0.286930,44.000000,43.854972,38.809291,46.842432,45.133305,0.212838,0.787162,-5.045681,2.987460,1.278333,45.000000,44.867549,44.202490,45.150489,44.804228,0.365255,0.634745,-0.665059,0.282940,-0.063321,86.563831,86.633083,86.083262,86.276901,0.352186,0.647814,0.069252,-0.480569,-0.286930
28.640000,87.000000,86.581825,86.379446,86.639192,86.547288,0.353824,0.646176,-0.202380,0.057367,-0.034538,44.000000,43.854972,37.644797,44.073107,42.805050,0.197312,0.802688,-6.210175,0.218134,-1.049922,45.000000,44.867549,45.200488,44.945878,45.039984,0.369606,0.630394,0.332939,0.078330,0.172435,86.581825,86.379446,86.639192,86.547288,0.353824,0.646176,-0.202380,0.057367,-0.034538
28.660000,87.000000,86.599214,86.537826,86.560589,86.552586,0.351576,0.648424,-0.061388,-0.038626,-0.046628,44.000000,43.854972,44.330314,47.719652,47.049943,0.197607,0.802393,0.475342,3.864680,3.194971,45.000000,44.867549,45.450229,45.146807,45.256885,0.362789,0.637211,0.582680,0.279258,0.389336,86.599214,86.537826,86.560589,86.552586,0.351576,0.648424,-0.061388,-0.038626,-0.046628
28.680000,87.000000,86.616001,87.251439,86.951350,87.056383,0.350006,0.649994,0.635438,0.335349,0.440382,44.000000,43.854972,41.083970,43.168631,42.754713,0.198559,0.801441,-2.771002,-0.686341,-1.100259,45.000000,44.867549,45.589029,44.594617,44.945684,0.353041,0.646959,0.721480,-0.272932,0.078135,86.616001,87.251439,86.951350,87.056383,0.350006,0.649994,0.635438,0.335349,0.440382
28.700000,87.000000,86.632188,85.709140,86.178241,86.008526,0.361788,0.638212,-0.923047,-0.453947,-0.623662,44.000000,43.854972,54.378371,40.815190,43.528040,0.200240,0.799760,10.523399,-3.039782,-0.326932,45.000000,44.867549,45.286264,44.490737,44.764867,0.344590,0.655410,0.418716,-0.376812,-0.102682,86.632188,85.709140,86.178241,86.008526,0.361788,0.638212,-0.923047,-0.453947,-0.623662
28.720000,87.000000,86.647777,85.990509,86.820890,86.506992,0.378018,0.621982,-0.657268,0.173113,-0.140785,44.000000,43.854972,41.100943,44.224242,43.632095,0.189602,0.810398,-2.754030,0.369270,-0.222877,45.000000,44.867549,44.937857,45.088982,45.036013,0.350498,0.649502,0.070309,0.221433,0.168464,86.647777,85.990509,86.820890,86.506992,0.378018,0.621982,-0.657268,0.173113,-0.140785
28.740000,87.000000,86.662771,86.406062,87.024585,86.788564,0.381588,0.618412,-0.256710,0.361813,0.125793,44.000000,43.854972,44.263406,42.777613,43.060814,0.190609,0.809391,0.408434,-1.077359,-0.794158,45.000000,44.867549,44.351301,44.847249,44.672548,0.352257,0.647743,-0.516248,-0.020300,-0.195001,86.662771,86.406062,87.024585,86.788564,0.381588,0.618412,-0.256710,0.361813,0.125793
28.760000,87.000000,86.677173,87.423535,86.456812,86.816000,0.371553,0.628447,0.746362,-0.220361,0.138827,44.000000,43.854972,43.978070,43.164923,43.319606,0.190228,0.809772,0.123097,-0.690050,-0.535367,45.000000,44.867549,44.559835,44.553108,44.555469,0.350895,0.649105,-0.307714,-0.314440,-0.312080,86.677173,87.423535,86.456812,86.816000,0.371553,0.628447,0.746362,-0.220361,0.138827
28.780000,87.000000,86.690985,86.819405,86.685565,86.734836,0.368132,0.631868,0.128419,-0.005421,0.043850,44.000000,43.854972,41.883008,43.047456,42.827209,0.189145,0.810855,-1.971965,-0.807516,-1.027764,45.000000,44.867549,44.957499,44.378992,44.578677,0.345172,0.654828,0.089950,-0.488556,-0.288872,86.690985,86.819405,86.685565,86.734836,0.368132,0.631868,0.128419,-0.005421,0.043850
28.800000,87.000000,86.704210,86.910452,87.047581,86.997757,0.363335,0.636665,0.206241,0.343371,0.293547,44.000000,43.854972,46.199329,44.437024,44.769889,0.188885,0.811115,2.344357,0.582051,0.914917,45.000000,44.867549,44.808862,44.708515,44.742718,0.340847,0.659153,-0.058687,-0.159034,-0.124831,86.704210,86.910452,87.047581,86.997757,0.363335,0.636665,0.206241,0.343371,0.293547
28.820000,87.000000,86.716850,86.270968,86.329021,86.307895,0.363907,0.636093,-0.445883,-0.387829,-0.408955,44.000000,43.854972,42.630650,45.152574,44.665971,0.192957,0.807043,-1.224322,1.297602,0.810998,45.000000,44.867549,43.893506,44.897533,44.548336,0.347797,0.652203,-0.974043,0.029984,-0.319213,86.716850,86.270968,86.329021,86.307895,0.363907,0.636093,-0.445883,-0.387829,-0.408955
28.840000,87.000000,86.728908,85.673359,86.921027,86.461134,0.368603,0.631397,-1.055549,0.192119,-0.267774,44.000000,43.854972,41.910815,44.827999,44.277903,0.188581,0.811419,-1.944158,0.973027,0.422930,45.000000,44.867549,44.911171,44.198652,44.440224,0.339041,0.660959,0.043623,-0.668897,-0.427324,86.728908,85.673359,86.921027,86.461134,0.368603,0.631397,-1.055549,0.192119,-0.267774
28.860000,87.000000,86.740385,86.595276,87.223715,86.989221,0.373137,0.626863,-0.145110,0.483330,0.248836,44.000000,43.854972,50.769236,42.739785,44.227548,0.185366,0.814634,6.914264,-1.115188,0.372576,45.000000,44.867549,44.584318,44.845344,44.757009,0.338412,0.661588,-0.283231,-0.022205,-0.110539,86.740385,86.595276,87.223715,86.989221,0.373137,0.626863,-0.145110,0.483330,0.248836
28.880000,87.000000,86.751286,86.185165,86.930743,86.651525,0.374499,0.625501,-0.566120,0.179458,-0.099760,44.000000,43.854972,38.800299,42.927298,42.170860,0.183311,0.816689,-5.054674,-0.927674,-1.684112,45.000000,44.867549,45.434676,44.614144,44.890608,0.336934,0.663066,0.567127,-0.253404,0.023060,86.751286,86.185165,86.930743,86.651525,0.374499,0.625501,-0.566120,0.179458,-0.099760
28.900000,87.000000,86.761611,87.064659,86.768631,86.878419,0.370869,0.629131,0.303048,0.007020,0.116808,44.000000,43.854972,38.201297,43.233379,42.357186,0.174151,0.825849,-5.653675,-0.621594,-1.497786,45.000000,44.867549,45.533794,44.517087,44.852946,0.330341,0.669659,0.666245,-0.350462,-0.014603,86.761611,87.064659,86.768631,86.878419,0.370869,0.629131,0.303048,0.007020,0.116808
28.920000,87.000000,86.771363,85.772432,87.006956,86.551732,0.368746,0.631254,-0.998931,0.235593,-0.219631,44.000000,43.854972,42.865465,42.691026,42.721672,0.175686,0.824314,-0.989507,-1.163947,-1.133300,45.000000,44.867549,44.972355,45.034194,45.013758,0.330475,0.669525,0.104806,0.166646,0.146209,86.771363,85.772432,87.006956,86.551732,0.368746,0.631254,-0.998931,0.235593,-0.219631
28.940000,87.000000,86.780546,86.148894,86.624184,86.452732,0.360732,0.639268,-0.631651,-0.156362,-0.327814,44.000000,43.854972,43.196726,44.710748,44.449128,0.172801,0.827199,-0.658247,0.855776,0.594156,45.000000,44.867549,45.679603,44.784882,45.081368,0.331373,0.668627,0.812055,-0.082667,0.213819,86.780546,86.148894,86.624184,86.452732,0.360732,0.639268,-0.631651,-0.156362,-0.327814
28.960000,87.000000,86.789160,86.829700,86.909358,86.880010,0.368426,0.631574,0.040540,0.120197,0.090849,44.000000,43.854972,48.671661,44.138696,44.942868,0.177430,0.822570,4.816689,0.283723,1.087896,45.000000,44.867549,44.686798,44.782466,44.750715,0.331894,0.668106,-0.180751,-0.085082,-0.116834,86.789160,86.829700,86.909358,86.880010,0.368426,0.631574,0.040540,0.120197,0.090849
28.980000,87.000000,86.797210,87.830619,87.188897,87.429267,0.374570,0.625430,1.033409,0.391688,0.632057,44.000000,43.854972,39.890915,43.445961,42.836909,0.171335,0.828665,-3.964058,-0.409012,-1.018064,45.000000,44.867549,45.095695,44.713692,44.840190,0.331144,0.668856,0.228146,-0.153857,-0.027359,86.797210,87.830619,87.188897,87.429267,0.374570,0.625430,1.033409,0.391688,0.632057
29.000000,87.000000,86.804696,86.509098,86.944850,86.785645,0.365357,0.634643,-0.295599,0.140154,-0.019051,44.000000,43.854972,40.310926,43.512420,42.975697,0.167660,0.832340,-3.544047,-0.342552,-0.879276,45.000000,44.867549,45.190450,44.816373,44.939665,0.329590,0.670410,0.322901,-0.051176,0.072116,86.804696,86.509098,86.944850,86.785645,0.365357,0.634643,-0.295599,0.140154,-0.019051
29.020000,87.000000,86.811622,86.458660,86.452286,86.454626,0.367084,0.632916,-0.352962,-0.359336,-0.356996,44.000000,43.854972,42.714927,42.044093,42.157675,0.169316,0.830684,-1.140046,-1.810879,-1.697297,45.000000,44.867549,44.817093,45.179109,45.059665,0.329942,0.670058,-0.050455,0.311560,0.192116,86.811622,86.458660,86.452286,86.454626,0.367084,0.632916,-0.352962,-0.359336,-0.356996
29.040000,87.000000,86.817990,87.286541,87.500724,87.422832,0.363671,0.636329,0.468550,0.682734,0.604842,44.000000,43.854972,43.937768,43.809609,43.831333,0.169511,0.830489,0.082795,-0.045364,-0.023639,45.000000,44.867549,43.264644,45.609541,44.787657,0.350504,0.649496,-1.602904,0.741992,-0.079892,86.817990,87.286541,87.500724,87.422832,0.363671,0.636329,0.468550,0.682734,0.604842
29.060000,87.000000,86.823803,87.194726,87.382209,87.313590,0.366001,0.633999,0.370924,0.558406,0.489787,44.000000,43.854972,40.270595,44.489599,43.777487,0.168808,0.831192,-3.584378,0.634627,-0.077485,45.000000,44.867549,44.048176,44.585795,44.394298,0.356195,0.643805,-0.819373,-0.281754,-0.473251,86.823803,87.194726,87.382209,87.313590,0.366001,0.633999,0.370924,0.558406,0.489787
29.080000,87.000000,86.829062,86.779128,86.501121,86.605554,0.375648,0.624352,-0.049934,-0.327941,-0.223508,44.000000,43.854972,44.453747,43.434847,43.604953,0.166951,0.833049,0.598774,-0.420125,-0.250020,45.000000,44.867549,43.815400,44.716684,44.389770,0.362721,0.637279,-1.052149,-0.150865,-0.477779,86.829062,86.779128,86.501121,86.605554,0.375648,0.624352,-0.049934,-0.327941,-0.223508
29.100000,87.000000,86.833770,87.104623,87.202395,87.165982,0.372424,0.627576,0.270853,0.368625,0.332212,44.000000,43.854972,42.943504,42.179102,42.316146,0.179283,0.820717,-0.911469,-1.675870,-1.538826,45.000000,44.867549,44.577567,44.982240,44.834113,0.366041,0.633959,-0.289982,0.114691,-0.033436,86.833770,87.104623,87.202395,87.165982,0.372424,0.627576,0.270853,0.368625,0.332212
29.120000,87.000000,86.837930,86.730174,86.906998,86.842974,0.362079,0.637921,-0.107756,0.069068,0.005044,44.000000,43.854972,46.198165,48.141161,47.767515,0.192309,0.807691,2.343193,4.286188,3.912542,45.000000,44.867549,44.651020,44.630603,44.638016,0.363101,0.636899,-0.216529,-0.236946,-0.229533,86.837930,86.730174,86.906998,86.842974,0.362079,0.637921,-0.107756,0.069068,0.005044
29.140000,87.000000,86.841544,87.277156,87.081171,87.151798,0.360372,0.639628,0.435612,0.239627,0.310255,44.000000,43.854972,47.071653,44.530505,45.017976,0.191839,0.808161,3.216681,0.675533,1.163004,45.000000,44.867549,44.418877,44.916148,44.736143,0.361985,0.638015,-0.448672,0.048599,-0.131406,86.841544,87.277156,87.081171,87.151798,0.360372,0.639628,0.435612,0.239627,0.310255
29.160000,87.000000,86.844614,86.198458,87.019461,86.730682,0.351740,0.648260,-0.646156,0.174847,-0.113932,44.000000,43.854972,44.343671,44.336663,44.338051,0.197989,0.802011,0.488699,0.481691,0.483079,45.000000,44.867549,44.813845,45.069588,44.976725,0.363112,0.636888,-0.053704,0.202039,0.109176,86.844614,86.198458,87.019461,86.730682,0.351740,0.648260,-0.646156,0.174847,-0.113932
29.180000,87.000000,86.847143,86.240267,87.215775,86.887452,0.336566,0.663434,-0.606876,0.368632,0.040310,44.000000,43.854972,45.561473,44.945466,45.069768,0.201787,0.798213,1.706501,1.090494,1.214795,45.000000,44.867549,44.624409,44.266497,44.396292,0.362646,0.637354,-0.243140,-0.601052,-0.471257,86.847143,86.240267,87.215775,86.887452,0.336566,0.663434,-0.606876,0.368632,0.040310
29.200000,87.000000,86.849133,86.734952,86.822320,86.792812,0.337749,0.662251,-0.114180,-0.026813,-0.056321,44.000000,43.854972,42.821203,41.799590,42.010426,0.206377,0.793623,-1.033770,-2.055382,-1.844547,45.000000,44.867549,45.309060,45.490643,45.423237,0.371216,0.628784,0.441511,0.623094,0.555688,86.849133,86.734952,86.822320,86.792812,0.337749,0.662251,-0.114180,-0.026813,-0.056321
29.220000,87.000000,86.850586,87.387777,86.779184,86.985353,0.338762,0.661238,0.537191,-0.071402,0.134767,44.000000,43.854972,41.856195,43.253649,42.968745,0.203876,0.796124,-1.998778,-0.601323,-0.886227,45.000000,44.867549,43.985333,44.631342,44.386972,0.378277,0.621723,-0.882216,-0.236207,-0.480577,86.850586,87.387777,86.779184,86.985353,0.338762,0.661238,0.537191,-0.071402,0.134767
29.240000,87.000000,86.850586,85.641033,87.074759,86.606502,0.326603,0.673397,-1.209553,0.224173,-0.244084,44.000000,43.854972,43.512425,42.965200,43.075744,0.202008,0.797992,-0.342547,-0.889772,-0.779229,45.000000,44.867549,44.404602,45.291313,44.962346,0.370997,0.629003,-0.462946,0.423764,0.094798,86.850586,85.641033,87.074759,86.606502,0.326603,0.673397,-1.209553,0.224173,-0.244084
29.260000,87.000000,86.850586,86.625863,86.310470,86.414180,0.328826,0.671174,-0.224723,-0.540116,-0.436406,44.000000,43.854972,43.166764,44.379172,44.135314,0.201137,0.798863,-0.688208,0.524199,0.280341,45.000000,44.867549,45.332609,44.750349,44.961778,0.363119,0.636881,0.465060,-0.117200,0.094229,86.850586,86.625863,86.310470,86.414180,0.328826,0.671174,-0.224723,-0.540116,-0.436406
29.280000,87.000000,86.850586,87.476658,86.438489,86.781947,0.330832,0.669168,0.626072,-0.412097,-0.068639,44.000000,43.854972,45.800747,42.604823,43.259396,0.204827,0.795173,1.945775,-1.250149,-0.595577,45.000000,44.867549,44.889218,44.887086,44.887861,0.363339,0.636661,0.021670,0.019537,0.020312,86.850586,87.476658,86.438489,86.781947,0.330832,0.669168,0.626072,-0.412097,-0.068639
29.300000,87.000000,86.850586,86.741045,86.638074,86.672997,0.339156,0.660844,-0.109541,-0.212512,-0.177589,44.000000,43.854972,46.911255,43.130942,43.909053,0.205850,0.794150,3.056282,-0.724030,0.054081,45.000000,44.867549,44.252709,44.750708,44.571738,0.359378,0.640622,-0.614840,-0.116841,-0.295811,86.850586,86.741045,86.638074,86.672997,0.339156,0.660844,-0.109541,-0.212512,-0.177589
29.320000,87.000000,86.850586,87.143603,87.117392,87.126274,0.338881,0.661119,0.293017,0.266806,0.275688,44.000000,43.854972,42.998649,42.033365,42.234324,0.208188,0.791812,-0.856323,-1.821607,-1.620648,45.000000,44.867549,45.624750,44.204045,44.729554,0.369895,0.630105,0.757201,-0.663503,-0.137995,86.850586,87.143603,87.117392,87.126274,0.338881,0.661119,0.293017,0.266806,0.275688
29.340000,87.000000,86.850586,85.862000,86.677787,86.401213,0.339028,0.660972,-0.988586,-0.172799,-0.449373,44.000000,43.854972,43.911050,41.273763,41.828272,0.210266,0.789734,0.056078,-2.581209,-2.026701,45.000000,44.867549,43.579475,45.044173,44.528963,0.351753,0.648247,-1.288074,0.176624,-0.338586,86.850586,85.862000,86.677787,86.401213,0.339028,0.660972,-0.988586,-0.172799,-0.449373
29.360000,87.000000,86.850586,86.915394,86.534085,86.667505,0.349900,0.650100,0.064808,-0.316501,-0.183081,44.000000,43.854972,42.240987,43.164899,42.968336,0.212752,0.787248,-1.613986,-0.690073,-0.886637,45.000000,44.867549,44.124011,45.244236,44.864497,0.338986,0.661014,-0.743538,0.376687,-0.003052,86.850586,86.915394,86.534085,86.667505,0.349900,0.650100,0.064808,-0.316501,-0.183081
29.380000,87.000000,86.850586,87.164407,86.772450,86.906813,0.342799,0.657201,0.313821,-0.078136,0.056227,44.000000,43.854972,44.947386,44.786567,44.821519,0.217339,0.782661,1.092413,0.931595,0.966547,45.000000,44.867549,44.632479,45.017872,44.886920,0.339789,0.660211,-0.235070,0.150323,0.019371,86.850586,87.164407,86.772450,86.906813,0.342799,0.657201,0.313821,-0.078136,0.056227
29.400000,87.000000,86.850586,87.072237,86.819637,86.907156,0.346473,0.653527,0.221651,-0.030949,0.056570,44.000000,43.854972,43.119710,44.214739,43.983091,0.211546,0.788454,-0.735263,0.359767,0.128119,45.000000,44.867549,44.536026,44.763272,44.685657,0.341542,0.658458,-0.331523,-0.104277,-0.181891,86.850586,87.072237,86.819637,86.907156,0.346473,0.653527,0.221651,-0.030949,0.056570
29.420000,87.000000,86.850586,87.627558,86.344534,86.801558,0.356210,0.643790,0.776972,-0.506052,-0.049028,44.000000,43.854972,42.513128,43.500764,43.297542,0.205767,0.794233,-1.341844,-0.354209,-0.557431,45.000000,44.867549,44.585123,44.588025,44.587044,0.338039,0.661961,-0.282426,-0.279524,-0.280505,86.850586,87.627558,86.344534,86.801558,0.356210,0.643790,0.776972,-0.506052,-0.049028
29.440000,87.000000,86.850586,87.317531,86.863080,87.020812,0.347083,0.652917,0.466945,0.012494,0.170226,44.000000,43.854972,45.163913,44.293808,44.476333,0.209774,0.790226,1.308941,0.438836,0.621361,45.000000,44.867549,44.449095,44.759518,44.655090,0.336404,0.663596,-0.418454,-0.108031,-0.212458,86.850586,87.317531,86.863080,87.020812,0.347083,0.652917,0.466945,0.012494,0.170226
29.460000,87.000000,86.850586,86.567061,87.196706,86.982610,0.340026,0.659974,-0.283525,0.346120,0.132024,44.000000,43.854972,41.826605,42.172254,42.099703,0.209897,0.790103,-2.028367,-1.682719,-1.755269,45.000000,44.867549,43.726937,44.578343,44.295674,0.332004,0.667996,-1.140611,-0.289205,-0.571875,86.850586,86.567061,87.196706,86.982610,0.340026,0.659974,-0.283525,0.346120,0.132024
29.480000,87.000000,86.850586,87.400065,86.860026,87.050327,0.352384,0.647616,0.549479,0.009440,0.199741,44.000000,43.854972,47.403596,46.712164,46.864925,0.220934,0.779066,3.548624,2.857192,3.009952,45.000000,44.867549,44.751045,44.866253,44.828454,0.328098,0.671902,-0.116504,-0.001296,-0.039095,86.850586,87.400065,86.860026,87.050327,0.352384,0.647616,0.549479,0.009440,0.199741
29.500000,87.000000,86.850586,87.671784,86.347484,86.822786,0.358910,0.641090,0.821198,-0.503102,-0.027800,44.000000,43.854972,40.536633,44.442373,43.610146,0.213097,0.786903,-3.318339,0.587401,-0.244827,45.000000,44.867549,44.652835,44.667408,44.662646,0.326756,0.673244,-0.214714,-0.200140,-0.204902,86.850586,87.671784,86.347484,86.822786,0.358910,0.641090,0.821198,-0.503102,-0.027800
29.520000,87.000000,86.850586,86.674334,86.568188,86.605523,0.351728,0.648272,-0.176252,-0.282398,-0.245063,44.000000,43.854972,46.788847,43.491948,44.215748,0.219553,0.780447,2.933875,-0.363025,0.360776,45.000000,44.867549,44.735125,44.519150,44.590141,0.328699,0.671301,-0.132424,-0.348399,-0.277408,86.850586,86.674334,86.568188,86.605523,0.351728,0.648272,-0.176252,-0.282398,-0.245063
29.540000,87.000000,86.850586,88.046485,86.517051,87.075955,0.365433,0.634567,1.195899,-0.333535,0.225369,44.000000,43.854972,43.915046,43.643602,43.704005,0.222525,0.777475,0.060073,-0.211370,-0.150967,45.000000,44.867549,45.318383,44.544956,44.799079,0.328567,0.671433,0.450834,-0.322592,-0.068470,86.850586,88.046485,86.517051,87.075955,0.365433,0.634567,1.195899,-0.333535,0.225369
29.560000,87.000000,86.850586,86.511607,86.647308,86.596926,0.371273,0.628727,-0.338979,-0.203278,-0.253660,44.000000,43.854972,44.747359,42.721283,43.180019,0.226421,0.773579,0.892387,-1.133689,-0.674953,45.000000,44.867549,45.198816,44.675920,44.849968,0.332855,0.667145,0.331267,-0.191629,-0.017581,86.850586,86.511607,86.647308,86.596926,0.371273,0.628727,-0.338979,-0.203278,-0.253660
29.580000,87.000000,86.850586,86.906893,86.663611,86.755222,0.376564,0.623436,0.056307,-0.186975,-0.095364,44.000000,43.854972,44.332863,43.074478,43.351092,0.219819,0.780181,0.477891,-0.780494,-0.503880,45.000000,44.867549,44.504972,43.861914,44.083675,0.344855,0.655145,-0.362576,-1.005635,-0.783873,86.850586,86.906893,86.663611,86.755222,0.376564,0.623436,0.056307,-0.186975,-0.095364
29.600000,87.000000,86.850586,87.821508,86.809531,87.189632,0.375603,0.624397,0.970922,-0.041055,0.339046,44.000000,43.854972,43.341038,45.491878,45.004076,0.226802,0.773198,-0.513935,1.636905,1.149103,45.000000,44.867549,45.065062,44.682936,44.817625,0.352474,0.647526,0.197513,-0.184613,-0.049923,86.850586,87.821508,86.809531,87.189632,0.375603,0.624397,0.970922,-0.041055,0.339046
29.620000,87.000000,86.850586,85.104398,86.655121,86.109833,0.351637,0.648363,-1.746188,-0.195465,-0.740753,44.000000,43.854972,43.181007,42.732726,42.838876,0.236794,0.763206,-0.673965,-1.122246,-1.016096,45.000000,44.867549,45.990569,44.894591,45.296769,0.366959,0.633041,1.123020,0.027043,0.429220,86.850586,85.104398,86.655121,86.109833,0.351637,0.648363,-1.746188,-0.195465,-0.740753
29.640000,87.000000,86.850586,85.934583,87.020730,86.647824,0.343330,0.656670,-0.916004,0.170144,-0.202762,44.000000,43.854972,42.610300,43.850396,43.553982,0.239027,0.760973,-1.244672,-0.004576,-0.300990,45.000000,44.867549,44.956086,44.480292,44.655878,0.369039,0.630961,0.088537,-0.387256,-0.211670,86.850586,85.934583,87.020730,86.647824,0.343330,0.656670,-0.916004,0.170144,-0.202762
29.660000,87.000000,86.850586,86.677455,86.944012,86.853075,0.341156,0.658844,-0.173131,0.093426,0.002489,44.000000,43.854972,43.762523,45.127118,44.828521,0.218819,0.781181,-0.092449,1.272145,0.973549,45.000000,44.867549,44.735874,45.102557,44.969093,0.363978,0.636022,-0.131675,0.235009,0.101544,86.850586,86.677455,86.944012,86.853075,0.341156,0.658844,-0.173131,0.093426,0.002489
29.680000,87.000000,86.850586,87.972933,87.063186,87.377587,0.345593,0.654407,1.122347,0.212600,0.527001,44.000000,43.854972,39.532622,44.429784,43.348308,0.220867,0.779133,-4.322350,0.574812,-0.506665,45.000000,44.867549,45.228372,44.714930,44.900048,0.360543,0.639457,0.360824,-0.152619,0.032499,86.850586,87.972933,87.063186,87.377587,0.345593,0.654407,1.122347,0.212600,0.527001
29.700000,87.000000,86.850586,87.232901,86.634591,86.846191,0.353663,0.646337,0.382315,-0.215995,-0.004395,44.000000,43.854972,44.104487,43.946358,43.985151,0.245329,0.754671,0.249514,0.091386,0.130179,45.000000,44.867549,44.680421,44.931544,44.843068,0.352322,0.647678,-0.187128,0.063996,-0.024481,86.850586,87.232901,86.634591,86.846191,0.353663,0.646337,0.382315,-0.215995,-0.004395
29.720000,87.000000,86.850586,86.626681,86.421950,86.496245,0.362891,0.637109,-0.223905,-0.428636,-0.354341,44.000000,43.854972,44.304654,44.801061,44.675320,0.253302,0.746698,0.449682,0.946089,0.820348,45.000000,44.867549,45.470630,44.648766,44.944272,0.359557,0.640443,0.603081,-0.218783,0.076724,86.850586,86.626681,86.421950,86.496245,0.362891,0.637109,-0.223905,-0.428636,-0.354341
29.740000,87.000000,86.850586,86.867319,86.809513,86.830451,0.362215,0.637785,0.016733,-0.041073,-0.020135,44.000000,43.854972,44.484786,41.345685,42.175536,0.264371,0.735629,0.629814,-2.509288,-1.679436,45.000000,44.867549,44.105315,45.530201,45.027306,0.352939,0.647061,-0.762233,0.662652,0.159757,86.850586,86.867319,86.809513,86.830451,0.362215,0.637785,0.016733,-0.041073,-0.020135
29.760000,87.000000,86.850586,87.205433,86.230742,86.584778,0.363230,0.636770,0.354847,-0.619844,-0.265808,44.000000,43.854972,47.573040,42.417536,43.812443,0.270597,0.729403,3.718067,-1.437436,-0.042530,45.000000,44.867549,44.548755,44.500720,44.517691,0.353307,0.646693,-0.318793,-0.366829,-0.349858,86.850586,87.205433,86.230742,86.584778,0.363230,0.636770,0.354847,-0.619844,-0.265808
29.780000,87.000000,86.850586,87.244606,87.410225,87.349384,0.367355,0.632645,0.394020,0.559639,0.498798,44.000000,43.854972,46.004816,44.561114,44.945000,0.265906,0.734094,2.149844,0.706142,1.090027,45.000000,44.867549,44.085164,44.893261,44.617322,0.341468,0.658532,-0.782385,0.025712,-0.250226,86.850586,87.244606,87.410225,87.349384,0.367355,0.632645,0.394020,0.559639,0.498798
29.800000,87.000000,86.850586,87.332860,86.955223,87.092378,0.363192,0.636808,0.482274,0.104637,0.241792,44.000000,43.854972,39.807585,43.044778,42.202821,0.260101,0.739899,-4.047387,-0.810195,-1.652152,45.000000,44.867549,44.139306,44.935450,44.669180,0.334450,0.665550,-0.728243,0.067901,-0.198369,86.850586,87.332860,86.955223,87.092378,0.363192,0.636808,0.482274,0.104637,0.241792
29.820000,87.000000,86.850586,86.360729,86.383799,86.375468,0.361135,0.638865,-0.489857,-0.466787,-0.475118,44.000000,43.854972,44.836310,42.792223,43.324254,0.260283,0.739717,0.981338,-1.062749,-0.530718,45.000000,44.867549,45.680512,44.910308,45.177872,0.347394,0.652606,0.812963,0.042759,0.310323,86.850586,86.360729,86.383799,86.375468,0.361135,0.638865,-0.489857,-0.466787,-0.475118
29.840000,87.000000,86.850586,86.693936,87.125826,86.971998,0.356174,0.643826,-0.156650,0.275240,0.121412,44.000000,43.854972,39.575480,45.237937,43.789620,0.255813,0.744187,-4.279493,1.382964,-0.065353,45.000000,44.867549,44.937475,44.965481,44.955940,0.340672,0.659328,0.069926,0.097933,0.088392,86.850586,86.693936,87.125826,86.971998,0.356174,0.643826,-0.156650,0.275240,0.121412
29.860000,87.000000,86.850586,86.447926,86.680642,86.598681,0.352196,0.647804,-0.402660,-0.169944,-0.251905,44.000000,43.854972,42.678979,41.913079,42.117834,0.267340,0.732660,-1.175994,-1.941894,-1.737139,45.000000,44.867549,44.912408,44.595240,44.704713,0.345157,0.654843,0.044859,-0.272309,-0.162836,86.850586,86.447926,86.680642,86.598681,0.352196,0.647804,-0.402660,-0.169944,-0.251905
29.880000,87.000000,86.850586,85.625806,86.997140,86.509816,0.355367,0.644633,-1.224780,0.146554,-0.340770,44.000000,43.854972,44.468108,42.892749,43.350475,0.290556,0.709444,0.613136,-0.962223,-0.504498,45.000000,44.867549,43.848335,45.236611,44.779886,0.328989,0.671011,-1.019214,0.369062,-0.087662,86.850586,85.625806,86.997140,86.509816,0.355367,0.644633,-1.224780,0.146554,-0.340770
29.900000,87.000000,86.850586,86.432332,87.433895,87.067003,0.366320,0.633680,-0.418254,0.583309,0.216417,44.000000,43.854972,39.035585,43.434982,42.129716,0.296713,0.703287,-4.819387,-0.419991,-1.725256,45.000000,44.867549,44.605100,44.605326,44.605253,0.322756,0.677244,-0.262448,-0.262223,-0.262295,86.850586,86.432332,87.433895,87.067003,0.366320,0.633680,-0.418254,0.583309,0.216417
29.920000,87.000000,86.850586,87.001737,86.358386,86.586193,0.354095,0.645905,0.151151,-0.492200,-0.264393,44.000000,43.854972,45.470782,42.565280,43.427427,0.296738,0.703262,1.615810,-1.289693,-0.427546,45.000000,44.867549,45.025391,44.849693,44.906690,0.324403,0.675597,0.157842,-0.017855,0.039142,86.850586,87.001737,86.358386,86.586193,0.354095,0.645905,0.151151,-0.492200,-0.264393
29.940000,87.000000,86.850586,87.160675,87.103207,87.123362,0.350713,0.649287,0.310089,0.252621,0.272776,44.000000,43.854972,43.319817,43.748174,43.622594,0.293168,0.706832,-0.535155,-0.106798,-0.232378,45.000000,44.867549,44.838042,44.880939,44.867219,0.319839,0.680161,-0.029506,0.013391,-0.000330,86.850586,87.160675,87.103207,87.123362,0.350713,0.649287,0.310089,0.252621,0.272776
29.960000,87.000000,86.850586,86.874398,86.501723,86.631157,0.347311,0.652689,0.023812,-0.348863,-0.219429,44.000000,43.854972,41.467311,44.693720,43.740261,0.295528,0.704472,-2.387661,0.838747,-0.114711,45.000000,44.867549,45.177494,45.102948,45.126890,0.321163,0.678837,0.309945,0.235400,0.259341,86.850586,86.874398,86.501723,86.631157,0.347311,0.652689,0.023812,-0.348863,-0.219429
29.980000,87.000000,86.850586,87.202538,86.698188,86.874361,0.349307,0.650693,0.351952,-0.152398,0.023775,44.000000,43.854972,42.418101,43.735513,43.326287,0.310630,0.689370,-1.436871,-0.119459,-0.528685,45.000000,44.867549,45.043136,45.226639,45.168215,0.318380,0.681620,0.175587,0.359090,0.300666,86.850586,87.202538,86.698188,86.874361,0.349307,0.650693,0.351952,-0.152398,0.023775
30.000000,87.000000,86.850586,87.413679,87.128431,87.226516,0.343860,0.656140,0.563093,0.277845,0.375930,44.000000,43.854972,41.359010,41.805349,41.657519,0.331205,0.668795,-2.495963,-2.049623,-2.197453,45.000000,44.867549,45.504530,44.456820,44.795912,0.323652,0.676348,0.636981,-0.410729,-0.071637,86.850586,87.413679,87.128431,87.226516,0.343860,0.656140,0.563093,0.277845,0.375930
30.020000,87.000000,86.850586,86.480481,86.864146,86.731237,0.346420,0.653580,-0.370105,0.013560,-0.119349,44.000000,43.854972,44.372461,44.994184,44.791512,0.325985,0.674015,0.517489,1.139212,0.936540,45.000000,44.867549,45.490820,44.668151,44.940980,0.331639,0.668361,0.623272,-0.199397,0.073431,86.850586,86.480481,86.864146,86.731237,0.346420,0.653580,-0.370105,0.013560,-0.119349
30.040000,87.000000,86.850586,87.128003,86.826351,86.929337,0.341407,0.658593,0.277417,-0.024235,0.078751,44.000000,43.854972,43.431361,45.748722,44.996456,0.324627,0.675373,-0.423612,1.893750,1.141484,45.000000,44.867549,43.805990,45.037916,44.621870,0.337721,0.662279,-1.061559,0.170367,-0.245678,86.850586,87.128003,86.826351,86.929337,0.341407,0.658593,0.277417,-0.024235,0.078751
30.060000,87.000000,86.850586,87.278398,86.424988,86.709242,0.333080,0.666920,0.427812,-0.425598,-0.141344,44.000000,43.854972,43.268476,42.348100,42.672049,0.351976,0.648024,-0.586496,-1.506872,-1.182923,45.000000,44.867549,44.274454,44.869561,44.669074,0.336892,0.663108,-0.593095,0.002012,-0.198474,86.850586,87.278398,86.424988,86.709242,0.333080,0.666920,0.427812,-0.425598,-0.141344
30.080000,87.000000,86.850586,86.586956,86.792888,86.723656,0.336187,0.663813,-0.263630,-0.057698,-0.126930,44.000000,43.854972,44.299681,43.868513,44.020447,0.352378,0.647622,0.444709,0.013540,0.165474,45.000000,44.867549,44.820243,45.033844,44.960573,0.343026,0.656974,-0.047306,0.166295,0.093025,86.850586,86.586956,86.792888,86.723656,0.336187,0.663813,-0.263630,-0.057698,-0.126930
30.100000,87.000000,86.850586,87.044181,86.569444,86.726938,0.331751,0.668249,0.193595,-0.281142,-0.123648,44.000000,43.854972,43.078984,44.185690,43.804737,0.344224,0.655776,-0.775988,0.330718,-0.050235,45.000000,44.867549,44.902727,45.096176,45.029499,0.344672,0.655328,0.035178,0.228627,0.161950,86.850586,87.044181,86.569444,86.726938,0.331751,0.668249,0.193595,-0.281142,-0.123648
30.120000,87.000000,86.850586,85.935097,87.237984,86.795894,0.339317,0.660683,-0.915489,0.387398,-0.054692,44.000000,43.854972,44.814051,44.508061,44.606273,0.320964,0.679036,0.959079,0.653089,0.751301,45.000000,44.867549,45.087577,44.535076,44.727921,0.349040,0.650960,0.220028,-0.332473,-0.139628,86.850586,85.935097,87.237984,86.795894,0.339317,0.660683,-0.915489,0.387398,-0.054692
30.140000,87.000000,86.850586,86.991551,87.079779,87.049639,0.341620,0.658380,0.140965,0.229193,0.199053,44.000000,43.854972,42.047568,44.509330,43.745723,0.310194,0.689806,-1.807404,0.654358,-0.109249,45.000000,44.867549,45.134196,44.664705,44.832261,0.356889,0.643111,0.266647,-0.202844,-0.035288,86.850586,86.991551,87.079779,87.049639,0.341620,0.658380,0.140965,0.229193,0.199053
30.160000,87.000000,86.850586,86.379019,86.906456,86.727391,0.339501,0.660499,-0.471567,0.055870,-0.123195,44.000000,43.854972,44.761916,45.181225,45.052289,0.307496,0.692504,0.906943,1.326252,1.197317,45.000000,44.867549,43.766997,45.108841,44.644346,0.346163,0.653837,-1.100552,0.241293,-0.223203,86.850586,86.379019,86.906456,86.727391,0.339501,0.660499,-0.471567,0.055870,-0.123195
30.180000,87.000000,86.850586,86.954351,86.822875,86.866421,0.331203,0.668797,0.103765,-0.027711,0.015835,44.000000,43.854972,42.964362,45.603988,44.819247,0.297300,0.702700,-0.890611,1.749015,0.964274,45.000000,44.867549,45.713284,44.252803,44.769906,0.354065,0.645935,0.845735,-0.614746,-0.097643,86.850586,86.954351,86.822875,86.866421,0.331203,0.668797,0.103765,-0.027711,0.015835
30.200000,87.000000,86.850586,87.265494,87.067434,87.132585,0.328947,0.671053,0.414908,0.216848,0.281999,44.000000,43.854972,42.098712,44.595764,43.885405,0.284486,0.715514,-1.756260,0.740791,0.030432,45.000000,44.867549,45.171302,44.309942,44.622461,0.362821,0.637179,0.303753,-0.557607,-0.245088,86.850586,87.265494,87.067434,87.132585,0.328947,0.671053,0.414908,0.216848,0.281999
30.220000,87.000000,86.850586,86.891153,87.192023,87.090916,0.336047,0.663953,0.040567,0.341437,0.240330,44.000000,43.854972,41.653449,44.150042,43.442419,0.283442,0.716558,-2.201523,0.295070,-0.412553,45.000000,44.867549,44.516124,45.191176,44.945928,0.363303,0.636697,-0.351424,0.323628,0.078380,86.850586,86.891153,87.192023,87.090916,0.336047,0.663953,0.040567,0.341437,0.240330
30.240000,87.000000,86.850586,86.516291,87.111076,86.913714,0.331821,0.668179,-0.334295,0.260490,0.063128,44.000000,43.854972,45.704811,41.528813,42.778166,0.299193,0.700807,1.849839,-2.326160,-1.076807,45.000000,44.867549,45.802350,44.902904,45.235277,0.369531,0.630469,0.934801,0.035355,0.367728,86.850586,86.516291,87.111076,86.913714,0.331821,0.668179,-0.334295,0.260490,0.063128
30.260000,87.000000,86.850586,86.062876,86.675428,86.468257,0.338210,0.661790,-0.787710,-0.175158,-0.382329,44.000000,43.854972,43.309739,42.941813,43.053958,0.304805,0.695195,-0.545233,-0.913160,-0.801014,45.000000,44.867549,45.181980,44.185672,44.552320,0.368008,0.631992,0.314431,-0.681877,-0.315229,86.850586,86.062876,86.675428,86.468257,0.338210,0.661790,-0.787710,-0.175158,-0.382329
30.280000,87.000000,86.850586,86.028878,87.299466,86.846647,0.356386,0.643614,-0.821708,0.448880,-0.003939,44.000000,43.854972,42.516171,41.653645,41.917084,0.305428,0.694572,-1.338801,-2.201328,-1.937889,45.000000,44.867549,44.746642,44.581366,44.641975,0.366715,0.633285,-0.120907,-0.286183,-0.225574,86.850586,86.028878,87.299466,86.846647,0.356386,0.643614,-0.821708,0.448880,-0.003939
30.300000,87.000000,86.850586,85.867217,86.529410,86.289238,0.362692,0.637308,-0.983369,-0.321176,-0.561348,44.000000,43.854972,40.516749,42.262842,41.749825,0.293812,0.706188,-3.338224,-1.592130,-2.105147,45.000000,44.867549,44.852758,44.688107,44.747577,0.361186,0.638814,-0.014791,-0.179442,-0.119972,86.850586,85.867217,86.529410,86.289238,0.362692,0.637308,-0.983369,-0.321176,-0.561348
30.320000,87.000000,86.850586,86.674748,86.204501,86.373726,0.359865,0.640135,-0.175838,-0.646085,-0.476860,44.000000,43.854972,47.403439,45.849118,46.296080,0.287564,0.712436,3.548466,1.994146,2.441108,45.000000,44.867549,45.287602,45.217540,45.243779,0.374515,0.625485,0.420053,0.349991,0.376230,86.850586,86.674748,86.204501,86.373726,0.359865,0.640135,-0.175838,-0.646085,-0.476860
30.340000,87.000000,86.850586,86.637978,86.840362,86.768036,0.357369,0.642631,-0.212608,-0.010224,-0.082550,44.000000,43.854972,43.922518,43.746481,43.794481,0.272669,0.727331,0.067546,-0.108491,-0.060491,45.000000,44.867549,44.518242,44.922539,44.774506,0.366150,0.633850,-0.349307,0.054990,-0.093043,86.850586,86.637978,86.840362,86.768036,0.357369,0.642631,-0.212608,-0.010224,-0.082550
30.360000,87.000000,86.850586,86.379966,87.003311,86.775168,0.365998,0.634002,-0.470620,0.152725,-0.075418,44.000000,43.854972,41.780058,44.342726,43.653916,0.268794,0.731206,-2.074914,0.487754,-0.201057,45.000000,44.867549,45.376823,44.527273,44.824160,0.349464,0.650536,0.509274,-0.340275,-0.043389,86.850586,86.379966,87.003311,86.775168,0.365998,0.634002,-0.470620,0.152725,-0.075418
30.380000,87.000000,86.850586,86.375219,86.413444,86.399283,0.370467,0.629533,-0.475367,-0.437142,-0.451303,44.000000,43.854972,44.562909,44.992961,44.877794,0.267797,0.732203,0.707937,1.137988,1.022822,45.000000,44.867549,44.053348,45.272780,44.839754,0.355106,0.644894,-0.814201,0.405231,-0.027795,86.850586,86.375219,86.413444,86.399283,0.370467,0.629533,-0.475367,-0.437142,-0.451303
30.400000,87.000000,86.850586,86.504474,87.577817,87.182719,0.368102,0.631898,-0.346112,0.727231,0.332133,44.000000,43.854972,43.200252,44.181405,43.918399,0.268059,0.731941,-0.654721,0.326433,0.063427,45.000000,44.867549,44.891403,44.970682,44.942620,0.353961,0.646039,0.023854,0.103133,0.075072,86.850586,86.504474,87.577817,87.182719,0.368102,0.631898,-0.346112,0.727231,0.332133
30.420000,87.000000,86.850586,87.763295,86.151349,86.747554,0.369869,0.630131,0.912709,-0.699237,-0.103032,44.000000,43.854972,43.807624,45.517738,45.056013,0.270000,0.730000,-0.047348,1.662766,1.201040,45.000000,44.867549,45.315411,44.698579,44.913761,0.348851,0.651149,0.447862,-0.168970,0.046212,86.850586,87.763295,86.151349,86.747554,0.369869,0.630131,0.912709,-0.699237,-0.103032
30.440000,87.000000,86.850586,86.116737,86.935237,86.641576,0.358780,0.641220,-0.733849,0.084651,-0.209010,44.000000,43.854972,48.384558,45.889613,46.554900,0.266661,0.733339,4.529586,2.034640,2.699928,45.000000,44.867549,44.472125,45.283422,44.996929,0.353130,0.646870,-0.395423,0.415873,0.129380,86.850586,86.116737,86.935237,86.641576,0.358780,0.641220,-0.733849,0.084651,-0.209010
30.460000,87.000000,86.850586,87.282466,86.455547,86.761997,0.370593,0.629407,0.431880,-0.395039,-0.088589,44.000000,43.854972,42.500491,43.684276,43.372801,0.263119,0.736881,-1.354481,-0.170696,-0.482171,45.000000,44.867549,45.434826,44.860353,45.057574,0.343307,0.656693,0.567277,-0.007196,0.190025,86.850586,87.282466,86.455547,86.761997,0.370593,0.629407,0.431880,-0.395039,-0.088589
30.480000,87.000000,86.850586,86.690825,86.715780,86.706649,0.365896,0.634104,-0.159761,-0.134806,-0.143937,44.000000,43.854972,42.425357,42.714742,42.640205,0.257571,0.742429,-1.429616,-1.140230,-1.214767,45.000000,44.867549,44.684592,45.066249,44.934465,0.345295,0.654705,-0.182957,0.198700,0.066916,86.850586,86.690825,86.715780,86.706649,0.365896,0.634104,-0.159761,-0.134806,-0.143937
30.500000,87.000000,86.850586,86.658866,86.535445,86.579432,0.356400,0.643600,-0.191720,-0.315141,-0.271154,44.000000,43.854972,43.949837,44.356824,44.247492,0.268637,0.731363,0.094864,0.501851,0.392520,45.000000,44.867549,45.219939,44.714243,44.886861,0.341347,0.658653,0.352390,-0.153306,0.019312,86.850586,86.658866,86.535445,86.579432,0.356400,0.643600,-0.191720,-0.315141,-0.271154
30.520000,87.000000,86.850586,86.750401,87.116596,86.987426,0.352736,0.647264,-0.100185,0.266010,0.136840,44.000000,43.854972,44.974047,46.062371,45.771808,0.266983,0.733017,1.119075,2.207399,1.916836,45.000000,44.867549,44.643528,44.903597,44.813923,0.344808,0.655192,-0.224021,0.036049,-0.053625,86.850586,86.750401,87.116596,86.987426,0.352736,0.647264,-0.100185,0.266010,0.136840
30.540000,87.000000,86.850586,85.974700,86.766599,86.500367,0.336195,0.663805,-0.875886,-0.083987,-0.350219,44.000000,43.854972,45.637354,42.499591,43.368503,0.276932,0.723068,1.782382,-1.355382,-0.486470,45.000000,44.867549,45.453039,45.022456,45.171990,0.347281,0.652719,0.585490,0.154907,0.304441,86.850586,85.974700,86.766599,86.500367,0.336195,0.663805,-0.875886,-0.083987,-0.350219
30.560000,87.000000,86.850586,87.275470,86.635083,86.853736,0.341438,0.658562,0.424884,-0.215503,0.003150,44.000000,43.854972,45.051906,44.413283,44.588046,0.273656,0.726344,1.196934,0.558311,0.733073,45.000000,44.867549,45.535568,45.029226,45.205020,0.347183,0.652817,0.668019,0.161677,0.337471,86.850586,87.275470,86.635083,86.853736,0.341438,0.658562,0.424884,-0.215503,0.003150
30.580000,87.000000,86.850586,86.159792,86.987958,86.711937,0.333292,0.666708,-0.690794,0.137372,-0.138649,44.000000,43.854972,44.830291,42.859051,43.407638,0.278300,0.721700,0.975319,-0.995922,-0.447334,45.000000,44.867549,45.112495,44.883760,44.963374,0.348061,0.651939,0.244947,0.016211,0.095825,86.850586,86.159792,86.987958,86.711937,0.333292,0.666708,-0.690794,0.137372,-0.138649
30.600000,87.000000,86.850586,87.695038,86.888745,87.156240,0.331760,0.668240,0.844452,0.038159,0.305654,44.000000,43.854972,42.973235,42.426836,42.581827,0.283659,0.716341,-0.881738,-1.428136,-1.273145,45.000000,44.867549,45.193129,44.607652,44.810604,0.346644,0.653356,0.325580,-0.259897,-0.056945,86.850586,87.695038,86.888745,87.156240,0.331760,0.668240,0.844452,0.038159,0.305654
30.620000,87.000000,86.850586,87.598154,87.005960,87.213761,0.350901,0.649099,0.747568,0.155374,0.363175,44.000000,43.854972,43.506454,43.935357,43.815183,0.280190,0.719810,-0.348518,0.080384,-0.039790,45.000000,44.867549,44.441221,44.680253,44.594311,0.359539,0.640461,-0.426328,-0.187296,-0.273237,86.850586,87.598154,87.005960,87.213761,0.350901,0.649099,0.747568,0.155374,0.363175
30.640000,87.000000,86.850586,86.626202,86.972816,86.848635,0.358270,0.641730,-0.224384,0.122230,-0.001951,44.000000,43.854972,42.081416,42.508918,42.387863,0.283168,0.716832,-1.773557,-1.346054,-1.467109,45.000000,44.867549,44.123828,44.680075,44.476047,0.366793,0.633207,-0.743721,-0.187474,-0.391501,86.850586,86.626202,86.972816,86.848635,0.358270,0.641730,-0.224384,0.122230,-0.001951
30.660000,87.000000,86.850586,87.159859,86.972817,87.040481,0.361756,0.638244,0.309273,0.122231,0.189895,44.000000,43.854972,44.610141,43.523626,43.835720,0.287245,0.712755,0.755169,-0.331347,-0.019252,45.000000,44.867549,43.509206,44.956935,44.418451,0.371952,0.628048,-1.358342,0.089386,-0.449097,86.850586,87.159859,86.972817,87.040481,0.361756,0.638244,0.309273,0.122231,0.189895
30.680000,87.000000,86.850586,87.145351,87.236954,87.204392,0.355466,0.644534,0.294765,0.386368,0.353806,44.000000,43.854972,42.069124,41.389499,41.604936,0.316995,0.683005,-1.785848,-2.465474,-2.250036,45.000000,44.867549,44.915943,44.428994,44.610346,0.372425,0.627575,0.048394,-0.438555,-0.257203,86.850586,87.145351,87.236954,87.204392,0.355466,0.644534,0.294765,0.386368,0.353806
30.700000,87.000000,86.850586,87.084741,86.769913,86.881160,0.353357,0.646643,0.234155,-0.080673,0.030574,44.000000,43.854972,44.413097,44.873945,44.728050,0.316580,0.683420,0.558125,1.018973,0.873078,45.000000,44.867549,45.050771,44.652541,44.799045,0.367888,0.632112,0.183222,-0.215008,-0.068504,86.850586,87.084741,86.769913,86.881160,0.353357,0.646643,0.234155,-0.080673,0.030574
30.720000,87.000000,86.850586,86.760743,86.994712,86.912946,0.349472,0.650528,-0.089843,0.144126,0.062360,44.000000,43.854972,43.902562,45.467536,44.975110,0.314657,0.685343,0.047590,1.612564,1.120138,45.000000,44.867549,45.551689,44.926482,45.157689,0.369809,0.630191,0.684141,0.058933,0.290140,86.850586,86.760743,86.994712,86.912946,0.349472,0.650528,-0.089843,0.144126,0.062360
30.740000,87.000000,86.850586,86.611931,86.579856,86.591065,0.349473,0.650527,-0.238655,-0.270730,-0.259521,44.000000,43.854972,47.263334,44.900240,45.614271,0.302165,0.697835,3.408362,1.045268,1.759298,45.000000,44.867549,45.096406,45.122063,45.112897,0.357244,0.642756,0.228857,0.254514,0.245349,86.850586,86.611931,86.579856,86.591065,0.349473,0.650527,-0.238655,-0.270730,-0.259521
30.760000,87.000000,86.850586,87.715686,87.129362,87.331474,0.344710,0.655290,0.865100,0.278776,0.480888,44.000000,43.854972,43.886428,44.270759,44.156404,0.297544,0.702456,0.031455,0.415787,0.301431,45.000000,44.867549,44.769735,44.912879,44.861555,0.358543,0.641457,-0.097814,0.045330,-0.005993,86.850586,87.715686,87.129362,87.331474,0.344710,0.655290,0.865100,0.278776,0.480888
30.780000,87.000000,86.850586,87.631934,86.466000,86.879457,0.354615,0.645385,0.781348,-0.384586,0.028871,44.000000,43.854972,42.148978,46.710531,45.379391,0.291840,0.708160,-1.705994,2.855559,1.524419,45.000000,44.867549,44.612134,44.991540,44.856565,0.355754,0.644246,-0.255415,0.123991,-0.010984,86.850586,87.631934,86.466000,86.879457,0.354615,0.645385,0.781348,-0.384586,0.028871
30.800000,87.000000,86.850586,86.264481,87.259320,86.916828,0.344270,0.655730,-0.586105,0.408734,0.066242,44.000000,43.854972,45.431746,45.358243,45.380738,0.306038,0.693962,1.576773,1.503271,1.525765,45.000000,44.867549,44.421594,44.928850,44.749292,0.353980,0.646020,-0.445955,0.061302,-0.118257,86.850586,86.264481,87.259320,86.916828,0.344270,0.655730,-0.586105,0.408734,0.066242
30.820000,87.000000,86.850586,85.987132,86.850316,86.560160,0.336147,0.663853,-0.863454,-0.000270,-0.290426,44.000000,43.854972,42.130268,45.039581,44.191440,0.291535,0.708465,-1.724704,1.184608,0.336468,45.000000,44.867549,44.787282,45.275394,45.096625,0.366246,0.633754,-0.080267,0.407845,0.229076,86.850586,85.987132,86.850316,86.560160,0.336147,0.663853,-0.863454,-0.000270,-0.290426
30.840000,87.000000,86.850586,86.265212,86.682482,86.542439,0.335616,0.664384,-0.585374,-0.168104,-0.308147,44.000000,43.854972,42.878896,41.895282,42.210176,0.320141,0.679859,-0.976076,-1.959691,-1.644796,45.000000,44.867549,45.199946,45.025317,45.088927,0.364256,0.635744,0.332398,0.157769,0.221378,86.850586,86.265212,86.682482,86.542439,0.335616,0.664384,-0.585374,-0.168104,-0.308147
30.860000,87.000000,86.850586,87.544943,87.029864,87.205276,0.340553,0.659447,0.694357,0.179278,0.354690,44.000000,43.854972,45.236441,42.813297,43.597306,0.323556,0.676444,1.381469,-1.041675,-0.257667,45.000000,44.867549,44.388190,45.193447,44.892247,0.374043,0.625957,-0.479359,0.325899,0.024698,86.850586,87.544943,87.029864,87.205276,0.340553,0.659447,0.694357,0.179278,0.354690
30.880000,87.000000,86.850586,86.788284,86.531800,86.622963,0.355435,0.644565,-0.062302,-0.318786,-0.227623,44.000000,43.854972,45.867117,45.761803,45.795655,0.321440,0.678560,2.012144,1.906831,1.940683,45.000000,44.867549,44.492652,44.827878,44.705229,0.365868,0.634132,-0.374897,-0.039671,-0.162319,86.850586,86.788284,86.531800,86.622963,0.355435,0.644565,-0.062302,-0.318786,-0.227623
30.900000,87.000000,86.850586,86.957499,86.433510,86.626341,0.368007,0.631993,0.106913,-0.417076,-0.224245,44.000000,43.854972,46.978365,37.886627,41.786184,0.428949,0.571051,3.123393,-5.968346,-2.068789,45.000000,44.867549,44.383974,44.806675,44.650436,0.369622,0.630378,-0.483575,-0.060873,-0.217113,86.850586,86.957499,86.433510,86.626341,0.368007,0.631993,0.106913,-0.417076,-0.224245
30.920000,87.000000,86.850586,86.744880,86.556116,86.624752,0.363608,0.636392,-0.105706,-0.294470,-0.225834,44.000000,43.854972,42.603278,43.467377,43.112043,0.411220,0.588780,-1.251694,-0.387596,-0.742930,45.000000,44.867549,45.239936,44.295280,44.638645,0.363482,0.636518,0.372388,-0.572269,-0.228904,86.850586,86.744880,86.556116,86.624752,0.363608,0.636392,-0.105706,-0.294470,-0.225834
30.940000,87.000000,86.850586,86.885234,86.906453,86.898748,0.363079,0.636921,0.034648,0.055867,0.048162,44.000000,43.854972,43.171406,42.980734,43.059412,0.412633,0.587367,-0.683566,-0.874238,-0.795561,45.000000,44.867549,44.165567,44.958438,44.665392,0.369601,0.630399,-0.701982,0.090889,-0.202157,86.850586,86.885234,86.906453,86.898748,0.363079,0.636921,0.034648,0.055867,0.048162
30.960000,87.000000,86.850586,86.039138,86.741545,86.493826,0.352671,0.647329,-0.811449,-0.109041,-0.356760,44.000000,43.854972,45.656349,52.066556,49.043428,0.471619,0.528381,1.801376,8.211583,5.188455,45.000000,44.867549,44.169802,44.252976,44.222078,0.371492,0.628508,-0.697747,-0.614572,-0.645471,86.850586,86.039138,86.741545,86.493826,0.352671,0.647329,-0.811449,-0.109041,-0.356760
30.980000,87.000000,86.850586,86.300599,87.036007,86.783849,0.342883,0.657117,-0.549987,0.185421,-0.066737,44.000000,43.854972,41.516815,47.541947,44.796345,0.455702,0.544298,-2.338158,3.686975,0.941373,45.000000,44.867549,44.672764,44.966629,44.857319,0.371972,0.628028,-0.194785,0.099080,-0.010230,86.850586,86.300599,87.036007,86.783849,0.342883,0.657117,-0.549987,0.185421,-0.066737
31.000000,87.000000,86.850586,85.876350,86.595181,86.354524,0.334790,0.665210,-0.974236,-0.255405,-0.496062,44.000000,43.854972,44.832467,38.247312,41.636600,0.514682,0.485318,0.977494,-5.607660,-2.218373,45.000000,44.867549,45.636257,45.202490,45.364980,0.374602,0.625398,0.768708,0.334941,0.497431,86.850586,85.876350,86.595181,86.354524,0.334790,0.665210,-0.974236,-0.255405,-0.496062
31.020000,87.000000,86.850586,87.130486,86.074043,86.440615,0.346988,0.653012,0.279900,-0.776543,-0.409971,44.000000,43.854972,43.540705,37.679561,41.034356,0.572363,0.427637,-0.314267,-6.175411,-2.820616,45.000000,44.867549,44.473175,45.416365,45.076676,0.360150,0.639850,-0.394374,0.548816,0.209127,86.850586,87.130486,86.074043,86.440615,0.346988,0.653012,0.279900,-0.776543,-0.409971
31.040000,87.000000,86.850586,87.433986,86.404443,86.767604,0.352740,0.647260,0.583400,-0.446143,-0.082982,44.000000,43.854972,44.469506,41.587187,43.205357,0.561409,0.438591,0.614534,-2.267786,-0.649616,45.000000,44.867549,45.004744,45.284799,45.180980,0.370707,0.629293,0.137195,0.417250,0.313431,86.850586,87.433986,86.404443,86.767604,0.352740,0.647260,0.583400,-0.446143,-0.082982
31.060000,87.000000,86.850586,87.837786,86.900074,87.230229,0.352086,0.647914,0.987200,0.049488,0.379643,44.000000,43.854972,43.411333,43.985306,43.660870,0.565246,0.434754,-0.443640,0.130334,-0.194102,45.000000,44.867549,45.699577,45.219103,45.400247,0.377012,0.622988,0.832028,0.351554,0.532698,86.850586,87.837786,86.900074,87.230229,0.352086,0.647914,0.987200,0.049488,0.379643
31.080000,87.000000,86.850586,86.590263,86.544104,86.560442,0.353943,0.646057,-0.260323,-0.306482,-0.290144,44.000000,43.854972,42.581288,43.298182,42.890593,0.568547,0.431453,-1.273685,-0.556791,-0.964379,45.000000,44.867549,44.281264,45.114331,44.803063,0.373641,0.626359,-0.586285,0.246782,-0.064486,86.850586,86.590263,86.544104,86.560442,0.353943,0.646057,-0.260323,-0.306482,-0.290144
31.100000,87.000000,86.850586,86.213978,86.414751,86.344923,0.347798,0.652202,-0.636608,-0.435835,-0.505663,44.000000,43.854972,42.453991,39.075736,40.958503,0.557315,0.442685,-1.400982,-4.779236,-2.896469,45.000000,44.867549,44.908169,44.862574,44.879692,0.375427,0.624573,0.040620,-0.004975,0.012143,86.850586,86.213978,86.414751,86.344923,0.347798,0.652202,-0.636608,-0.435835,-0.505663
31.120000,87.000000,86.850586,86.364128,86.858513,86.683211,0.354587,0.645413,-0.486458,0.007927,-0.167375,44.000000,43.854972,41.729570,41.638101,41.688966,0.556084,0.443916,-2.125402,-2.216871,-2.166007,45.000000,44.867549,44.804348,44.994255,44.924258,0.368586,0.631414,-0.063200,0.126706,0.056709,86.850586,86.364128,86.858513,86.683211,0.354587,0.645413,-0.486458,0.007927,-0.167375
31.140000,87.000000,86.850586,86.741549,87.339828,87.129348,0.351810,0.648190,-0.109037,0.489242,0.278762,44.000000,43.854972,45.966503,41.217961,43.719880,0.526878,0.473122,2.111531,-2.637011,-0.135092,45.000000,44.867549,45.622678,44.860674,45.142611,0.369994,0.630006,0.755129,-0.006875,0.275062,86.850586,86.741549,87.339828,87.129348,0.351810,0.648190,-0.109037,0.489242,0.278762
31.160000,87.000000,86.850586,87.082456,87.368408,87.266899,0.354984,0.645016,0.231870,0.517822,0.416313,44.000000,43.854972,42.827900,40.966784,41.933663,0.519515,0.480485,-1.027073,-2.888189,-1.921310,45.000000,44.867549,45.848026,45.098809,45.371226,0.363602,0.636398,0.980477,0.231261,0.503677,86.850586,87.082456,87.368408,87.266899,0.354984,0.645016,0.231870,0.517822,0.416313
31.180000,87.000000,86.850586,86.756475,87.116705,86.990086,0.351495,0.648505,-0.094111,0.266119,0.139500,44.000000,43.854972,43.726860,46.332077,44.956178,0.528131,0.471869,-0.128112,2.477104,1.101206,45.000000,44.867549,45.428876,45.158781,45.259818,0.374079,0.625921,0.561327,0.291232,0.392269,86.850586,86.756475,87.116705,86.990086,0.351495,0.648505,-0.094111,0.266119,0.139500
31.200000,87.000000,86.850586,87.645238,86.699695,87.037469,0.357229,0.642771,0.794652,-0.150891,0.186883,44.000000,43.854972,43.377846,41.116015,42.279835,0.514547,0.485453,-0.477126,-2.738958,-1.575137,45.000000,44.867549,44.424764,45.070936,44.835918,0.363709,0.636291,-0.442785,0.203387,-0.031631,86.850586,87.645238,86.699695,87.037469,0.357229,0.642771,0.794652,-0.150891,0.186883
31.220000,87.000000,86.850586,86.841209,86.854540,86.849750,0.359363,0.640637,-0.009377,0.003954,-0.000836,44.000000,43.854972,44.534698,43.607790,44.077443,0.506688,0.493312,0.679725,-0.247182,0.222471,45.000000,44.867549,44.842614,45.288988,45.125767,0.365660,0.634340,-0.024934,0.421439,0.258218,86.850586,86.841209,86.854540,86.849750,0.359363,0.640637,-0.009377,0.003954,-0.000836
31.240000,87.000000,86.850586,87.374822,86.695579,86.946755,0.369789,0.630211,0.524236,-0.155007,0.096169,44.000000,43.854972,41.129443,42.651069,41.861547,0.518867,0.481133,-2.725529,-1.203904,-1.993425,45.000000,44.867549,44.973830,44.725929,44.815588,0.361673,0.638327,0.106281,-0.141620,-0.051961,86.850586,87.374822,86.695579,86.946755,0.369789,0.630211,0.524236,-0.155007,0.096169
31.260000,87.000000,86.850586,87.660864,86.776760,87.105079,0.371358,0.628642,0.810278,-0.073826,0.254493,44.000000,43.854972,42.713837,43.162908,42.929145,0.520547,0.479453,-1.141136,-0.692064,-0.925827,45.000000,44.867549,45.618103,45.130405,45.303850,0.355640,0.644360,0.750554,0.262856,0.436301,86.850586,87.660864,86.776760,87.105079,0.371358,0.628642,0.810278,-0.073826,0.254493
31.280000,87.000000,86.850586,87.294492,87.161982,87.209574,0.359159,0.640841,0.443906,0.311396,0.358988,44.000000,43.854972,45.908155,44.538977,45.242381,0.513742,0.486258,2.053182,0.684004,1.387408,45.000000,44.867549,45.326932,44.560095,44.836937,0.361018,0.638982,0.459383,-0.307454,-0.030612,86.850586,87.294492,87.161982,87.209574,0.359159,0.640841,0.443906,0.311396,0.358988
31.300000,87.000000,86.850586,87.477735,86.474048,86.821960,0.346635,0.653365,0.627149,-0.376538,-0.028626,44.000000,43.854972,43.286583,45.130562,44.161223,0.525677,0.474323,-0.568390,1.275589,0.306251,45.000000,44.867549,45.058476,45.317174,45.224667,0.357588,0.642412,0.190927,0.449625,0.357118,86.850586,87.477735,86.474048,86.821960,0.346635,0.653365,0.627149,-0.376538,-0.028626
31.320000,87.000000,86.850586,87.240425,87.068176,87.128137,0.348106,0.651894,0.389839,0.217590,0.277551,44.000000,43.854972,47.076212,42.624135,44.904386,0.512175,0.487825,3.221239,-1.230838,1.049413,45.000000,44.867549,44.664851,45.097692,44.944809,0.353209,0.646791,-0.202698,0.230143,0.077260,86.850586,87.240425,87.068176,87.128137,0.348106,0.651894,0.389839,0.217590,0.277551
31.340000,87.000000,86.850586,86.797744,87.211080,87.066375,0.350091,0.649909,-0.052842,0.360494,0.215789,44.000000,43.854972,45.719792,42.939259,44.330195,0.500241,0.499759,1.864820,-0.915713,0.475223,45.000000,44.867549,44.562684,45.389461,45.100193,0.349874,0.650126,-0.304865,0.521912,0.232644,86.850586,86.797744,87.211080,87.066375,0.350091,0.649909,-0.052842,0.360494,0.215789
31.360000,87.000000,86.850586,86.442739,86.978397,86.791489,0.348932,0.651068,-0.407847,0.127811,-0.059097,44.000000,43.854972,43.777103,45.372683,44.565837,0.505676,0.494324,-0.077869,1.517710,0.710865,45.000000,44.867549,44.893104,44.530830,44.656536,0.346991,0.653009,0.025555,-0.336719,-0.211013,86.850586,86.442739,86.978397,86.791489,0.348932,0.651068,-0.407847,0.127811,-0.059097
31.380000,87.000000,86.850586,86.505391,86.315208,86.381282,0.347422,0.652578,-0.345195,-0.535378,-0.469304,44.000000,43.854972,43.989812,44.783437,44.379231,0.509317,0.490683,0.134840,0.928465,0.524258,45.000000,44.867549,44.491872,44.987099,44.812303,0.352961,0.647039,-0.375677,0.119550,-0.055245,86.850586,86.505391,86.315208,86.381282,0.347422,0.652578,-0.345195,-0.535378,-0.469304
31.400000,87.000000,86.850586,86.693383,86.878608,86.815842,0.338865,0.661135,-0.157203,0.028022,-0.034744,44.000000,43.854972,43.818010,43.258762,43.541027,0.504723,0.495277,-0.036962,-0.596211,-0.313945,45.000000,44.867549,44.203292,44.224648,44.217078,0.354496,0.645504,-0.664257,-0.642900,-0.650471,86.850586,86.693383,86.878608,86.815842,0.338865,0.661135,-0.157203,0.028022,-0.034744
31.420000,87.000000,86.850586,86.811549,86.971860,86.915268,0.353015,0.646985,-0.039037,0.121274,0.064682,44.000000,43.854972,45.447478,44.693767,45.067124,0.495359,0.504641,1.592506,0.838795,1.212152,45.000000,44.867549,45.055991,44.874239,44.938061,0.351150,0.648850,0.188442,0.006690,0.070512,86.850586,86.811549,86.971860,86.915268,0.353015,0.646985,-0.039037,0.121274,0.064682
31.440000,87.000000,86.850586,86.202593,86.727826,86.543671,0.350615,0.649385,-0.647993,-0.122760,-0.306915,44.000000,43.854972,43.290555,43.813260,43.543467,0.516147,0.483853,-0.564417,-0.041713,-0.311505,45.000000,44.867549,44.231862,44.737805,44.559245,0.352926,0.647074,-0.635687,-0.129744,-0.308304,86.850586,86.202593,86.727826,86.543671,0.350615,0.649385,-0.647993,-0.122760,-0.306915
31.460000,87.000000,86.850586,87.413898,86.787385,87.007757,0.351744,0.648256,0.563312,-0.063201,0.157171,44.000000,43.854972,42.515506,44.334809,43.390122,0.519257,0.480743,-1.339467,0.479837,-0.464850,45.000000,44.867549,44.657924,44.477535,44.540823,0.350841,0.649159,-0.209624,-0.390014,-0.326726,86.850586,87.413898,86.787385,87.007757,0.351744,0.648256,0.563312,-0.063201,0.157171
31.480000,87.000000,86.850586,86.359616,87.013349,86.780258,0.356554,0.643446,-0.490970,0.162763,-0.070328,44.000000,43.854972,42.096780,44.559536,43.259692,0.527799,0.472201,-1.758192,0.704564,-0.595280,45.000000,44.867549,45.000365,44.663777,44.783900,0.356883,0.643117,0.132816,-0.203771,-0.083649,86.850586,86.359616,87.013349,86.780258,0.356554,0.643446,-0.490970,0.162763,-0.070328
31.500000,87.000000,86.850586,86.537904,86.551103,86.546385,0.357505,0.642495,-0.312682,-0.299483,-0.304201,44.000000,43.854972,45.554839,43.424784,44.523303,0.515723,0.484277,1.699867,-0.430188,0.668331,45.000000,44.867549,44.424272,44.884895,44.724226,0.348808,0.651192,-0.443276,0.017346,-0.143323,86.850586,86.537904,86.551103,86.546385,0.357505,0.642495,-0.312682,-0.299483,-0.304201
31.520000,87.000000,86.850586,85.825776,86.726216,86.401825,0.360259,0.639741,-1.024810,-0.124370,-0.448761,44.000000,43.854972,43.766362,42.796826,43.286281,0.504835,0.495165,-0.088610,-1.058146,-0.568691,45.000000,44.867549,45.173952,45.263451,45.232090,0.350410,0.649590,0.306403,0.395903,0.364541,86.850586,85.825776,86.726216,86.401825,0.360259,0.639741,-1.024810,-0.124370,-0.448761
31.540000,87.000000,86.850586,86.732822,86.561457,86.622114,0.353963,0.646037,-0.117764,-0.289129,-0.228472,44.000000,43.854972,44.142542,42.341253,43.262440,0.511404,0.488596,0.287570,-1.513719,-0.592532,45.000000,44.867549,45.846511,44.609095,45.050192,0.356468,0.643532,0.978962,-0.258453,0.182644,86.850586,86.732822,86.561457,86.622114,0.353963,0.646037,-0.117764,-0.289129,-0.228472
31.560000,87.000000,86.850586,87.019514,86.283566,86.543833,0.353649,0.646351,0.168928,-0.567020,-0.306753,44.000000,43.854972,43.762849,44.541555,44.138224,0.517950,0.482050,-0.092123,0.686582,0.283252,45.000000,44.867549,44.833403,44.573425,44.665904,0.355720,0.644280,-0.034145,-0.294124,-0.201644,86.850586,87.019514,86.283566,86.543833,0.353649,0.646351,0.168928,-0.567020,-0.306753
31.580000,87.000000,86.850586,86.895994,86.797798,86.831896,0.347243,0.652757,0.045408,-0.052788,-0.018690,44.000000,43.854972,46.401138,43.022255,44.743827,0.509508,0.490492,2.546166,-0.832717,0.888855,45.000000,44.867549,46.141757,44.962739,45.389511,0.361973,0.638027,1.274208,0.095191,0.521962,86.850586,86.895994,86.797798,86.831896,0.347243,0.652757,0.045408,-0.052788,-0.018690
31.600000,87.000000,86.850586,86.854860,87.036854,86.972006,0.356321,0.643679,0.004274,0.186268,0.121420,44.000000,43.854972,41.612424,46.025360,43.697392,0.527529,0.472471,-2.242548,2.170388,-0.157580,45.000000,44.867549,44.578274,44.822138,44.735611,0.354817,0.645183,-0.289275,-0.045411,-0.131938,86.850586,86.854860,87.036854,86.972006,0.356321,0.643679,0.004274,0.186268,0.121420
31.620000,87.000000,86.850586,87.231393,86.923946,87.034367,0.359153,0.640847,0.380807,0.073360,0.183781,44.000000,43.854972,44.161942,43.246342,43.724719,0.522474,0.477526,0.306970,-0.608631,-0.130253,45.000000,44.867549,44.548290,44.694915,44.642846,0.355114,0.644886,-0.319259,-0.172634,-0.224703,86.850586,87.231393,86.923946,87.034367,0.359153,0.640847,0.380807,0.073360,0.183781
31.640000,87.000000,86.850586,87.809726,86.244924,86.781688,0.343026,0.656974,0.959140,-0.605662,-0.068898,44.000000,43.854972,43.226934,43.448940,43.332764,0.523304,0.476696,-0.628039,-0.406032,-0.522209,45.000000,44.867549,44.492041,44.984469,44.809368,0.355587,0.644413,-0.375507,0.116920,-0.058181,86.850586,87.809726,86.244924,86.781688,0.343026,0.656974,0.959140,-0.605662,-0.068898
31.660000,87.000000,86.850586,86.725738,86.548865,86.609578,0.343257,0.656743,-0.124848,-0.301721,-0.241008,44.000000,43.854972,44.429409,43.169190,43.827971,0.522751,0.477249,0.574436,-0.685783,-0.027002,45.000000,44.867549,46.187845,44.950250,45.414271,0.374938,0.625062,1.320296,0.082702,0.546722,86.850586,86.725738,86.548865,86.609578,0.343257,0.656743,-0.124848,-0.301721,-0.241008
31.680000,87.000000,86.850586,87.731395,87.007968,87.251018,0.335971,0.664029,0.880809,0.157382,0.400432,44.000000,43.854972,44.934015,40.843821,42.941315,0.512809,0.487191,1.079042,-3.011151,-0.913657,45.000000,44.867549,45.300818,45.392872,45.358425,0.374206,0.625794,0.433270,0.525323,0.490876,86.850586,87.731395,87.007968,87.251018,0.335971,0.664029,0.880809,0.157382,0.400432
31.700000,87.000000,86.850586,87.191610,86.496282,86.728124,0.333429,0.666571,0.341024,-0.354304,-0.122462,44.000000,43.854972,43.305565,45.413221,44.315416,0.520865,0.479135,-0.549408,1.558249,0.460444,45.000000,44.867549,44.961233,44.546295,44.701641,0.374384,0.625616,0.093684,-0.321253,-0.165908,86.850586,87.191610,86.496282,86.728124,0.333429,0.666571,0.341024,-0.354304,-0.122462
31.720000,87.000000,86.850586,86.681713,86.831469,86.781661,0.332599,0.667401,-0.168873,-0.019117,-0.068926,44.000000,43.854972,57.392587,41.493683,47.584282,0.383260,0.616740,13.537615,-2.361289,3.729310,45.000000,44.867549,44.339164,44.585839,44.495347,0.366846,0.633154,-0.528385,-0.281710,-0.372202,86.850586,86.681713,86.831469,86.781661,0.332599,0.667401,-0.168873,-0.019117,-0.068926
31.740000,87.000000,86.850586,87.794198,86.974440,87.241812,0.326159,0.673841,0.943612,0.123854,0.391226,44.000000,43.854972,55.825879,41.033661,45.951419,0.332662,0.667338,11.970906,-2.821311,2.096447,45.000000,44.867549,45.120117,44.743779,44.883265,0.370639,0.629361,0.252569,-0.123770,0.015716,86.850586,87.794198,86.974440,87.241812,0.326159,0.673841,0.943612,0.123854,0.391226
31.760000,87.000000,86.850586,86.251919,87.495582,87.071461,0.341026,0.658974,-0.598667,0.644996,0.220875,44.000000,43.854972,54.816464,41.337582,45.344418,0.297463,0.702537,10.961492,-2.517391,1.489446,45.000000,44.867549,44.840618,45.325459,45.146918,0.368246,0.631754,-0.026931,0.457910,0.279370,86.850586,86.251919,87.495582,87.071461,0.341026,0.658974,-0.598667,0.644996,0.220875
31.780000,87.000000,86.850586,86.936025,86.834780,86.870261,0.350453,0.649547,0.085438,-0.015806,0.019675,44.000000,43.854972,56.367902,45.367210,48.229967,0.260376,0.739624,12.512930,1.512238,4.374995,45.000000,44.867549,44.021251,44.929822,44.600954,0.361963,0.638037,-0.846298,0.062274,-0.266595,86.850586,86.936025,86.834780,86.870261,0.350453,0.649547,0.085438,-0.015806,0.019675
31.800000,87.000000,86.850586,87.315234,86.584078,86.830256,0.336697,0.663303,0.464648,-0.266508,-0.020330,44.000000,43.854972,58.120325,45.146572,48.179884,0.234008,0.765992,14.265352,1.291600,4.324911,45.000000,44.867549,45.626564,44.473745,44.907621,0.376362,0.623638,0.759015,-0.393803,0.040072,86.850586,87.315234,86.584078,86.830256,0.336697,0.663303,0.464648,-0.266508,-0.020330
31.820000,87.000000,86.850586,87.113545,86.694640,86.832125,0.328202,0.671798,0.262959,-0.155947,-0.018461,44.000000,43.854972,53.153488,44.460557,46.383250,0.221271,0.778729,9.298516,0.605585,2.528278,45.000000,44.867549,44.901151,45.257909,45.123956,0.375474,0.624526,0.033602,0.390360,0.256407,86.850586,87.113545,86.694640,86.832125,0.328202,0.671798,0.262959,-0.155947,-0.018461
31.840000,87.000000,86.850586,86.996044,86.857738,86.902644,0.324685,0.675315,0.145458,0.007152,0.052058,44.000000,43.854972,55.953623,42.415091,45.237086,0.208666,0.791334,12.098650,-1.439881,1.382114,45.000000,44.867549,45.186687,45.201307,45.195795,0.377042,0.622958,0.319138,0.333759,0.328246,86.850586,86.996044,86.857738,86.902644,0.324685,0.675315,0.145458,0.007152,0.052058
31.860000,87.000000,86.850586,87.149653,87.196747,87.181228,0.329531,0.670469,0.299067,0.346161,0.330642,44.000000,43.854972,55.114871,42.879616,45.352879,0.202325,0.797675,11.259899,-0.975357,1.497907,45.000000,44.867549,44.946171,45.489192,45.284712,0.376559,0.623441,0.078622,0.621643,0.417164,86.850586,87.149653,87.196747,87.181228,0.329531,0.670469,0.299067,0.346161,0.330642
31.880000,87.000000,86.850586,86.501463,87.426496,87.113404,0.338466,0.661534,-0.349123,0.575910,0.262818,44.000000,43.854972,56.198708,43.522176,45.948727,0.191616,0.808384,12.343736,-0.332796,2.093754,45.000000,44.867549,44.931710,44.942612,44.938537,0.373786,0.626214,0.064162,0.075063,0.070988,86.850586,86.501463,87.426496,87.113404,0.338466,0.661534,-0.349123,0.575910,0.262818
31.900000,87.000000,86.850586,87.463218,86.461983,86.797445,0.335050,0.664950,0.612632,-0.388603,-0.053141,44.000000,43.854972,54.395227,42.981953,45.067800,0.182913,0.817087,10.540255,-0.873019,1.212827,45.000000,44.867549,44.065779,44.452616,44.308301,0.373064,0.626936,-0.801770,-0.414933,-0.559248,86.850586,87.463218,86.461983,86.797445,0.335050,0.664950,0.612632,-0.388603,-0.053141
31.920000,87.000000,86.850586,86.353375,87.508845,87.109691,0.345449,0.654551,-0.497211,0.658259,0.259105,44.000000,43.854972,58.514703,43.109396,45.760306,0.172359,0.827641,14.659730,-0.745576,1.905334,45.000000,44.867549,44.891186,45.143817,45.049904,0.371740,0.628260,0.023637,0.276269,0.182356,86.850586,86.353375,87.508845,87.109691,0.345449,0.654551,-0.497211,0.658259,0.259105
31.940000,87.000000,86.850586,86.746500,86.801112,86.782241,0.345544,0.654456,-0.104086,-0.049474,-0.068345,44.000000,43.854972,54.627574,42.260580,44.339115,0.168252,0.831748,10.772601,-1.594393,0.484143,45.000000,44.867549,44.635413,45.570313,45.221782,0.372802,0.627198,-0.232136,0.702764,0.354233,86.850586,86.746500,86.801112,86.782241,0.345544,0.654456,-0.104086,-0.049474,-0.068345
31.960000,87.000000,86.850586,86.454622,87.047830,86.843017,0.345264,0.654736,-0.395964,0.197244,-0.007569,44.000000,43.854972,55.811904,42.586875,44.264066,0.127003,0.872997,11.956932,-1.268097,0.409093,45.000000,44.867549,45.132034,44.653949,44.834477,0.377606,0.622394,0.264485,-0.213600,-0.033072,86.850586,86.454622,87.047830,86.843017,0.345264,0.654736,-0.395964,0.197244,-0.007569
31.980000,87.000000,86.850586,87.920507,86.786868,87.161376,0.330361,0.669639,1.069921,-0.063718,0.310790,44.000000,43.854972,53.657390,43.952441,45.023921,0.110497,0.889503,9.802418,0.097469,1.168948,45.000000,44.867549,44.878846,45.025732,44.970018,0.379302,0.620698,0.011297,0.158183,0.102469,86.850586,87.920507,86.786868,87.161376,0.330361,0.669639,1.069921,-0.063718,0.310790
32.000000,87.000000,86.850586,86.467474,86.186041,86.277791,0.326010,0.673990,-0.383112,-0.664545,-0.572795,44.000000,43.854972,56.539950,42.041178,43.537286,0.103385,0.896615,12.684978,-1.813794,-0.317686,45.000000,44.867549,44.964439,44.565014,44.716722,0.379816,0.620184,0.096890,-0.302534,-0.150826,86.850586,86.467474,86.186041,86.277791,0.326010,0.673990,-0.383112,-0.664545,-0.572795
32.020000,87.000000,86.850586,87.240233,86.973363,87.061443,0.330050,0.669950,0.389647,0.122777,0.210857,44.000000,43.854972,54.953431,42.291652,43.445908,0.091299,0.908701,11.098459,-1.563320,-0.409064,45.000000,44.867549,44.968368,44.347675,44.576072,0.367971,0.632029,0.100819,-0.519874,-0.291477,86.850586,87.240233,86.973363,87.061443,0.330050,0.669950,0.389647,0.122777,0.210857
32.040000,87.000000,86.850586,87.032220,86.809756,86.884441,0.335719,0.664281,0.181634,-0.040830,0.033855,44.000000,43.854972,70.032864,43.609321,45.688392,0.079226,0.920774,26.177892,-0.245652,1.833420,45.000000,44.867549,43.758139,45.022063,44.548527,0.374656,0.625344,-1.109410,0.154514,-0.319021,86.850586,87.032220,86.809756,86.884441,0.335719,0.664281,0.181634,-0.040830,0.033855
32.060000,87.000000,86.850586,87.245261,86.395693,86.682996,0.338175,0.661825,0.394675,-0.454893,-0.167590,44.000000,43.854972,68.471692,46.012877,47.683257,0.074752,0.925248,24.616720,2.157905,3.828285,45.000000,44.867549,44.666708,45.105262,44.940371,0.375987,0.624013,-0.200841,0.237713,0.072822,86.850586,87.245261,86.395693,86.682996,0.338175,0.661825,0.394675,-0.454893,-0.167590
32.080000,87.000000,86.850586,87.112461,86.939180,86.997591,0.337089,0.662911,0.261875,0.088594,0.147005,44.000000,43.854972,69.805627,42.443116,44.308268,0.068689,0.931311,25.950655,-1.411856,0.453296,45.000000,44.867549,44.889132,45.147875,45.049626,0.379717,0.620283,0.021583,0.280326,0.182077,86.850586,87.112461,86.939180,86.997591,0.337089,0.662911,0.261875,0.088594,0.147005
32.100000,87.000000,86.850586,85.922366,86.578585,86.356148,0.338969,0.661031,-0.928220,-0.272001,-0.494438,44.000000,43.854972,65.895564,44.319637,45.627261,0.060902,0.939098,22.040592,0.464665,1.772289,45.000000,44.867549,44.772534,44.924505,44.866643,0.380740,0.619260,-0.095015,0.056956,-0.000906,86.850586,85.922366,86.578585,86.356148,0.338969,0.661031,-0.928220,-0.272001,-0.494438
32.120000,87.000000,86.850586,87.180321,86.743539,86.888801,0.332572,0.667428,0.329735,-0.107047,0.038215,44.000000,43.854972,69.711822,44.920975,46.326755,0.057077,0.942923,25.856850,1.066003,2.471783,45.000000,44.867549,44.512831,44.303495,44.382836,0.379015,0.620985,-0.354718,-0.564054,-0.484713,86.850586,87.180321,86.743539,86.888801,0.332572,0.667428,0.329735,-0.107047,0.038215
32.140000,87.000000,86.850586,86.417596,86.446937,86.437313,0.328013,0.671987,-0.432990,-0.403649,-0.413273,44.000000,43.854972,67.875206,44.538314,45.810551,0.054835,0.945165,24.020233,0.683342,1.955579,45.000000,44.867549,44.303176,45.051482,44.773139,0.371965,0.628035,-0.564372,0.183934,-0.094410,86.850586,86.417596,86.446937,86.437313,0.328013,0.671987,-0.432990,-0.403649,-0.413273
32.160000,87.000000,86.850586,86.681573,86.848992,86.794341,0.326431,0.673569,-0.169013,-0.001594,-0.056245,44.000000,43.854972,68.441416,46.112681,47.292256,0.053112,0.946888,24.586444,2.257709,3.437284,45.000000,44.867549,44.239885,45.103204,44.793412,0.358840,0.641160,-0.627664,0.235656,-0.074137,86.850586,86.681573,86.848992,86.794341,0.326431,0.673569,-0.169013,-0.001594,-0.056245
32.180000,87.000000,86.850586,86.094575,86.438835,86.326680,0.325786,0.674214,-0.756011,-0.411751,-0.523906,44.000000,43.854972,68.196209,42.803139,44.042963,0.049170,0.950830,24.341237,-1.051833,0.187991,45.000000,44.867549,45.223264,44.767630,44.931698,0.360086,0.639914,0.355715,-0.099918,0.064149,86.850586,86.094575,86.438835,86.326680,0.325786,0.674214,-0.756011,-0.411751,-0.523906
32.200000,87.000000,86.850586,86.183973,86.722278,86.541209,0.336368,0.663632,-0.666613,-0.128308,-0.309377,44.000000,43.854972,63.707642,45.339614,46.209689,0.047544,0.952456,19.852669,1.484642,2.354717,45.000000,44.867549,44.781681,44.611366,44.674001,0.367762,0.632238,-0.085868,-0.256183,-0.193548,86.850586,86.183973,86.722278,86.541209,0.336368,0.663632,-0.666613,-0.128308,-0.309377
32.220000,87.000000,86.850586,86.357909,86.808929,86.655805,0.339507,0.660493,-0.492677,-0.041657,-0.194781,44.000000,43.854972,66.746018,44.789696,45.816108,0.046996,0.953004,22.891046,0.934724,1.961136,45.000000,44.867549,44.396850,45.355880,45.007452,0.363314,0.636686,-0.470699,0.488331,0.139903,86.850586,86.357909,86.808929,86.655805,0.339507,0.660493,-0.492677,-0.041657,-0.194781
32.240000,87.000000,86.850586,86.151799,86.700673,86.509304,0.348657,0.651343,-0.698787,-0.149913,-0.341282,44.000000,43.854972,66.392925,45.032432,46.005152,0.045768,0.954232,22.537953,1.177459,2.150180,45.000000,44.867549,45.090661,44.672094,44.824713,0.364623,0.635377,0.223112,-0.195454,-0.042836,86.850586,86.151799,86.700673,86.509304,0.348657,0.651343,-0.698787,-0.149913,-0.341282
32.260000,87.000000,86.850586,86.513259,87.342162,87.040053,0.364469,0.635531,-0.337327,0.491576,0.189467,44.000000,43.854972,68.572262,45.215667,46.258419,0.044915,0.955085,24.717289,1.360694,2.403447,45.000000,44.867549,44.595564,44.799682,44.726352,0.359254,0.640746,-0.271985,-0.067866,-0.141197,86.850586,86.513259,87.342162,87.040053,0.364469,0.635531,-0.337327,0.491576,0.189467
32.280000,87.000000,86.850586,86.829103,86.690246,86.740818,0.364199,0.635801,-0.021483,-0.160340,-0.109768,44.000000,43.854972,68.336557,43.559007,44.638695,0.043873,0.956127,24.481585,-0.295966,0.783722,45.000000,44.867549,45.321572,45.199954,45.242960,0.353612,0.646388,0.454023,0.332405,0.375411,86.850586,86.829103,86.690246,86.740818,0.364199,0.635801,-0.021483,-0.160340,-0.109768
32.300000,87.000000,86.850586,87.214665,87.353362,87.301346,0.375033,0.624967,0.364079,0.502776,0.450760,44.000000,43.854972,71.030989,41.546960,42.800963,0.042945,0.957055,27.176016,-2.308012,-1.054009,45.000000,44.867549,44.510592,44.680893,44.620638,0.353815,0.646185,-0.356957,-0.186656,-0.246911,86.850586,87.214665,87.353362,87.301346,0.375033,0.624967,0.364079,0.502776,0.450760
32.320000,87.000000,86.850586,86.784473,86.615212,86.678717,0.375188,0.624812,-0.066113,-0.235374,-0.171869,44.000000,43.854972,68.809060,44.309065,45.341030,0.042404,0.957596,24.954087,0.454092,1.486057,45.000000,44.867549,45.419302,45.083571,45.204219,0.359358,0.640642,0.551753,0.216022,0.336670,86.850586,86.784473,86.615212,86.678717,0.375188,0.624812,-0.066113,-0.235374,-0.171869
32.340000,87.000000,86.850586,86.055138,87.531941,86.972465,0.378845,0.621155,-0.795448,0.681355,0.121879,44.000000,43.854972,69.267737,43.858836,44.906295,0.041523,0.958477,25.412765,0.003864,1.051322,45.000000,44.867549,44.911114,45.164000,45.072103,0.363392,0.636608,0.043565,0.296452,0.204555,86.850586,86.055138,87.531941,86.972465,0.378845,0.621155,-0.795448,0.681355,0.121879
32.360000,87.000000,86.850586,86.560289,86.871047,86.752600,0.381155,0.618845,-0.290297,0.020461,-0.097986,44.000000,43.854972,64.563082,44.310433,45.101494,0.039240,0.960760,20.708110,0.455460,1.246522,45.000000,44.867549,44.538184,45.131254,44.920624,0.355153,0.644847,-0.329364,0.263705,0.053075,86.850586,86.560289,86.871047,86.752600,0.381155,0.618845,-0.290297,0.020461,-0.097986
32.380000,87.000000,86.850586,86.831784,86.901585,86.875164,0.378508,0.621492,-0.018802,0.050999,0.024578,44.000000,43.854972,67.549584,42.238634,43.197180,0.038146,0.961854,23.694612,-1.616338,-0.657792,45.000000,44.867549,45.031945,44.576419,44.742097,0.363708,0.636292,0.164396,-0.291129,-0.125451,86.850586,86.831784,86.901585,86.875164,0.378508,0.621492,-0.018802,0.050999,0.024578
32.400000,87.000000,86.850586,86.782712,86.854949,86.827526,0.379629,0.620371,-0.067874,0.004363,-0.023060,44.000000,43.854972,68.072092,43.887172,44.776366,0.037011,0.962989,24.217119,0.032200,0.921394,45.000000,44.867549,44.719582,44.821751,44.784664,0.362999,0.637001,-0.147967,-0.045798,-0.082885,86.850586,86.782712,86.854949,86.827526,0.379629,0.620371,-0.067874,0.004363,-0.023060
32.420000,87.000000,86.850586,87.113855,86.806410,86.923093,0.379525,0.620475,0.263269,-0.044176,0.072507,44.000000,43.854972,67.928982,44.155410,44.996282,0.035599,0.964401,24.074010,0.300437,1.141310,45.000000,44.867549,45.241369,44.640514,44.860722,0.366491,0.633509,0.373820,-0.227035,-0.006827,86.850586,87.113855,86.806410,86.923093,0.379525,0.620475,0.263269,-0.044176,0.072507
32.440000,87.000000,86.850586,87.416585,86.852083,87.060780,0.369701,0.630299,0.565999,0.001497,0.210194,44.000000,43.854972,69.567185,44.038948,44.911266,0.034426,0.965574,25.712213,0.183976,1.056294,45.000000,44.867549,45.162460,44.875912,44.983146,0.374227,0.625773,0.294911,0.008364,0.115597,86.850586,87.416585,86.852083,87.060780,0.369701,0.630299,0.565999,0.001497,0.210194
32.460000,87.000000,86.850586,86.959753,86.781203,86.847983,0.374016,0.625984,0.109166,-0.069383,-0.002603,44.000000,43.854972,70.880853,44.397072,45.266464,0.033093,0.966907,27.025881,0.542099,1.411492,45.000000,44.867549,45.237279,44.905643,45.029981,0.374924,0.625076,0.369731,0.038094,0.162432,86.850586,86.959753,86.781203,86.847983,0.374016,0.625984,0.109166,-0.069383,-0.002603
32.480000,87.000000,86.850586,86.069940,86.423788,86.292259,0.371711,0.628289,-0.780646,-0.426798,-0.558327,44.000000,43.854972,66.878426,44.523548,45.224220,0.031524,0.968476,23.023453,0.668575,1.369247,45.000000,44.867549,44.848993,44.891235,44.875551,0.371288,0.628712,-0.018556,0.023687,0.008002,86.850586,86.069940,86.423788,86.292259,0.371711,0.628289,-0.780646,-0.426798,-0.558327
32.500000,87.000000,86.850586,85.569987,86.172518,85.945461,0.376840,0.623160,-1.280599,-0.678068,-0.905125,44.000000,43.854972,69.702292,43.416457,44.218242,0.030747,0.969253,25.847320,-0.438516,0.363269,45.000000,44.867549,44.728315,45.135762,44.983974,0.372534,0.627466,-0.139234,0.268213,0.116426,86.850586,85.569987,86.172518,85.945461,0.376840,0.623160,-1.280599,-0.678068,-0.905125
32.520000,87.000000,86.850586,86.416550,86.677664,86.579973,0.374132,0.625868,-0.434036,-0.172922,-0.270613,44.000000,43.854972,68.459117,44.610246,45.318318,0.029886,0.970114,24.604144,0.755274,1.463346,45.000000,44.867549,44.667676,45.115688,44.950363,0.369020,0.630980,-0.199873,0.248139,0.082814,86.850586,86.416550,86.677664,86.579973,0.374132,0.625868,-0.434036,-0.172922,-0.270613
32.540000,87.000000,86.850586,87.235693,86.777114,86.947109,0.370700,0.629300,0.385107,-0.073472,0.096523,44.000000,43.854972,68.910943,44.366268,45.072666,0.028983,0.971017,25.055971,0.511295,1.217694,45.000000,44.867549,45.612263,45.383681,45.466153,0.360798,0.639202,0.744715,0.516132,0.598604,86.850586,87.235693,86.777114,86.947109,0.370700,0.629300,0.385107,-0.073472,0.096523
32.560000,87.000000,86.850586,86.947725,86.678479,86.779084,0.373654,0.626346,0.097139,-0.172107,-0.071502,44.000000,43.854972,66.997588,43.837092,44.476727,0.027791,0.972209,23.142616,-0.017880,0.621755,45.000000,44.867549,44.530587,44.920285,44.781976,0.354915,0.645085,-0.336962,0.052737,-0.085573,86.850586,86.947725,86.678479,86.779084,0.373654,0.626346,0.097139,-0.172107,-0.071502
32.580000,87.000000,86.850586,85.943661,86.593594,86.346481,0.380212,0.619788,-0.906925,-0.256992,-0.504105,44.000000,43.854972,68.254837,43.519120,44.186733,0.027184,0.972816,24.399865,-0.335852,0.331761,45.000000,44.867549,45.059873,44.804548,44.893923,0.350044,0.649956,0.192324,-0.063000,0.026375,86.850586,85.943661,86.593594,86.346481,0.380212,0.619788,-0.906925,-0.256992,-0.504105
32.600000,87.000000,86.850586,87.017846,87.365640,87.232656,0.382366,0.617634,0.167260,0.515054,0.382070,44.000000,43.854972,66.894153,41.299935,41.971778,0.026452,0.973548,23.039180,-2.555037,-1.883194,45.000000,44.867549,44.246556,44.552053,44.445296,0.349453,0.650547,-0.620993,-0.315496,-0.422253,86.850586,87.017846,87.365640,87.232656,0.382366,0.617634,0.167260,0.515054,0.382070
32.620000,87.000000,86.850586,87.083637,87.014507,87.040892,0.381677,0.618323,0.233051,0.163921,0.190306,44.000000,43.854972,71.968360,43.788365,44.514091,0.025995,0.974005,28.113387,-0.066607,0.659118,45.000000,44.867549,44.788418,44.920567,44.874374,0.349552,0.650448,-0.079131,0.053018,0.006825,86.850586,87.083637,87.014507,87.040892,0.381677,0.618323,0.233051,0.163921,0.190306
32.640000,87.000000,86.850586,87.100459,86.820309,86.923763,0.369280,0.630720,0.249873,-0.030277,0.073177,44.000000,43.854972,69.706092,43.852034,44.509265,0.025621,0.974379,25.851119,-0.002938,0.654293,45.000000,44.867549,45.381125,45.283447,45.318071,0.354466,0.645534,0.513577,0.415899,0.450522,86.850586,87.100459,86.820309,86.923763,0.369280,0.630720,0.249873,-0.030277,0.073177
32.660000,87.000000,86.850586,87.194729,87.176570,87.183244,0.367504,0.632496,0.344143,0.325984,0.332658,44.000000,43.854972,66.947121,44.034506,44.609622,0.025256,0.974744,23.092148,0.179534,0.754650,45.000000,44.867549,44.266444,44.806902,44.621661,0.342748,0.657252,-0.601105,-0.060647,-0.245888,86.850586,87.194729,87.176570,87.183244,0.367504,0.632496,0.344143,0.325984,0.332658
32.680000,87.000000,86.850586,86.317481,86.941253,86.718671,0.356832,0.643168,-0.533105,0.090667,-0.131915,44.000000,43.854972,68.045526,45.845044,46.389440,0.024665,0.975335,24.190554,1.990072,2.534468,45.000000,44.867549,45.041764,44.929044,44.967822,0.344023,0.655977,0.174215,0.061495,0.100273,86.850586,86.317481,86.941253,86.718671,0.356832,0.643168,-0.533105,0.090667,-0.131915
32.700000,87.000000,86.850586,86.427906,86.980168,86.788785,0.346544,0.653456,-0.422680,0.129582,-0.061801,44.000000,43.854972,69.081375,42.423925,43.067147,0.024333,0.975667,25.226403,-1.431048,-0.787825,45.000000,44.867549,44.821331,44.688790,44.734076,0.341679,0.658321,-0.046218,-0.178759,-0.133472,86.850586,86.427906,86.980168,86.788785,0.346544,0.653456,-0.422680,0.129582,-0.061801
32.720000,87.000000,86.850586,86.269324,86.626223,86.503089,0.345011,0.654989,-0.581262,-0.224363,-0.347497,44.000000,43.854972,66.293391,44.476018,44.988086,0.023603,0.976397,22.438419,0.621046,1.133114,45.000000,44.867549,44.841646,44.691928,44.743541,0.344738,0.655262,-0.025903,-0.175621,-0.124007,86.850586,86.269324,86.626223,86.503089,0.345011,0.654989,-0.581262,-0.224363,-0.347497
32.740000,87.000000,86.850586,87.054622,86.603185,86.758063,0.343078,0.656922,0.204036,-0.247401,-0.092523,44.000000,43.854972,69.680130,44.399242,44.963899,0.022505,0.977495,25.825158,0.544270,1.108927,45.000000,44.867549,45.382625,44.629366,44.891148,0.347533,0.652467,0.515076,-0.238183,0.023599,86.850586,87.054622,86.603185,86.758063,0.343078,0.656922,0.204036,-0.247401,-0.092523
32.760000,87.000000,86.850586,86.496208,87.117583,86.901596,0.347595,0.652405,-0.354378,0.266997,0.051010,44.000000,43.854972,68.045678,45.604955,46.092673,0.021864,0.978136,24.190705,1.749982,2.237701,45.000000,44.867549,45.045459,44.807875,44.891744,0.353007,0.646993,0.177910,-0.059673,0.024195,86.850586,86.496208,87.117583,86.901596,0.347595,0.652405,-0.354378,0.266997,0.051010
32.780000,87.000000,86.850586,86.052308,87.114714,86.755078,0.338512,0.661488,-0.798278,0.264128,-0.095509,44.000000,43.854972,68.311075,41.679595,42.259737,0.021969,0.978031,24.456103,-2.175377,-1.595236,45.000000,44.867549,44.703940,45.137105,44.982031,0.358003,0.641997,-0.163609,0.269556,0.114482,86.850586,86.052308,87.114714,86.755078,0.338512,0.661488,-0.798278,0.264128,-0.095509
32.800000,87.000000,86.850586,87.803562,86.690532,87.068176,0.339295,0.660705,0.952976,-0.160054,0.217590,44.000000,43.854972,69.844800,44.696604,45.230694,0.021398,0.978602,25.989828,0.841631,1.375721,45.000000,44.867549,44.560259,45.080837,44.901338,0.344806,0.655194,-0.307290,0.213288,0.033790,86.850586,87.803562,86.690532,87.068176,0.339295,0.660705,0.952976,-0.160054,0.217590
32.820000,87.000000,86.850586,87.013060,87.398567,87.269771,0.334096,0.665904,0.162474,0.547981,0.419185,44.000000,43.854972,68.679879,44.158541,44.670972,0.021048,0.978952,24.824907,0.303569,0.816000,45.000000,44.867549,44.930989,45.416885,45.249546,0.344393,0.655607,0.063441,0.549336,0.381997,86.850586,87.013060,87.398567,87.269771,0.334096,0.665904,0.162474,0.547981,0.419185
32.840000,87.000000,86.850586,87.640281,86.452718,86.857816,0.341119,0.658881,0.789695,-0.397868,0.007230,44.000000,43.854972,67.133067,44.267524,44.738265,0.020716,0.979284,23.278095,0.412552,0.883292,45.000000,44.867549,44.845941,45.034013,44.969470,0.343185,0.656815,-0.021608,0.166464,0.101921,86.850586,87.640281,86.452718,86.857816,0.341119,0.658881,0.789695,-0.397868,0.007230
32.860000,87.000000,86.850586,87.382203,86.881573,87.054100,0.344621,0.655379,0.531617,0.030987,0.203514,44.000000,43.854972,69.319935,45.003727,45.502006,0.020637,0.979363,25.464962,1.148754,1.647034,45.000000,44.867549,45.807916,45.252237,45.446761,0.350065,0.649935,0.940367,0.384689,0.579212,86.850586,87.382203,86.881573,87.054100,0.344621,0.655379,0.531617,0.030987,0.203514
32.880000,87.000000,86.850586,87.697915,86.918362,87.195800,0.355894,0.644106,0.847329,0.067776,0.345214,44.000000,43.854972,66.106321,42.966735,43.442536,0.020694,0.979306,22.251349,-0.888237,-0.412437,45.000000,44.867549,44.561307,44.961358,44.822651,0.346724,0.653276,-0.306241,0.093809,-0.044898,86.850586,87.697915,86.918362,87.195800,0.355894,0.644106,0.847329,0.067776,0.345214
32.900000,87.000000,86.850586,86.822295,86.405399,86.552375,0.352548,0.647452,-0.028291,-0.445187,-0.298211,44.000000,43.854972,68.202414,46.082060,46.547203,0.021151,0.978849,24.347441,2.227088,2.692231,45.000000,44.867549,44.861514,44.865503,44.864107,0.349897,0.650103,-0.006035,-0.002046,-0.003442,86.850586,86.822295,86.405399,86.552375,0.352548,0.647452,-0.028291,-0.445187,-0.298211
32.920000,87.000000,86.850586,87.019719,86.929277,86.961963,0.361411,0.638589,0.169133,0.078691,0.111377,44.000000,43.854972,69.362864,44.043990,44.572229,0.021024,0.978976,25.507892,0.189017,0.717257,45.000000,44.867549,44.353556,44.504763,44.451750,0.350600,0.649400,-0.513993,-0.362786,-0.415799,86.850586,87.019719,86.929277,86.961963,0.361411,0.638589,0.169133,0.078691,0.111377
32.940000,87.000000,86.850586,87.056892,86.653537,86.800967,0.365511,0.634489,0.206306,-0.197049,-0.049619,44.000000,43.854972,69.634818,43.730458,44.264903,0.020797,0.979203,25.779846,-0.124515,0.409931,45.000000,44.867549,45.129684,45.019824,45.059125,0.357740,0.642260,0.262135,0.152275,0.191576,86.850586,87.056892,86.653537,86.800967,0.365511,0.634489,0.206306,-0.197049,-0.049619
32.960000,87.000000,86.850586,87.741100,86.433244,86.918024,0.370669,0.629331,0.890514,-0.417342,0.067438,44.000000,43.854972,65.858769,43.880647,44.331443,0.020630,0.979370,22.003797,0.025675,0.476470,45.000000,44.867549,44.734714,44.561678,44.623229,0.355716,0.644284,-0.132835,-0.305871,-0.244319,86.850586,87.741100,86.433244,86.918024,0.370669,0.629331,0.890514,-0.417342,0.067438
32.980000,87.000000,86.850586,87.550268,87.203267,87.334461,0.378079,0.621921,0.699682,0.352681,0.483875,44.000000,43.854972,67.060427,43.468226,43.958195,0.020907,0.979093,23.205455,-0.386746,0.103223,45.000000,44.867549,44.656681,45.022305,44.892975,0.353726,0.646274,-0.210868,0.154757,0.025426,86.850586,87.550268,87.203267,87.334461,0.378079,0.621921,0.699682,0.352681,0.483875
33.000000,87.000000,86.850586,87.410949,87.151564,87.249345,0.376972,0.623028,0.560363,0.300978,0.398759,44.000000,43.854972,66.891717,43.392769,43.872684,0.020558,0.979442,23.036744,-0.462203,0.017712,45.000000,44.867549,45.438998,45.133377,45.241112,0.352513,0.647487,0.571449,0.265828,0.373563,86.850586,87.410949,87.151564,87.249345,0.376972,0.623028,0.560363,0.300978,0.398759
33.020000,87.000000,86.850586,87.016601,86.928780,86.961818,0.376199,0.623801,0.166015,0.078194,0.111232,44.000000,43.854972,66.375761,44.791829,45.232059,0.020510,0.979490,22.520789,0.936857,1.377087,45.000000,44.867549,44.757141,44.580556,44.642072,0.348363,0.651637,-0.110408,-0.286993,-0.225477,86.850586,87.016601,86.928780,86.961818,0.376199,0.623801,0.166015,0.078194,0.111232
33.040000,87.000000,86.850586,87.035374,87.124836,87.091374,0.374036,0.625964,0.184788,0.274250,0.240788,44.000000,43.854972,64.756948,43.411993,43.848120,0.020544,0.979456,20.901975,-0.442979,-0.006853,45.000000,44.867549,44.833252,44.767338,44.791138,0.361073,0.638927,-0.034297,-0.100210,-0.076411,86.850586,87.035374,87.124836,87.091374,0.374036,0.625964,0.184788,0.274250,0.240788
33.060000,87.000000,86.850586,87.096558,87.022318,87.049631,0.367899,0.632101,0.245972,0.171732,0.199045,44.000000,43.854972,65.100981,43.351707,43.785869,0.020075,0.979925,21.246009,-0.503266,-0.069103,45.000000,44.867549,45.108449,45.168419,45.146563,0.364459,0.635541,0.240900,0.300871,0.279014,86.850586,87.096558,87.022318,87.049631,0.367899,0.632101,0.245972,0.171732,0.199045
33.080000,87.000000,86.850586,86.015321,87.113002,86.722872,0.355414,0.644586,-0.835265,0.262416,-0.127714,44.000000,43.854972,67.800112,44.557408,45.013371,0.019745,0.980255,23.945139,0.702436,1.158399,45.000000,44.867549,44.901925,45.420331,45.232327,0.362658,0.637342,0.034376,0.552782,0.364778,86.850586,86.015321,87.113002,86.722872,0.355414,0.644586,-0.835265,0.262416,-0.127714
33.100000,87.000000,86.850586,85.993273,86.893677,86.577070,0.351629,0.648371,-0.857313,0.043091,-0.273516,44.000000,43.854972,68.705503,42.450831,42.970807,0.019969,0.980031,24.850531,-1.404142,-0.884165,45.000000,44.867549,44.930910,44.877206,44.896780,0.364482,0.635518,0.063361,0.009657,0.029231,86.850586,85.993273,86.893677,86.577070,0.351629,0.648371,-0.857313,0.043091,-0.273516
33.120000,87.000000,86.850586,87.021261,86.798478,86.876615,0.350733,0.649267,0.170675,-0.052108,0.026029,44.000000,43.854972,67.153019,43.081600,43.559359,0.019986,0.980014,23.298046,-0.773372,-0.295613,45.000000,44.867549,44.350673,44.864609,44.681275,0.356726,0.643274,-0.516876,-0.002940,-0.186274,86.850586,87.021261,86.798478,86.876615,0.350733,0.649267,0.170675,-0.052108,0.026029
33.140000,87.000000,86.850586,86.708876,87.164319,87.006333,0.346886,0.653114,-0.141710,0.313733,0.155747,44.000000,43.854972,68.587716,43.977641,44.465288,0.019959,0.980041,24.732743,0.122669,0.610316,45.000000,44.867549,45.143899,44.715981,44.873254,0.367530,0.632470,0.276351,-0.151568,0.005705,86.850586,86.708876,87.164319,87.006333,0.346886,0.653114,-0.141710,0.313733,0.155747
33.160000,87.000000,86.850586,86.322391,87.503392,87.102929,0.339089,0.660911,-0.528195,0.652806,0.252343,44.000000,43.854972,68.672078,43.066350,43.558665,0.019378,0.980622,24.817105,-0.788622,-0.296308,45.000000,44.867549,44.707988,44.659156,44.677556,0.376797,0.623203,-0.159561,-0.208393,-0.189993,86.850586,86.322391,87.503392,87.102929,0.339089,0.660911,-0.528195,0.652806,0.252343
33.180000,87.000000,86.850586,87.160959,86.322623,86.615471,0.349322,0.650678,0.310373,-0.527963,-0.235115,44.000000,43.854972,68.041248,44.713796,45.160878,0.019291,0.980709,24.186275,0.858823,1.305906,45.000000,44.867549,44.804622,44.931327,44.884261,0.371461,0.628539,-0.062927,0.063778,0.016712,86.850586,87.160959,86.322623,86.615471,0.349322,0.650678,0.310373,-0.527963,-0.235115
33.200000,87.000000,86.850586,87.313695,86.886397,87.039072,0.357303,0.642697,0.463109,0.035811,0.188486,44.000000,43.854972,67.732358,43.278561,43.741328,0.019060,0.980940,23.877385,-0.576411,-0.113644,45.000000,44.867549,45.099155,44.982073,45.025462,0.370589,0.629411,0.231606,0.114524,0.157913,86.850586,87.313695,86.886397,87.039072,0.357303,0.642697,0.463109,0.035811,0.188486
33.220000,87.000000,86.850586,86.854180,86.547868,86.659408,0.364139,0.635861,0.003594,-0.302718,-0.191178,44.000000,43.854972,66.394192,45.942770,46.342547,0.019646,0.980354,22.539220,2.087798,2.487574,45.000000,44.867549,44.481119,45.107234,44.873396,0.373476,0.626524,-0.386430,0.239685,0.005847,86.850586,86.854180,86.547868,86.659408,0.364139,0.635861,0.003594,-0.302718,-0.191178
33.240000,87.000000,86.850586,87.023915,87.181206,87.123297,0.368164,0.631836,0.173329,0.330620,0.272711,44.000000,43.854972,69.853667,45.378372,45.855676,0.019642,0.980358,25.998695,1.523399,2.000703,45.000000,44.867549,44.415573,44.498922,44.468173,0.368922,0.631078,-0.451975,-0.368627,-0.399376,86.850586,87.023915,87.181206,87.123297,0.368164,0.631836,0.173329,0.330620,0.272711
33.260000,87.000000,86.850586,87.642913,86.999933,87.242734,0.377618,0.622382,0.792327,0.149347,0.392148,44.000000,43.854972,66.937832,42.687496,43.159289,0.019593,0.980407,23.082859,-1.167476,-0.695683,45.000000,44.867549,45.079507,44.831415,44.923986,0.373131,0.626869,0.211958,-0.036134,0.056437,86.850586,87.642913,86.999933,87.242734,0.377618,0.622382,0.792327,0.149347,0.392148
33.280000,87.000000,86.850586,86.988872,86.792663,86.866653,0.377098,0.622902,0.138286,-0.057923,0.016067,44.000000,43.854972,69.790722,45.783668,46.260378,0.019994,0.980006,25.935749,1.928696,2.405406,45.000000,44.867549,44.718399,44.878965,44.819467,0.370553,0.629447,-0.149149,0.011416,-0.048082,86.850586,86.988872,86.792663,86.866653,0.377098,0.622902,0.138286,-0.057923,0.016067
33.300000,87.000000,86.850586,86.681202,87.042232,86.905694,0.378190,0.621810,-0.169384,0.191646,0.055108,44.000000,43.854972,70.956211,41.522957,42.111670,0.020210,0.979790,27.101239,-2.332015,-1.743302,45.000000,44.867549,45.237588,45.080943,45.139452,0.373512,0.626488,0.370040,0.213394,0.271903,86.850586,86.681202,87.042232,86.905694,0.378190,0.621810,-0.169384,0.191646,0.055108
33.320000,87.000000,86.850586,86.328728,87.324940,86.959414,0.366916,0.633084,-0.521859,0.474354,0.108828,44.000000,43.854972,68.179026,43.419204,43.916244,0.020222,0.979778,24.324053,-0.435768,0.061272,45.000000,44.867549,44.144314,45.311608,44.891340,0.360038,0.639962,-0.723235,0.444059,0.023791,86.850586,86.328728,87.324940,86.959414,0.366916,0.633084,-0.521859,0.474354,0.108828
33.340000,87.000000,86.850586,87.279763,86.638464,86.874771,0.368483,0.631517,0.429177,-0.212123,0.024185,44.000000,43.854972,66.548512,45.687583,46.118019,0.020741,0.979259,22.693540,1.832610,2.263046,45.000000,44.867549,45.718927,44.891931,45.196247,0.367978,0.632022,0.851378,0.024383,0.328698,86.850586,87.279763,86.638464,86.874771,0.368483,0.631517,0.429177,-0.212123,0.024185
33.360000,87.000000,86.850586,86.388332,87.233440,86.918378,0.372806,0.627194,-0.462254,0.382854,0.067792,44.000000,43.854972,68.020290,43.484651,43.989702,0.020733,0.979267,24.165318,-0.370321,0.134730,45.000000,44.867549,45.079902,44.552604,44.752381,0.378868,0.621132,0.212354,-0.314944,-0.115168,86.850586,86.388332,87.233440,86.918378,0.372806,0.627194,-0.462254,0.382854,0.067792
33.380000,87.000000,86.850586,86.739555,87.076022,86.949817,0.375088,0.624912,-0.111031,0.225436,0.099231,44.000000,43.854972,69.493782,41.954825,42.523151,0.020825,0.979175,25.638809,-1.900147,-1.331821,45.000000,44.867549,45.511654,44.398757,44.827098,0.384889,0.615111,0.644105,-0.468792,-0.040451,86.850586,86.739555,87.076022,86.949817,0.375088,0.624912,-0.111031,0.225436,0.099231
33.400000,87.000000,86.850586,86.523281,86.950151,86.790567,0.373846,0.626154,-0.327305,0.099565,-0.060019,44.000000,43.854972,65.049081,44.694441,45.119330,0.020978,0.979022,21.194108,0.839468,1.264358,45.000000,44.867549,44.496572,44.967523,44.788073,0.381037,0.618963,-0.370977,0.099975,-0.079475,86.850586,86.523281,86.950151,86.790567,0.373846,0.626154,-0.327305,0.099565,-0.060019
33.420000,87.000000,86.850586,87.778166,86.762475,87.139008,0.370717,0.629283,0.927580,-0.088111,0.288422,44.000000,43.854972,69.168304,43.807111,44.334185,0.020943,0.979057,25.313331,-0.047862,0.479213,45.000000,44.867549,45.579391,44.837684,45.120575,0.381406,0.618594,0.711842,-0.029864,0.253026,86.850586,87.778166,86.762475,87.139008,0.370717,0.629283,0.927580,-0.088111,0.288422
33.440000,87.000000,86.850586,86.367704,86.930043,86.722357,0.369325,0.630675,-0.482883,0.079457,-0.128229,44.000000,43.854972,68.814325,42.732405,43.278523,0.021109,0.978891,24.959353,-1.122567,-0.576449,45.000000,44.867549,44.741992,44.677303,44.701846,0.379399,0.620601,-0.125557,-0.190246,-0.165703,86.850586,86.367704,86.930043,86.722357,0.369325,0.630675,-0.482883,0.079457,-0.128229
33.460000,87.000000,86.850586,87.781946,87.010606,87.298950,0.373823,0.626177,0.931360,0.160020,0.448364,44.000000,43.854972,67.188948,43.078928,43.586928,0.021217,0.978783,23.333976,-0.776045,-0.268044,45.000000,44.867549,45.697029,45.048027,45.295879,0.381897,0.618103,0.829480,0.180479,0.428330,86.850586,87.781946,87.010606,87.298950,0.373823,0.626177,0.931360,0.160020,0.448364
33.480000,87.000000,86.850586,86.948626,86.731749,86.812028,0.370160,0.629840,0.098040,-0.118837,-0.038558,44.000000,43.854972,68.056091,43.384199,43.902604,0.021165,0.978835,24.201119,-0.470773,0.047631,45.000000,44.867549,44.708034,44.430611,44.536918,0.383193,0.616807,-0.159515,-0.436938,-0.330631,86.850586,86.948626,86.731749,86.812028,0.370160,0.629840,0.098040,-0.118837,-0.038558
33.500000,87.000000,86.850586,86.092141,87.228742,86.802380,0.375121,0.624879,-0.758445,0.378156,-0.048206,44.000000,43.854972,69.483264,45.365486,45.881438,0.021542,0.978458,25.628292,1.510513,2.026466,45.000000,44.867549,44.217725,44.632507,44.473966,0.382229,0.617771,-0.649824,-0.235041,-0.393583,86.850586,86.092141,87.228742,86.802380,0.375121,0.624879,-0.758445,0.378156,-0.048206
33.520000,87.000000,86.850586,87.053925,86.955619,86.992227,0.372390,0.627610,0.203339,0.105033,0.141641,44.000000,43.854972,69.718095,43.903844,44.452849,0.021437,0.978563,25.863122,0.048871,0.597877,45.000000,44.867549,43.965417,44.459591,44.271126,0.381373,0.618627,-0.902132,-0.407958,-0.596422,86.850586,87.053925,86.955619,86.992227,0.372390,0.627610,0.203339,0.105033,0.141641
33.540000,87.000000,86.850586,87.125541,86.981508,87.035578,0.375398,0.624602,0.274955,0.130922,0.184992,44.000000,43.854972,66.644597,45.516056,45.975295,0.021851,0.978149,22.789625,1.661084,2.120323,45.000000,44.867549,45.507006,44.306847,44.754076,0.372642,0.627358,0.639457,-0.560702,-0.113473,86.850586,87.125541,86.981508,87.035578,0.375398,0.624602,0.274955,0.130922,0.184992
33.560000,87.000000,86.850586,87.121669,86.703177,86.859716,0.374055,0.625945,0.271083,-0.147409,0.009130,44.000000,43.854972,68.336586,42.592599,43.156642,0.022083,0.977917,24.481614,-1.262373,-0.698331,45.000000,44.867549,45.264525,44.587448,44.833279,0.363077,0.636923,0.396977,-0.280100,-0.034270,86.850586,87.121669,86.703177,86.859716,0.374055,0.625945,0.271083,-0.147409,0.009130
33.580000,87.000000,86.850586,86.711760,86.805459,86.770752,0.370412,0.629588,-0.138826,-0.045127,-0.079834,44.000000,43.854972,68.382382,43.087867,43.643468,0.022133,0.977867,24.527410,-0.767105,-0.211504,45.000000,44.867549,44.201644,45.168824,44.807360,0.373730,0.626270,-0.665905,0.301275,-0.060188,86.850586,86.711760,86.805459,86.770752,0.370412,0.629588,-0.138826,-0.045127,-0.079834
33.600000,87.000000,86.850586,87.334817,87.200513,87.249579,0.365329,0.634671,0.484231,0.349927,0.398993,44.000000,43.854972,67.282497,42.707181,43.222542,0.021122,0.978878,23.427525,-1.147792,-0.632430,45.000000,44.867549,44.470169,45.052195,44.833064,0.376498,0.623502,-0.397380,0.184646,-0.034485,86.850586,87.334817,87.200513,87.249579,0.365329,0.634671,0.484231,0.349927,0.398993
33.620000,87.000000,86.850586,86.775758,86.889967,86.848062,0.366907,0.633093,-0.074828,0.039380,-0.002524,44.000000,43.854972,69.198044,47.514217,48.019807,0.023447,0.976553,25.343071,3.659245,4.164834,45.000000,44.867549,45.387465,45.043180,45.171196,0.371831,0.628169,0.519916,0.175631,0.303647,86.850586,86.775758,86.889967,86.848062,0.366907,0.633093,-0.074828,0.039380,-0.002524
33.640000,87.000000,86.850586,87.218460,87.435535,87.354800,0.371923,0.628077,0.367874,0.584949,0.504214,44.000000,43.854972,68.267811,42.754997,43.353293,0.023632,0.976368,24.412839,-1.099975,-0.501679,45.000000,44.867549,45.287562,44.855983,45.015101,0.368688,0.631312,0.420013,-0.011566,0.147552,86.850586,87.218460,87.435535,87.354800,0.371923,0.628077,0.367874,0.584949,0.504214
33.660000,87.000000,86.850586,86.888296,86.475190,86.627623,0.368993,0.631007,0.037710,-0.375396,-0.222963,44.000000,43.854972,66.592984,45.676079,46.179174,0.024177,0.975823,22.738012,1.821106,2.324202,45.000000,44.867549,44.355519,45.210342,44.892161,0.372220,0.627780,-0.512030,0.342794,0.024612,86.850586,86.888296,86.475190,86.627623,0.368993,0.631007,0.037710,-0.375396,-0.222963
33.680000,87.000000,86.850586,86.968846,86.656373,86.769399,0.361714,0.638286,0.118260,-0.194213,-0.081187,44.000000,43.854972,64.376671,44.485042,44.953851,0.023679,0.976321,20.521698,0.630069,1.098879,45.000000,44.867549,44.632867,45.157663,44.959045,0.378467,0.621533,-0.234681,0.290114,0.091496,86.850586,86.968846,86.656373,86.769399,0.361714,0.638286,0.118260,-0.194213,-0.081187
33.700000,87.000000,86.850586,87.376780,87.440578,87.417717,0.358341,0.641659,0.526194,0.589992,0.567131,44.000000,43.854972,67.238300,42.203562,42.794817,0.023793,0.976207,23.383327,-1.651410,-1.060155,45.000000,44.867549,44.596978,44.847914,44.752090,0.381868,0.618132,-0.270571,-0.019634,-0.115459,86.850586,87.376780,87.440578,87.417717,0.358341,0.641659,0.526194,0.589992,0.567131
33.720000,87.000000,86.850586,86.518033,87.047804,86.856897,0.360358,0.639642,-0.332553,0.197218,0.006311,44.000000,43.854972,67.153770,44.130786,44.674553,0.023767,0.976233,23.298798,0.275813,0.819580,45.000000,44.867549,44.604698,45.057142,44.886416,0.377341,0.622659,-0.262851,0.189593,0.018867,86.850586,86.518033,87.047804,86.856897,0.360358,0.639642,-0.332553,0.197218,0.006311
33.740000,87.000000,86.850586,86.703990,87.270380,87.061265,0.369208,0.630792,-0.146596,0.419794,0.210679,44.000000,43.854972,67.678355,45.735844,46.266204,0.024308,0.975692,23.823382,1.880872,2.411231,45.000000,44.867549,44.856483,44.941044,44.909784,0.369680,0.630320,-0.011066,0.073495,0.042235,86.850586,86.703990,87.270380,87.061265,0.369208,0.630792,-0.146596,0.419794,0.210679
33.760000,87.000000,86.850586,86.985809,86.595411,86.736446,0.361259,0.638741,0.135223,-0.255175,-0.114140,44.000000,43.854972,66.401628,44.411418,44.933076,0.023858,0.976142,22.546655,0.556445,1.078103,45.000000,44.867549,43.365756,44.775898,44.279462,0.352049,0.647951,-1.501793,-0.091650,-0.588087,86.850586,86.985809,86.595411,86.736446,0.361259,0.638741,0.135223,-0.255175,-0.114140
33.780000,87.000000,86.850586,87.803263,87.090947,87.338079,0.346942,0.653058,0.952677,0.240361,0.487493,44.000000,43.854972,68.129568,43.370236,43.940802,0.023212,0.976788,24.274595,-0.484737,0.085830,45.000000,44.867549,44.686641,44.964927,44.866575,0.353421,0.646579,-0.180908,0.097378,-0.000974,86.850586,87.803263,87.090947,87.338079,0.346942,0.653058,0.952677,0.240361,0.487493
33.800000,87.000000,86.850586,86.479040,87.003048,86.813974,0.360822,0.639178,-0.371546,0.152462,-0.036612,44.000000,43.854972,68.880996,42.220226,42.843347,0.023570,0.976430,25.026023,-1.634746,-1.011625,45.000000,44.867549,44.741772,45.175478,45.021631,0.354728,0.645272,-0.125777,0.307930,0.154082,86.850586,86.479040,87.003048,86.813974,0.360822,0.639178,-0.371546,0.152462,-0.036612
33.820000,87.000000,86.850586,86.106253,87.150190,86.769372,0.364791,0.635209,-0.744333,0.299604,-0.081214,44.000000,43.854972,68.741855,43.935938,44.516161,0.023561,0.976439,24.886883,0.080966,0.661188,45.000000,44.867549,45.071347,45.539730,45.373412,0.355090,0.644910,0.203798,0.672181,0.505863,86.850586,86.106253,87.150190,86.769372,0.364791,0.635209,-0.744333,0.299604,-0.081214
33.840000,87.000000,86.850586,85.360082,87.305684,86.599119,0.363163,0.636837,-1.490504,0.455098,-0.251467,44.000000,43.854972,65.449275,44.976033,45.459651,0.023739,0.976261,21.594303,1.121060,1.604679,45.000000,44.867549,45.512467,44.733524,45.015720,0.362281,0.637719,0.644918,-0.134024,0.148171,86.850586,85.360082,87.305684,86.599119,0.363163,0.636837,-1.490504,0.455098,-0.251467
33.860000,87.000000,86.850586,86.428249,86.734636,86.625403,0.356520,0.643480,-0.422337,-0.115950,-0.225183,44.000000,43.854972,66.533132,44.604693,45.120098,0.023638,0.976362,22.678160,0.749721,1.265126,45.000000,44.867549,43.416516,44.619056,44.203048,0.345942,0.654058,-1.451033,-0.248493,-0.664501,86.850586,86.428249,86.734636,86.625403,0.356520,0.643480,-0.422337,-0.115950,-0.225183
33.880000,87.000000,86.850586,87.463093,86.472428,86.827948,0.358871,0.641129,0.612507,-0.378158,-0.022638,44.000000,43.854972,64.565617,44.616244,45.084927,0.023604,0.976396,20.710644,0.761272,1.229955,45.000000,44.867549,45.774010,44.793495,45.142092,0.355525,0.644475,0.906461,-0.074054,0.274543,86.850586,87.463093,86.472428,86.827948,0.358871,0.641129,0.612507,-0.378158,-0.022638
33.900000,87.000000,86.850586,87.884104,87.216218,87.455611,0.358434,0.641566,1.033518,0.365632,0.605025,44.000000,43.854972,67.778853,43.139428,43.699258,0.022885,0.977115,23.923881,-0.715544,-0.155714,45.000000,44.867549,44.783914,44.416196,44.548333,0.359344,0.640656,-0.083634,-0.451353,-0.319215,86.850586,87.884104,87.216218,87.455611,0.358434,0.641566,1.033518,0.365632,0.605025
33.920000,87.000000,86.850586,86.469255,86.327725,86.378662,0.359898,0.640102,-0.381331,-0.522861,-0.471924,44.000000,43.854972,67.292653,44.438804,44.959716,0.022935,0.977065,23.437681,0.583832,1.104744,45.000000,44.867549,44.044915,44.983231,44.652668,0.352295,0.647705,-0.822634,0.115682,-0.214881,86.850586,86.469255,86.327725,86.378662,0.359898,0.640102,-0.381331,-0.522861,-0.471924
33.940000,87.000000,86.850586,86.950875,86.930003,86.937440,0.356342,0.643658,0.100289,0.079417,0.086854,44.000000,43.854972,66.922152,45.940600,46.430936,0.023492,0.976508,23.067180,2.085628,2.575964,45.000000,44.867549,43.915276,45.498401,44.961412,0.339198,0.660802,-0.952273,0.630852,0.093863,86.850586,86.950875,86.930003,86.937440,0.356342,0.643658,0.100289,0.079417,0.086854
33.960000,87.000000,86.850586,86.584721,86.688188,86.652501,0.344912,0.655088,-0.265865,-0.162398,-0.198085,44.000000,43.854972,71.053366,45.429167,46.028075,0.023555,0.976445,27.198393,1.574195,2.173102,45.000000,44.867549,44.849267,44.945831,44.913295,0.336935,0.663065,-0.018282,0.078282,0.045746,86.850586,86.584721,86.688188,86.652501,0.344912,0.655088,-0.265865,-0.162398,-0.198085
33.980000,87.000000,86.850586,87.418185,86.976768,87.129365,0.345699,0.654301,0.567599,0.126182,0.278779,44.000000,43.854972,66.150899,44.776039,45.277894,0.023606,0.976394,22.295927,0.921067,1.422921,45.000000,44.867549,44.690111,44.362984,44.475233,0.343135,0.656865,-0.177438,-0.504564,-0.392316,86.850586,87.418185,86.976768,87.129365,0.345699,0.654301,0.567599,0.126182,0.278779
34.000000,87.000000,86.850586,86.447932,87.236916,86.970221,0.338025,0.661975,-0.402654,0.386330,0.119635,44.000000,43.854972,68.791497,45.065578,45.622849,0.023645,0.976355,24.936524,1.210606,1.767877,45.000000,44.867549,44.708364,44.717782,44.714572,0.340874,0.659126,-0.159185,-0.149766,-0.152977,86.850586,86.447932,87.236916,86.970221,0.338025,0.661975,-0.402654,0.386330,0.119635
34.020000,87.000000,86.850586,86.108974,86.773811,86.553259,0.331738,0.668262,-0.741612,-0.076775,-0.297327,44.000000,43.854972,67.303497,42.292472,42.890729,0.024097,0.975903,23.448525,-1.562500,-0.964243,45.000000,44.867549,45.697292,45.424196,45.517204,0.340569,0.659431,0.829743,0.556647,0.649655,86.850586,86.108974,86.773811,86.553259,0.331738,0.668262,-0.741612,-0.076775,-0.297327
34.040000,87.000000,86.850586,86.278057,86.864608,86.672355,0.327769,0.672231,-0.572529,0.014022,-0.178231,44.000000,43.854972,66.442045,44.522811,45.048493,0.024119,0.975881,22.587073,0.667839,1.193521,45.000000,44.867549,44.721762,44.845467,44.803515,0.339129,0.660871,-0.145787,-0.022082,-0.064034,86.850586,86.278057,86.864608,86.672355,0.327769,0.672231,-0.572529,0.014022,-0.178231
34.060000,87.000000,86.850586,86.905174,87.241930,87.132409,0.325223,0.674777,0.054588,0.391344,0.281823,44.000000,43.854972,67.510194,43.531426,44.108098,0.024213,0.975787,23.655222,-0.323546,0.253125,45.000000,44.867549,44.519708,45.159237,44.945177,0.334716,0.665284,-0.347841,0.291688,0.077628,86.850586,86.905174,87.241930,87.132409,0.325223,0.674777,0.054588,0.391344,0.281823
34.080000,87.000000,86.850586,87.307644,87.348584,87.334916,0.333851,0.666149,0.457058,0.497998,0.484330,44.000000,43.854972,68.919855,42.914653,43.542720,0.024345,0.975655,25.064882,-0.940320,-0.312252,45.000000,44.867549,44.683820,45.539797,45.255550,0.332074,0.667926,-0.183729,0.672249,0.388002,86.850586,87.307644,87.348584,87.334916,0.333851,0.666149,0.457058,0.497998,0.484330
34.100000,87.000000,86.850586,87.032071,86.954122,86.980816,0.342450,0.657550,0.181485,0.103536,0.130230,44.000000,43.854972,68.345173,45.800707,46.349572,0.024492,0.975508,24.490200,1.945734,2.494600,45.000000,44.867549,44.883497,44.704712,44.764272,0.333136,0.666864,0.015948,-0.162836,-0.103277,86.850586,87.032071,86.954122,86.980816,0.342450,0.657550,0.181485,0.103536,0.130230
34.120000,87.000000,86.850586,87.903326,86.264768,86.843384,0.353128,0.646872,1.052740,-0.585818,-0.007202,44.000000,43.854972,66.704549,44.935921,45.466524,0.024511,0.975489,22.849577,1.080949,1.611551,45.000000,44.867549,45.661687,44.811199,45.102452,0.342455,0.657545,0.794138,-0.056350,0.234903,86.850586,87.903326,86.264768,86.843384,0.353128,0.646872,1.052740,-0.585818,-0.007202
34.140000,87.000000,86.850586,87.101601,86.470183,86.699169,0.362655,0.637345,0.251015,-0.380403,-0.151417,44.000000,43.854972,65.843089,44.470992,44.993162,0.024564,0.975436,21.988117,0.616019,1.138190,45.000000,44.867549,45.148183,44.685953,44.844412,0.342814,0.657186,0.280634,-0.181596,-0.023137,86.850586,87.101601,86.470183,86.699169,0.362655,0.637345,0.251015,-0.380403,-0.151417
34.160000,87.000000,86.850586,87.264902,86.684693,86.902752,0.375828,0.624172,0.414316,-0.165893,0.052166,44.000000,43.854972,67.048663,42.322424,42.938631,0.025101,0.974899,23.193691,-1.532548,-0.916341,45.000000,44.867549,45.129497,44.717389,44.859799,0.345563,0.654437,0.261949,-0.150159,-0.007750,86.850586,87.264902,86.684693,86.902752,0.375828,0.624172,0.414316,-0.165893,0.052166
34.180000,87.000000,86.850586,86.319259,86.639597,86.522370,0.365950,0.634050,-0.531327,-0.210989,-0.328216,44.000000,43.854972,66.488227,45.056895,45.592634,0.025133,0.974867,22.633255,1.201923,1.737662,45.000000,44.867549,45.078537,44.969305,45.007236,0.347256,0.652744,0.210988,0.101756,0.139688,86.850586,86.319259,86.639597,86.522370,0.365950,0.634050,-0.531327,-0.210989,-0.328216
34.200000,87.000000,86.850586,86.941885,86.682948,86.777387,0.364718,0.635282,0.091299,-0.167638,-0.073199,44.000000,43.854972,70.285247,44.880652,45.512472,0.025060,0.974940,26.430275,1.025680,1.657500,45.000000,44.867549,44.628121,44.243123,44.378167,0.350767,0.649233,-0.239428,-0.624426,-0.489381,86.850586,86.941885,86.682948,86.777387,0.364718,0.635282,0.091299,-0.167638,-0.073199
34.220000,87.000000,86.850586,86.424603,86.948427,86.761605,0.356649,0.643351,-0.425983,0.097841,-0.088981,44.000000,43.854972,67.697809,42.445802,43.069015,0.024866,0.975134,23.842837,-1.409171,-0.785957,45.000000,44.867549,45.717254,45.161742,45.361323,0.359274,0.640726,0.849705,0.294194,0.493774,86.850586,86.424603,86.948427,86.761605,0.356649,0.643351,-0.425983,0.097841,-0.088981
34.240000,87.000000,86.850586,87.343550,87.188608,87.244267,0.359227,0.640773,0.492964,0.338022,0.393681,44.000000,43.854972,68.609600,40.742484,41.468201,0.026281,0.973719,24.754627,-3.112488,-2.386772,45.000000,44.867549,44.850143,44.689767,44.747740,0.361481,0.638519,-0.017406,-0.177782,-0.119809,86.850586,87.343550,87.188608,87.244267,0.359227,0.640773,0.492964,0.338022,0.393681
34.260000,87.000000,86.850586,86.695917,87.147748,86.989025,0.351289,0.648711,-0.154669,0.297162,0.138439,44.000000,43.854972,69.455385,43.405366,44.078862,0.026061,0.973939,25.600413,-0.449607,0.223889,45.000000,44.867549,45.416537,45.210620,45.284950,0.360974,0.639026,0.548988,0.343071,0.417402,86.850586,86.695917,87.147748,86.989025,0.351289,0.648711,-0.154669,0.297162,0.138439
34.280000,87.000000,86.850586,87.330804,86.684069,86.913432,0.354648,0.645352,0.480218,-0.166517,0.062846,44.000000,43.854972,68.845703,43.650326,44.288684,0.025526,0.974474,24.990730,-0.204646,0.433711,45.000000,44.867549,43.949708,44.915837,44.574845,0.352947,0.647053,-0.917841,0.048288,-0.292703,86.850586,87.330804,86.684069,86.913432,0.354648,0.645352,0.480218,-0.166517,0.062846
34.300000,87.000000,86.850586,87.781858,86.520950,86.984581,0.367698,0.632302,0.931272,-0.329636,0.133995,44.000000,43.854972,66.916718,43.707838,44.279478,0.024787,0.975213,23.061746,-0.147134,0.424506,45.000000,44.867549,45.099554,45.291281,45.224096,0.350419,0.649581,0.232005,0.423732,0.356547,86.850586,87.781858,86.520950,86.984581,0.367698,0.632302,0.931272,-0.329636,0.133995
34.320000,87.000000,86.850586,86.818248,86.898494,86.868559,0.373043,0.626957,-0.032338,0.047908,0.017973,44.000000,43.854972,69.481414,42.774193,43.432295,0.024849,0.975151,25.626441,-1.080779,-0.422677,45.000000,44.867549,44.754294,44.832882,44.804641,0.359356,0.640644,-0.113254,-0.034667,-0.062908,86.850586,86.818248,86.898494,86.868559,0.373043,0.626957,-0.032338,0.047908,0.017973
34.340000,87.000000,86.850586,86.822763,87.339220,87.150000,0.366381,0.633619,-0.027823,0.488634,0.299414,44.000000,43.854972,68.323366,44.125652,44.711991,0.024399,0.975601,24.468394,0.270680,0.857019,45.000000,44.867549,44.545468,44.927710,44.793728,0.350516,0.649484,-0.322080,0.060161,-0.073821,86.850586,86.822763,87.339220,87.150000,0.366381,0.633619,-0.027823,0.488634,0.299414
34.360000,87.000000,86.850586,86.899741,87.039844,86.987581,0.373033,0.626967,0.049155,0.189258,0.136995,44.000000,43.854972,67.811008,42.581802,43.197176,0.024575,0.975425,23.956036,-1.273170,-0.657797,45.000000,44.867549,45.256890,45.016246,45.099983,0.347971,0.652029,0.389341,0.148698,0.232435,86.850586,86.899741,87.039844,86.987581,0.373033,0.626967,0.049155,0.189258,0.136995
34.380000,87.000000,86.850586,87.320000,86.764528,86.969971,0.369854,0.630146,0.469414,-0.086058,0.119385,44.000000,43.854972,69.473741,43.478303,44.093348,0.023850,0.976150,25.618769,-0.376670,0.238376,45.000000,44.867549,45.147753,44.878411,44.970472,0.341799,0.658201,0.280204,0.010862,0.102923,86.850586,87.320000,86.764528,86.969971,0.369854,0.630146,0.469414,-0.086058,0.119385
34.400000,87.000000,86.850586,87.097633,86.839814,86.933663,0.364009,0.635991,0.247047,-0.010772,0.083077,44.000000,43.854972,65.542166,44.580614,45.079692,0.023933,0.976067,21.687194,0.725641,1.224720,45.000000,44.867549,45.700929,44.786522,45.108333,0.351935,0.648065,0.833380,-0.081027,0.240784,86.850586,87.097633,86.839814,86.933663,0.364009,0.635991,0.247047,-0.010772,0.083077
34.420000,87.000000,86.850586,86.226639,86.133545,86.168363,0.374001,0.625999,-0.623947,-0.717041,-0.682223,44.000000,43.854972,68.752342,45.354264,45.920139,0.024341,0.975659,24.897370,1.499292,2.065166,45.000000,44.867549,45.105439,44.599244,44.777294,0.351742,0.648258,0.237890,-0.268304,-0.090255,86.850586,86.226639,86.133545,86.168363,0.374001,0.625999,-0.623947,-0.717041,-0.682223
34.440000,87.000000,86.850586,87.755608,86.513580,86.957934,0.357766,0.642234,0.905022,-0.337006,0.107348,44.000000,43.854972,67.446332,40.974339,41.633714,0.025115,0.974885,23.591360,-2.880633,-2.221258,45.000000,44.867549,45.101827,44.896637,44.969032,0.352817,0.647183,0.234279,0.029089,0.101483,86.850586,87.755608,86.513580,86.957934,0.357766,0.642234,0.905022,-0.337006,0.107348
34.460000,87.000000,86.850586,87.444091,87.003633,87.163062,0.361960,0.638040,0.593505,0.153047,0.312476,44.000000,43.854972,66.472648,42.547107,43.140278,0.024960,0.975040,22.617676,-1.307865,-0.714694,45.000000,44.867549,45.060075,44.477930,44.684443,0.354746,0.645254,0.192526,-0.389618,-0.183105,86.850586,87.444091,87.003633,87.163062,0.361960,0.638040,0.593505,0.153047,0.312476
34.480000,87.000000,86.850586,86.397379,86.877951,86.701523,0.367121,0.632879,-0.453207,0.027365,-0.149063,44.000000,43.854972,70.239497,42.663627,43.339897,0.024745,0.975255,26.384525,-1.191345,-0.515076,45.000000,44.867549,44.158626,44.933260,44.666435,0.344455,0.655545,-0.708923,0.065712,-0.201114,86.850586,86.397379,86.877951,86.701523,0.367121,0.632879,-0.453207,0.027365,-0.149063
34.500000,87.000000,86.850586,86.769373,86.508386,86.601326,0.356108,0.643892,-0.081213,-0.342200,-0.249261,44.000000,43.854972,67.343728,43.876155,44.452441,0.024717,0.975283,23.488756,0.021183,0.597468,45.000000,44.867549,44.418709,45.167715,44.911870,0.341580,0.658420,-0.448839,0.300166,0.044321,86.850586,86.769373,86.508386,86.601326,0.356108,0.643892,-0.081213,-0.342200,-0.249261
34.520000,87.000000,86.850586,87.236648,87.095913,87.146022,0.356049,0.643951,0.386062,0.245327,0.295435,44.000000,43.854972,69.926035,44.753266,45.377795,0.024996,0.975004,26.071063,0.898294,1.522823,45.000000,44.867549,44.454549,45.336298,45.037397,0.338988,0.661012,-0.412999,0.468749,0.169848,86.850586,87.236648,87.095913,87.146022,0.356049,0.643951,0.386062,0.245327,0.295435
34.540000,87.000000,86.850586,85.737791,86.790038,86.407317,0.363719,0.636281,-1.112795,-0.060548,-0.443269,44.000000,43.854972,71.971020,42.227626,42.957164,0.024785,0.975215,28.116047,-1.627346,-0.897809,45.000000,44.867549,45.342711,45.126947,45.198464,0.331458,0.668542,0.475162,0.259398,0.330915,86.850586,85.737791,86.790038,86.407317,0.363719,0.636281,-1.112795,-0.060548,-0.443269
34.560000,87.000000,86.850586,86.516615,86.606785,86.573622,0.367778,0.632222,-0.333971,-0.243801,-0.276964,44.000000,43.854972,68.975080,43.520588,44.134116,0.024288,0.975712,25.120107,-0.334385,0.279144,45.000000,44.867549,45.780014,44.696938,45.058558,0.333883,0.666117,0.912465,-0.170611,0.191009,86.850586,86.516615,86.606785,86.573622,0.367778,0.632222,-0.333971,-0.243801,-0.276964
34.580000,87.000000,86.850586,86.676832,87.111835,86.950415,0.371079,0.628921,-0.173754,0.261249,0.099829,44.000000,43.854972,66.641404,42.767990,43.337349,0.024010,0.975990,22.786432,-1.086982,-0.517624,45.000000,44.867549,45.236163,44.960222,45.054979,0.343395,0.656605,0.368614,0.092673,0.187430,86.850586,86.676832,87.111835,86.950415,0.371079,0.628921,-0.173754,0.261249,0.099829
34.600000,87.000000,86.850586,86.476650,86.434072,86.449917,0.372143,0.627857,-0.373936,-0.416514,-0.400669,44.000000,43.854972,66.851687,43.302018,43.850522,0.023445,0.976555,22.996715,-0.552954,-0.004450,45.000000,44.867549,45.892382,44.927574,45.269966,0.354882,0.645118,1.024833,0.060025,0.402417,86.850586,86.476650,86.434072,86.449917,0.372143,0.627857,-0.373936,-0.416514,-0.400669
34.620000,87.000000,86.850586,86.753953,87.023185,86.922555,0.373768,0.626232,-0.096633,0.172599,0.071969,44.000000,43.854972,67.901666,42.663958,43.217549,0.022102,0.977898,24.046694,-1.191015,-0.637423,45.000000,44.867549,44.851346,44.755552,44.789438,0.353735,0.646265,-0.016203,-0.111997,-0.078111,86.850586,86.753953,87.023185,86.922555,0.373768,0.626232,-0.096633,0.172599,0.071969
34.640000,87.000000,86.850586,85.618277,87.237886,86.647988,0.364224,0.635776,-1.232309,0.387300,-0.202598,44.000000,43.854972,65.543663,42.636493,43.129649,0.021663,0.978337,21.688690,-1.218479,-0.725323,45.000000,44.867549,44.952784,44.462869,44.637003,0.355437,0.644563,0.085235,-0.404679,-0.230546,86.850586,85.618277,87.237886,86.647988,0.364224,0.635776,-1.232309,0.387300,-0.202598
34.660000,87.000000,86.850586,86.226963,87.098231,86.790977,0.352652,0.647348,-0.623623,0.247645,-0.059609,44.000000,43.854972,68.662625,44.794466,45.312974,0.021872,0.978128,24.807653,0.939494,1.458002,45.000000,44.867549,44.791415,44.651478,44.702364,0.363634,0.636366,-0.076133,-0.216071,-0.165185,86.850586,86.226963,87.098231,86.790977,0.352652,0.647348,-0.623623,0.247645,-0.059609
34.680000,87.000000,86.850586,87.020670,86.853875,86.912431,0.351064,0.648936,0.170084,0.003289,0.061845,44.000000,43.854972,69.301451,44.434579,44.979017,0.022056,0.977944,25.446478,0.579607,1.124045,45.000000,44.867549,44.413408,45.245717,44.945747,0.360407,0.639593,-0.454141,0.378168,0.078198,86.850586,87.020670,86.853875,86.912431,0.351064,0.648936,0.170084,0.003289,0.061845
34.700000,87.000000,86.850586,86.460515,86.742058,86.643840,0.348856,0.651144,-0.390071,-0.108528,-0.206746,44.000000,43.854972,65.983675,43.507109,43.984644,0.021374,0.978626,22.128703,-0.347863,0.129671,45.000000,44.867549,44.829200,45.144799,45.031215,0.359901,0.640099,-0.038349,0.277250,0.163666,86.850586,86.460515,86.742058,86.643840,0.348856,0.651144,-0.390071,-0.108528,-0.206746
34.720000,87.000000,86.850586,86.707798,87.426376,87.175868,0.348617,0.651383,-0.142788,0.575790,0.325282,44.000000,43.854972,67.011367,42.028500,42.561188,0.021481,0.978519,23.156395,-1.826472,-1.293784,45.000000,44.867549,45.227298,44.486723,44.761265,0.370716,0.629284,0.359749,-0.380826,-0.106284,86.850586,86.707798,87.426376,87.175868,0.348617,0.651383,-0.142788,0.575790,0.325282
34.740000,87.000000,86.850586,86.125689,87.250031,86.863462,0.343819,0.656181,-0.724897,0.399445,0.012876,44.000000,43.854972,68.366060,41.426725,42.000818,0.021496,0.978504,24.511088,-2.428248,-1.854154,45.000000,44.867549,44.885818,44.674991,44.753724,0.373449,0.626551,0.018270,-0.192558,-0.113825,86.850586,86.125689,87.250031,86.863462,0.343819,0.656181,-0.724897,0.399445,0.012876
34.760000,87.000000,86.850586,86.447634,86.678785,86.600437,0.338948,0.661052,-0.402953,-0.171801,-0.250149,44.000000,43.854972,68.624782,43.213034,43.754118,0.021457,0.978543,24.769810,-0.641938,-0.100855,45.000000,44.867549,45.284955,44.919216,45.052649,0.364830,0.635170,0.417406,0.051668,0.185100,86.850586,86.447634,86.678785,86.600437,0.338948,0.661052,-0.402953,-0.171801,-0.250149
34.780000,87.000000,86.850586,85.857512,86.249067,86.119049,0.332055,0.667945,-0.993074,-0.601519,-0.731537,44.000000,43.854972,67.688837,44.792968,45.290576,0.021869,0.978131,23.833865,0.937996,1.435604,45.000000,44.867549,45.147819,45.065378,45.095211,0.361870,0.638130,0.280270,0.197830,0.227662,86.850586,85.857512,86.249067,86.119049,0.332055,0.667945,-0.993074,-0.601519,-0.731537
34.800000,87.000000,86.850586,86.509908,87.221603,86.985782,0.331352,0.668648,-0.340678,0.371017,0.135196,44.000000,43.854972,68.423850,43.646133,44.169025,0.021258,0.978742,24.568877,-0.208840,0.314053,45.000000,44.867549,44.343610,44.899147,44.698133,0.361839,0.638161,-0.523939,0.031598,-0.169416,86.850586,86.509908,87.221603,86.985782,0.331352,0.668648,-0.340678,0.371017,0.135196
34.820000,87.000000,86.850586,86.740923,86.975813,86.896411,0.338036,0.661964,-0.109663,0.125227,0.045825,44.000000,43.854972,70.491764,44.984614,45.537003,0.021825,0.978175,26.636792,1.129642,1.682030,45.000000,44.867549,44.807091,45.341120,45.147936,0.361748,0.638252,-0.060457,0.473571,0.280388,86.850586,86.740923,86.975813,86.896411,0.338036,0.661964,-0.109663,0.125227,0.045825
34.840000,87.000000,86.850586,86.601338,86.581007,86.588277,0.357576,0.642424,-0.249248,-0.269579,-0.262309,44.000000,43.854972,68.504314,43.264772,43.808395,0.021702,0.978298,24.649342,-0.590200,-0.046577,45.000000,44.867549,45.785859,45.151317,45.381779,0.363194,0.636806,0.918310,0.283768,0.514230,86.850586,86.601338,86.581007,86.588277,0.357576,0.642424,-0.249248,-0.269579,-0.262309
34.860000,87.000000,86.850586,86.555927,86.851085,86.745278,0.358475,0.641525,-0.294659,0.000499,-0.105308,44.000000,43.854972,69.573934,44.559535,45.104653,0.021955,0.978045,25.718962,0.704563,1.249680,45.000000,44.867549,44.577357,45.463752,45.141183,0.363912,0.636088,-0.290192,0.596204,0.273634,86.850586,86.555927,86.851085,86.745278,0.358475,0.641525,-0.294659,0.000499,-0.105308
34.880000,87.000000,86.850586,87.576223,86.211157,86.703367,0.360577,0.639423,0.725637,-0.639429,-0.147219,44.000000,43.854972,67.395854,44.234521,44.742148,0.022057,0.977943,23.540882,0.379549,0.887176,45.000000,44.867549,44.716938,44.408612,44.523331,0.372070,0.627930,-0.150611,-0.458937,-0.344218,86.850586,87.576223,86.211157,86.703367,0.360577,0.639423,0.725637,-0.639429,-0.147219
34.900000,87.000000,86.850586,85.972992,86.706883,86.450422,0.349454,0.650546,-0.877594,-0.143703,-0.400164,44.000000,43.854972,69.243583,44.519849,45.063662,0.022156,0.977844,25.388611,0.664877,1.208690,45.000000,44.867549,45.921592,44.664082,45.119883,0.362464,0.637536,1.054043,-0.203467,0.252334,86.850586,85.972992,86.706883,86.450422,0.349454,0.650546,-0.877594,-0.143703,-0.400164
34.920000,87.000000,86.850586,85.850806,86.939399,86.570250,0.339107,0.660893,-0.999780,0.088812,-0.280336,44.000000,43.854972,65.814002,45.201044,45.665887,0.022665,0.977335,21.959030,1.346072,1.810915,45.000000,44.867549,45.519145,44.710817,44.992805,0.348854,0.651146,0.651596,-0.156732,0.125256,86.850586,85.850806,86.939399,86.570250,0.339107,0.660893,-0.999780,0.088812,-0.280336
34.940000,87.000000,86.850586,86.792307,86.580392,86.652547,0.340490,0.659510,-0.058279,-0.270194,-0.198039,44.000000,43.854972,67.994139,43.165753,43.707649,0.021986,0.978014,24.139167,-0.689220,-0.147323,45.000000,44.867549,45.096085,44.854490,44.935505,0.335334,0.664666,0.228536,-0.013059,0.067956,86.850586,86.792307,86.580392,86.652547,0.340490,0.659510,-0.058279,-0.270194,-0.198039
34.960000,87.000000,86.850586,86.582237,86.637284,86.618508,0.341095,0.658905,-0.268349,-0.213302,-0.232078,44.000000,43.854972,68.163787,43.431313,43.961982,0.021613,0.978387,24.308814,-0.423659,0.107009,45.000000,44.867549,44.569730,44.508408,44.528902,0.334204,0.665796,-0.297819,-0.359141,-0.338647,86.850586,86.582237,86.637284,86.618508,0.341095,0.658905,-0.268349,-0.213302,-0.232078
34.980000,87.000000,86.850586,86.746895,87.095201,86.978332,0.335536,0.664464,-0.103691,0.244615,0.127746,44.000000,43.854972,65.365956,45.250166,45.686798,0.021811,0.978189,21.510983,1.395194,1.831825,45.000000,44.867549,44.888083,44.773825,44.812091,0.334907,0.665093,0.020535,-0.093724,-0.055458,86.850586,86.746895,87.095201,86.978332,0.335536,0.664464,-0.103691,0.244615,0.127746
35.000000,87.000000,86.850586,86.432778,87.080723,86.862427,0.336906,0.663094,-0.417808,0.230137,0.011841,44.000000,43.854972,68.189654,43.172311,43.705098,0.021456,0.978544,24.334682,-0.682662,-0.149874,45.000000,44.867549,44.471918,44.582102,44.545154,0.335330,0.664670,-0.395630,-0.285447,-0.322395,86.850586,86.432778,87.080723,86.862427,0.336906,0.663094,-0.417808,0.230137,0.011841
35.020000,87.000000,86.850586,86.320583,86.916761,86.714747,0.338849,0.661151,-0.530003,0.066175,-0.135839,44.000000,43.854972,68.551709,44.326063,44.838782,0.021313,0.978687,24.696737,0.471091,0.983810,45.000000,44.867549,44.916257,44.775760,44.823025,0.336412,0.663588,0.048708,-0.091789,-0.044524,86.850586,86.320583,86.916761,86.714747,0.338849,0.661151,-0.530003,0.066175,-0.135839
35.040000,87.000000,86.850586,87.190362,87.064267,87.107702,0.344458,0.655542,0.339776,0.213681,0.257116,44.000000,43.854972,66.007572,45.598687,46.037777,0.021622,0.978378,22.152599,1.743715,2.182805,45.000000,44.867549,44.547332,44.770348,44.695202,0.336954,0.663046,-0.320217,-0.097200,-0.172347,86.850586,87.190362,87.064267,87.107702,0.344458,0.655542,0.339776,0.213681,0.257116
35.060000,87.000000,86.850586,87.078028,86.776937,86.881794,0.348258,0.651742,0.227442,-0.073649,0.031208,44.000000,43.854972,67.883423,44.880160,45.377482,0.021756,0.978244,24.028451,1.025188,1.522510,45.000000,44.867549,44.253727,44.901540,44.683457,0.336646,0.663354,-0.613822,0.033991,-0.184092,86.850586,87.078028,86.776937,86.881794,0.348258,0.651742,0.227442,-0.073649,0.031208
35.080000,87.000000,86.850586,87.246981,86.888076,87.013515,0.349504,0.650496,0.396394,0.037490,0.162929,44.000000,43.854972,68.653431,44.263473,44.790572,0.021765,0.978235,24.798459,0.408501,0.935600,45.000000,44.867549,45.189439,45.011567,45.069924,0.328082,0.671918,0.321890,0.144018,0.202375,86.850586,87.246981,86.888076,87.013515,0.349504,0.650496,0.396394,0.037490,0.162929
35.100000,87.000000,86.850586,86.567881,87.592784,87.242179,0.342087,0.657913,-0.282705,0.742198,0.391593,44.000000,43.854972,69.985451,43.592164,44.135396,0.020754,0.979246,26.130479,-0.262808,0.280424,45.000000,44.867549,43.656840,44.676316,44.334918,0.334877,0.665123,-1.210709,-0.191232,-0.532631,86.850586,86.567881,87.592784,87.242179,0.342087,0.657913,-0.282705,0.742198,0.391593
35.120000,87.000000,86.850586,87.029103,86.859454,86.915672,0.331382,0.668618,0.178517,0.008868,0.065086,44.000000,43.854972,70.337938,44.224273,44.746949,0.020179,0.979821,26.482966,0.369301,0.891977,45.000000,44.867549,44.666856,45.381424,45.132634,0.348169,0.651831,-0.200693,0.513876,0.265086,86.850586,87.029103,86.859454,86.915672,0.331382,0.668618,0.178517,0.008868,0.065086
35.140000,87.000000,86.850586,87.007945,86.817048,86.879613,0.327742,0.672258,0.157359,-0.033538,0.029027,44.000000,43.854972,69.595107,46.100119,46.573751,0.020292,0.979708,25.740134,2.245147,2.718779,45.000000,44.867549,44.034212,44.264595,44.183074,0.353852,0.646148,-0.833336,-0.602953,-0.684475,86.850586,87.007945,86.817048,86.879613,0.327742,0.672258,0.157359,-0.033538,0.029027
35.160000,87.000000,86.850586,87.164341,86.803532,86.921141,0.325959,0.674041,0.313755,-0.047054,0.070555,44.000000,43.854972,66.359763,42.557725,43.047940,0.020735,0.979265,22.504791,-1.297247,-0.807032,45.000000,44.867549,45.353113,45.095531,45.186872,0.354609,0.645391,0.485564,0.227982,0.319323,86.850586,87.164341,86.803532,86.921141,0.325959,0.674041,0.313755,-0.047054,0.070555
35.180000,87.000000,86.850586,86.207721,86.981325,86.731483,0.322959,0.677041,-0.642865,0.130739,-0.119103,44.000000,43.854972,68.536989,45.162209,45.630029,0.020145,0.979855,24.682016,1.307237,1.775056,45.000000,44.867549,44.900734,45.009580,44.970780,0.356467,0.643533,0.033185,0.142031,0.103231,86.850586,86.207721,86.981325,86.731483,0.322959,0.677041,-0.642865,0.130739,-0.119103
35.200000,87.000000,86.850586,86.471284,86.796111,86.692498,0.318978,0.681022,-0.379303,-0.054475,-0.158088,44.000000,43.854972,66.247048,44.306943,44.733742,0.019565,0.980435,22.392076,0.451971,0.878770,45.000000,44.867549,44.819319,45.457233,45.224193,0.365316,0.634684,-0.048230,0.589684,0.356644,86.850586,86.471284,86.796111,86.692498,0.318978,0.681022,-0.379303,-0.054475,-0.158088
35.220000,87.000000,86.850586,86.793910,86.579931,86.649346,0.324403,0.675597,-0.056676,-0.270655,-0.201240,44.000000,43.854972,67.819161,44.740886,45.189998,0.019585,0.980415,23.964188,0.885914,1.335026,45.000000,44.867549,44.896252,44.919613,44.910946,0.371000,0.629000,0.028703,0.052064,0.043397,86.850586,86.793910,86.579931,86.649346,0.324403,0.675597,-0.056676,-0.270655,-0.201240
35.240000,87.000000,86.850586,86.174338,86.812636,86.609140,0.318812,0.681188,-0.676248,-0.037950,-0.241446,44.000000,43.854972,66.875051,45.115103,45.526116,0.018996,0.981004,23.020078,1.260131,1.671144,45.000000,44.867549,44.433210,44.825569,44.678116,0.375813,0.624187,-0.434339,-0.041980,-0.189433,86.850586,86.174338,86.812636,86.609140,0.318812,0.681188,-0.676248,-0.037950,-0.241446
35.260000,87.000000,86.850586,86.834740,86.611692,86.683775,0.323171,0.676829,-0.015846,-0.238894,-0.166811,44.000000,43.854972,67.436371,43.460513,43.917664,0.019199,0.980801,23.581398,-0.394460,0.062691,45.000000,44.867549,43.656328,44.958841,44.481860,0.366202,0.633798,-1.211221,0.091292,-0.385689,86.850586,86.834740,86.611692,86.683775,0.323171,0.676829,-0.015846,-0.238894,-0.166811
35.280000,87.000000,86.850586,86.902830,86.819785,86.846317,0.319488,0.680512,0.052244,-0.030801,-0.004269,44.000000,43.854972,68.521749,45.133238,45.579596,0.019210,0.980790,24.666777,1.278266,1.724624,45.000000,44.867549,44.980725,44.663556,44.783551,0.378333,0.621667,0.113176,-0.203993,-0.083998,86.850586,86.902830,86.819785,86.846317,0.319488,0.680512,0.052244,-0.030801,-0.004269
35.300000,87.000000,86.850586,86.569763,86.826056,86.746430,0.310686,0.689314,-0.280823,-0.024530,-0.104156,44.000000,43.854972,65.934732,43.250869,43.688974,0.019433,0.980567,22.079760,-0.604103,-0.165998,45.000000,44.867549,45.153351,45.221975,45.196137,0.376524,0.623476,0.285802,0.354426,0.328588,86.850586,86.569763,86.826056,86.746430,0.310686,0.689314,-0.280823,-0.024530,-0.104156
35.320000,87.000000,86.850586,86.590606,86.571839,86.577685,0.311522,0.688478,-0.259980,-0.278747,-0.272901,44.000000,43.854972,65.954210,41.502410,42.007641,0.020810,0.979190,22.099238,-2.352562,-1.847331,45.000000,44.867549,44.051340,44.409029,44.273589,0.378654,0.621346,-0.816209,-0.458519,-0.593960,86.850586,86.590606,86.571839,86.577685,0.311522,0.688478,-0.259980,-0.278747,-0.272901
35.340000,87.000000,86.850586,86.594732,87.000226,86.873872,0.311605,0.688395,-0.255854,0.149640,0.023286,44.000000,43.854972,67.236399,42.459062,42.980853,0.021214,0.978786,23.381426,-1.395910,-0.874119,45.000000,44.867549,44.707327,44.611138,44.647301,0.375957,0.624043,-0.160221,-0.256411,-0.220248,86.850586,86.594732,87.000226,86.873872,0.311605,0.688395,-0.255854,0.149640,0.023286
35.360000,87.000000,86.850586,86.757419,86.202963,86.378809,0.317152,0.682848,-0.093167,-0.647623,-0.471777,44.000000,43.854972,69.408709,42.178119,42.764067,0.021709,0.978291,25.553737,-1.676854,-1.090906,45.000000,44.867549,44.778375,44.974421,44.899947,0.379877,0.620123,-0.089174,0.106872,0.032399,86.850586,86.757419,86.202963,86.378809,0.317152,0.682848,-0.093167,-0.647623,-0.471777
35.380000,87.000000,86.850586,86.320211,87.352568,87.034410,0.308187,0.691813,-0.530375,0.501982,0.183824,44.000000,43.854972,70.771072,43.965448,44.541472,0.021674,0.978326,26.916100,0.110476,0.686500,45.000000,44.867549,43.821869,44.859698,44.478837,0.366979,0.633021,-1.045680,-0.007851,-0.388712,86.850586,86.320211,87.352568,87.034410,0.308187,0.691813,-0.530375,0.501982,0.183824
35.400000,87.000000,86.850586,87.152342,86.884053,86.966754,0.308256,0.691744,0.301756,0.033467,0.116168,44.000000,43.854972,67.996976,43.828883,44.343433,0.021439,0.978561,24.142003,-0.026090,0.488460,45.000000,44.867549,44.879810,44.634936,44.723469,0.361546,0.638454,0.012262,-0.232613,-0.144080,86.850586,87.152342,86.884053,86.966754,0.308256,0.691744,0.301756,0.033467,0.116168
35.420000,87.000000,86.850586,86.905960,86.587819,86.685985,0.308560,0.691440,0.055374,-0.262767,-0.164601,44.000000,43.854972,68.675917,43.906227,44.417041,0.020774,0.979226,24.820945,0.051254,0.562068,45.000000,44.867549,44.964087,44.474568,44.651370,0.361175,0.638825,0.096538,-0.392981,-0.216179,86.850586,86.905960,86.587819,86.685985,0.308560,0.691440,0.055374,-0.262767,-0.164601
35.440000,87.000000,86.850586,87.181887,86.505201,86.712587,0.306473,0.693527,0.331301,-0.345385,-0.137999,44.000000,43.854972,69.749688,43.426822,43.949121,0.020007,0.979993,25.894716,-0.428150,0.094149,45.000000,44.867549,45.327083,45.076276,45.166774,0.360831,0.639169,0.459534,0.208727,0.299226,86.850586,87.181887,86.505201,86.712587,0.306473,0.693527,0.331301,-0.345385,-0.137999
35.460000,87.000000,86.850586,87.349896,86.590336,86.825372,0.309438,0.690562,0.499310,-0.260250,-0.025214,44.000000,43.854972,66.466156,43.324474,43.783523,0.019964,0.980036,22.611184,-0.530498,-0.071449,45.000000,44.867549,45.463727,45.442156,45.449824,0.355498,0.644502,0.596178,0.574607,0.582275,86.850586,87.349896,86.590336,86.825372,0.309438,0.690562,0.499310,-0.260250,-0.025214
35.480000,87.000000,86.850586,87.337631,86.328538,86.650756,0.319316,0.680684,0.487045,-0.522048,-0.199830,44.000000,43.854972,65.689103,43.104268,43.553459,0.020011,0.979989,21.834131,-0.750705,-0.301513,45.000000,44.867549,43.811137,44.631767,44.340028,0.355507,0.644493,-1.056412,-0.235781,-0.527521,86.850586,87.337631,86.328538,86.650756,0.319316,0.680684,0.487045,-0.522048,-0.199830
35.500000,87.000000,86.850586,86.775586,86.840372,86.819845,0.316850,0.683150,-0.075000,-0.010214,-0.030741,44.000000,43.854972,67.046081,45.071823,45.513519,0.020217,0.979783,23.191108,1.216850,1.658546,45.000000,44.867549,44.860008,44.597243,44.693082,0.364733,0.635267,-0.007540,-0.270306,-0.174466,86.850586,86.775586,86.840372,86.819845,0.316850,0.683150,-0.075000,-0.010214,-0.030741
35.520000,87.000000,86.850586,86.261960,87.355848,87.016401,0.310313,0.689687,-0.588626,0.505262,0.165815,44.000000,43.854972,68.949490,43.770835,44.271176,0.020023,0.979977,25.094518,-0.084137,0.416204,45.000000,44.867549,44.709683,45.095034,44.952637,0.369526,0.630474,-0.157866,0.227485,0.085088,86.850586,86.261960,87.355848,87.016401,0.310313,0.689687,-0.588626,0.505262,0.165815
