time_s,azimuth_target,azimuth_true,azimuth_enc,azimuth_ahrs,azimuth_fused,azimuth_c_enc,azimuth_c_ahrs,azimuth_err_enc,azimuth_err_ahrs,azimuth_err_fused,elevation_target,elevation_true,elevation_enc,elevation_ahrs,elevation_fused,elevation_c_enc,elevation_c_ahrs,elevation_err_enc,elevation_err_ahrs,elevation_err_fused,polarization_target,polarization_true,polarization_enc,polarization_ahrs,polarization_fused,polarization_c_enc,polarization_c_ahrs,polarization_err_enc,polarization_err_ahrs,polarization_err_fused,theta_true_deg,theta_enc_deg,theta_ahrs_deg,theta_fused_deg,conf_enc,conf_ahrs,error_enc_deg,error_ahrs_deg,error_fused_deg
0.020000,90.000000,0.000562,0.390090,-0.314727,-0.174039,0.199610,0.800390,0.389528,-0.315288,-0.174600,45.000000,0.000562,-0.131273,0.122641,0.048917,0.290349,0.709651,-0.131835,0.122079,0.048355,30.000000,0.000562,0.057824,-0.038826,-0.005476,0.345055,0.654945,0.057263,-0.039388,-0.006038,0.000562,0.390090,-0.314727,-0.174039,0.199610,0.800390,0.389528,-0.315288,-0.174600
0.040000,90.000000,0.001105,-0.299662,-0.583325,-0.517027,0.233722,0.766278,-0.300767,-0.584429,-0.518131,45.000000,0.001105,-0.054300,-0.234729,-0.167657,0.371737,0.628263,-0.055405,-0.235834,-0.168762,30.000000,0.001105,0.220300,0.314585,0.277850,0.389620,0.610380,0.219195,0.313480,0.276745,0.001105,-0.299662,-0.583325,-0.517027,0.233722,0.766278,-0.300767,-0.584429,-0.518131
0.060000,90.000000,0.001629,0.376645,-0.110124,0.003875,0.234195,0.765805,0.375015,-0.111754,0.002245,45.000000,0.001629,-1.289171,-0.140733,-0.429519,0.251462,0.748538,-1.290801,-0.142363,-0.431149,30.000000,0.001629,-0.066586,0.286111,0.167276,0.336931,0.663069,-0.068215,0.284481,0.165647,0.001629,0.376645,-0.110124,0.003875,0.234195,0.765805,0.375015,-0.111754,0.002245
0.080000,90.000000,0.002136,-0.334772,0.146659,0.006802,0.290503,0.709497,-0.336908,0.144524,0.004666,45.000000,0.002136,0.206049,0.131707,0.151591,0.267462,0.732538,0.203913,0.129571,0.149455,30.000000,0.002136,0.742227,-0.027218,0.235588,0.341552,0.658448,0.740091,-0.029354,0.233452,0.002136,-0.334772,0.146659,0.006802,0.290503,0.709497,-0.336908,0.144524,0.004666
0.100000,90.000000,0.002624,-0.229553,-0.556212,-0.460353,0.293452,0.706548,-0.232177,-0.558836,-0.462977,45.000000,0.002624,0.803974,-0.035429,0.243635,0.332456,0.667544,0.801350,-0.038053,0.241011,30.000000,0.002624,0.460425,0.324830,0.370835,0.339283,0.660717,0.457801,0.322206,0.368211,0.002624,-0.229553,-0.556212,-0.460353,0.293452,0.706548,-0.232177,-0.558836,-0.462977
0.120000,90.000000,0.003094,0.965030,-0.160317,0.121356,0.250300,0.749700,0.961936,-0.163412,0.118262,45.000000,0.003094,-0.300412,-0.203266,-0.235378,0.330546,0.669454,-0.303506,-0.206360,-0.238472,30.000000,0.003094,-0.020952,-0.169996,-0.119872,0.336304,0.663696,-0.024046,-0.173090,-0.122966,0.003094,0.965030,-0.160317,0.121356,0.250300,0.749700,0.961936,-0.163412,0.118262
0.140000,90.000000,0.003546,-0.785992,0.042938,-0.196183,0.288470,0.711530,-0.789538,0.039392,-0.199729,45.000000,0.003546,-0.725845,0.142838,-0.111130,0.292361,0.707639,-0.729391,0.139292,-0.114676,30.000000,0.003546,0.734414,-0.505174,-0.149942,0.286575,0.713425,0.730868,-0.508720,-0.153488,0.003546,-0.785992,0.042938,-0.196183,0.288470,0.711530,-0.789538,0.039392,-0.199729
0.160000,90.000000,0.003980,-0.823777,-0.361924,-0.507699,0.315630,0.684370,-0.827757,-0.365904,-0.511679,45.000000,0.003980,0.091344,-0.521214,-0.319064,0.330009,0.669991,0.087364,-0.525194,-0.323044,30.000000,0.003980,0.861448,0.085798,0.296206,0.271267,0.728733,0.857468,0.081818,0.292226,0.003980,-0.823777,-0.361924,-0.507699,0.315630,0.684370,-0.827757,-0.365904,-0.511679
0.180000,90.000000,0.004396,0.560913,0.769594,0.700262,0.332240,0.667760,0.556516,0.765198,0.695866,45.000000,0.004396,0.576368,-0.411438,-0.067414,0.348272,0.651728,0.571971,-0.415834,-0.071810,30.000000,0.004396,0.159170,-0.175863,-0.085555,0.269548,0.730452,0.154773,-0.180259,-0.089952,0.004396,0.560913,0.769594,0.700262,0.332240,0.667760,0.556516,0.765198,0.695866
0.200000,90.000000,0.004794,-0.269324,0.452096,0.188015,0.366058,0.633942,-0.274119,0.447301,0.183220,45.000000,0.004794,0.213324,-0.052688,0.038304,0.342062,0.657938,0.208529,-0.057482,0.033510,30.000000,0.004794,0.213304,0.121650,0.146956,0.276101,0.723899,0.208509,0.116855,0.142161,0.004794,-0.269324,0.452096,0.188015,0.366058,0.633942,-0.274119,0.447301,0.183220
0.220000,90.000000,0.005179,0.261088,0.049195,0.125421,0.359740,0.640260,0.255908,0.044016,0.120242,45.000000,0.005179,0.198430,0.009718,0.073842,0.339794,0.660206,0.193251,0.004539,0.068662,30.000000,0.005179,0.169881,-0.369483,-0.223404,0.270836,0.729164,0.164702,-0.374663,-0.228584,0.005179,0.261088,0.049195,0.125421,0.359740,0.640260,0.255908,0.044016,0.120242
0.240000,90.000000,0.005557,0.270836,-0.116282,0.019304,0.350245,0.649755,0.265279,-0.121839,0.013747,45.000000,0.005557,-0.082749,-0.152334,-0.128649,0.340377,0.659623,-0.088306,-0.157891,-0.134206,30.000000,0.005557,0.114396,0.388917,0.310196,0.286759,0.713241,0.108839,0.383360,0.304638,0.005557,0.270836,-0.116282,0.019304,0.350245,0.649755,0.265279,-0.121839,0.013747
0.260000,90.000000,0.005933,-0.146335,0.173819,0.057567,0.363112,0.636888,-0.152268,0.167885,0.051634,45.000000,0.005933,-0.206361,-0.470251,-0.381725,0.335465,0.664535,-0.212295,-0.476184,-0.387658,30.000000,0.005934,0.737921,0.130360,0.300248,0.279624,0.720376,0.731988,0.124426,0.294315,0.005933,-0.146335,0.173819,0.057567,0.363112,0.636888,-0.152268,0.167885,0.051634
0.280000,90.000000,0.006502,0.339784,0.101826,0.186849,0.357303,0.642697,0.333282,0.095324,0.180348,45.000000,0.006502,-1.141883,0.254820,-0.245671,0.358339,0.641661,-1.148385,0.248318,-0.252172,30.000000,0.006502,1.159084,-0.186487,0.163819,0.260342,0.739658,1.152583,-0.192988,0.157318,0.006502,0.339784,0.101826,0.186849,0.357303,0.642697,0.333282,0.095324,0.180348
0.300000,90.000000,0.007266,0.044991,-0.059693,-0.022291,0.357283,0.642717,0.037725,-0.066959,-0.029557,45.000000,0.007266,0.314804,-0.081052,0.063081,0.364104,0.635896,0.307538,-0.088318,0.055815,30.000000,0.007266,0.335695,-0.281011,-0.122735,0.256648,0.743352,0.328429,-0.288278,-0.130001,0.007266,0.044991,-0.059693,-0.022291,0.357283,0.642717,0.037725,-0.066959,-0.029557
0.320000,90.000000,0.008232,-0.424243,-0.086010,-0.210485,0.368017,0.631983,-0.432475,-0.094242,-0.218717,45.000000,0.008232,0.211764,0.179091,0.191022,0.365155,0.634845,0.203532,0.170859,0.182790,30.000000,0.008232,-0.128169,0.018358,-0.020187,0.263057,0.736943,-0.136401,0.010126,-0.028419,0.008232,-0.424243,-0.086010,-0.210485,0.368017,0.631983,-0.432475,-0.094242,-0.218717
0.340000,90.000000,0.009404,0.597859,-0.271102,0.031056,0.347724,0.652276,0.588454,-0.280506,0.021652,45.000000,0.009404,-0.587648,0.081068,-0.156688,0.355542,0.644458,-0.597052,0.071664,-0.166093,30.000000,0.009404,-0.656891,0.162787,-0.064744,0.277587,0.722413,-0.666296,0.153382,-0.074149,0.009404,0.597859,-0.271102,0.031056,0.347724,0.652276,0.588454,-0.280506,0.021652
0.360000,90.000000,0.010788,0.459464,0.149201,0.255476,0.342532,0.657468,0.448677,0.138413,0.244688,45.000000,0.010788,-0.447313,0.662346,0.290119,0.335444,0.664556,-0.458100,0.651558,0.279331,30.000000,0.010788,-0.333237,-0.131461,-0.188815,0.284248,0.715752,-0.344025,-0.142249,-0.199603,0.010788,0.459464,0.149201,0.255476,0.342532,0.657468,0.448677,0.138413,0.244688
0.380000,90.000000,0.012387,-0.712163,0.356525,-0.033800,0.365239,0.634761,-0.724550,0.344138,-0.046188,45.000000,0.012387,0.215929,-0.431314,-0.203049,0.352674,0.647326,0.203541,-0.443701,-0.215436,30.000000,0.012387,0.010705,0.077398,0.058100,0.289353,0.710647,-0.001682,0.065010,0.045712,0.012387,-0.712163,0.356525,-0.033800,0.365239,0.634761,-0.724550,0.344138,-0.046188
0.400000,90.000000,0.014208,-0.343573,-0.213199,-0.261423,0.369889,0.630111,-0.357781,-0.227407,-0.275631,45.000000,0.014208,0.025882,0.308380,0.209800,0.348958,0.651042,0.011674,0.294172,0.195592,30.000000,0.014208,-0.262017,-0.090034,-0.140816,0.295272,0.704728,-0.276225,-0.104242,-0.155024,0.014208,-0.343573,-0.213199,-0.261423,0.369889,0.630111,-0.357781,-0.227407,-0.275631
0.420000,90.000000,0.016254,0.129537,0.117917,0.122221,0.370386,0.629614,0.113283,0.101663,0.105967,45.000000,0.016254,-0.755858,0.381707,0.007271,0.329157,0.670843,-0.772112,0.365452,-0.008983,30.000000,0.016254,-1.166276,-0.114088,-0.441429,0.311106,0.688894,-1.182531,-0.130343,-0.457683,0.016254,0.129537,0.117917,0.122221,0.370386,0.629614,0.113283,0.101663,0.105967
0.440000,90.000000,0.018531,0.488009,-0.451138,-0.118556,0.354132,0.645868,0.469478,-0.469669,-0.137088,45.000000,0.018531,-0.279216,-0.475313,-0.409251,0.336883,0.663117,-0.297747,-0.493844,-0.427782,30.000000,0.018531,0.359537,0.056688,0.150135,0.308561,0.691439,0.341005,0.038156,0.131604,0.018531,0.488009,-0.451138,-0.118556,0.354132,0.645868,0.469478,-0.469669,-0.137088
0.460000,90.000000,0.021044,0.160236,-0.357487,-0.177646,0.347370,0.652630,0.139192,-0.378531,-0.198690,45.000000,0.021044,0.586931,0.071130,0.249353,0.345527,0.654473,0.565887,0.050086,0.228309,30.000000,0.021044,0.601866,-0.083174,0.122660,0.300471,0.699529,0.580822,-0.104218,0.101617,0.021044,0.160236,-0.357487,-0.177646,0.347370,0.652630,0.139192,-0.378531,-0.198690
0.480000,90.000000,0.023796,0.036055,-0.020686,-0.000944,0.347929,0.652071,0.012259,-0.044483,-0.024741,45.000000,0.023796,-0.877162,0.110174,-0.215647,0.330001,0.669999,-0.900958,0.086378,-0.239443,30.000000,0.023796,-0.102800,-0.056550,-0.070605,0.303890,0.696110,-0.126596,-0.080347,-0.094401,0.023796,0.036055,-0.020686,-0.000944,0.347929,0.652071,0.012259,-0.044483,-0.024741
0.500000,90.000000,0.026794,0.029866,0.095510,0.072506,0.350439,0.649561,0.003072,0.068716,0.045712,45.000000,0.026794,-0.779699,0.318254,-0.029034,0.316306,0.683694,-0.806492,0.291460,-0.055828,30.000000,0.026794,0.197638,-0.094544,-0.006112,0.302660,0.697340,0.170844,-0.121337,-0.032906,0.026794,0.029866,0.095510,0.072506,0.350439,0.649561,0.003072,0.068716,0.045712
0.520000,90.000000,0.030041,0.111239,0.115423,0.113951,0.351843,0.648157,0.081198,0.085382,0.083910,45.000000,0.030041,-0.433387,0.084298,-0.077205,0.311972,0.688028,-0.463427,0.054258,-0.107245,30.000000,0.030041,0.088205,-0.677081,-0.449203,0.297769,0.702231,0.058164,-0.707121,-0.479244,0.030041,0.111239,0.115423,0.113951,0.351843,0.648157,0.081198,0.085382,0.083910
0.540000,90.000000,0.033542,0.148016,0.024559,0.067916,0.351190,0.648810,0.114474,-0.008983,0.034374,45.000000,0.033542,-0.666072,0.152143,-0.096936,0.304418,0.695582,-0.699613,0.118601,-0.130478,30.000000,0.033542,0.251819,-0.207097,-0.071692,0.295054,0.704946,0.218278,-0.240639,-0.105234,0.033542,0.148016,0.024559,0.067916,0.351190,0.648810,0.114474,-0.008983,0.034374
0.560000,90.000000,0.037302,0.096147,0.355328,0.262893,0.356641,0.643359,0.058845,0.318026,0.225592,45.000000,0.037302,-0.239490,-0.059464,-0.114347,0.304863,0.695137,-0.276791,-0.096766,-0.151649,30.000000,0.037302,-0.324985,0.020801,-0.083402,0.301350,0.698650,-0.362286,-0.016501,-0.120703,0.037302,0.096147,0.355328,0.262893,0.356641,0.643359,0.058845,0.318026,0.225592
0.580000,90.000000,0.041325,-0.356178,0.201301,-0.002403,0.365402,0.634598,-0.397503,0.159975,-0.043728,45.000000,0.041325,0.592536,0.272182,0.371097,0.308770,0.691230,0.551210,0.230857,0.329772,30.000000,0.041325,0.484546,0.491628,0.489468,0.304993,0.695007,0.443221,0.450303,0.448143,0.041325,-0.356178,0.201301,-0.002403,0.365402,0.634598,-0.397503,0.159975,-0.043728
0.600000,90.000000,0.045617,-0.646692,0.407795,0.005651,0.381366,0.618634,-0.692309,0.362179,-0.039966,45.000000,0.045617,-0.203454,0.651173,0.392275,0.302937,0.697063,-0.249070,0.605556,0.346659,30.000000,0.045617,-0.295837,0.073217,-0.041579,0.311056,0.688944,-0.341454,0.027600,-0.087196,0.045617,-0.646692,0.407795,0.005651,0.381366,0.618634,-0.692309,0.362179,-0.039966
0.620000,90.000000,0.050181,-0.408817,-0.033960,-0.177050,0.381721,0.618279,-0.458998,-0.084141,-0.227231,45.000000,0.050181,0.410449,0.273832,0.315579,0.305579,0.694421,0.360268,0.223651,0.265398,30.000000,0.050181,0.279658,-0.321024,-0.136729,0.306809,0.693191,0.229477,-0.371205,-0.186910,0.050181,-0.408817,-0.033960,-0.177050,0.381721,0.618279,-0.458998,-0.084141,-0.227231
0.640000,90.000000,0.055022,0.524141,-0.447823,-0.084789,0.373507,0.626493,0.469119,-0.502846,-0.139811,45.000000,0.055023,-0.658369,-0.048848,-0.232748,0.301712,0.698288,-0.713391,-0.103871,-0.287771,30.000000,0.055022,0.402809,0.337202,0.357446,0.308561,0.691439,0.347787,0.282180,0.302423,0.055022,0.524141,-0.447823,-0.084789,0.373507,0.626493,0.469119,-0.502846,-0.139811
0.660000,90.000000,0.060146,0.088541,0.109819,0.101856,0.374231,0.625769,0.028396,0.049673,0.041711,45.000000,0.060146,-0.093051,-0.092383,-0.092586,0.304048,0.695952,-0.153197,-0.152528,-0.152732,30.000000,0.060145,0.202668,-0.132882,-0.029815,0.307160,0.692840,0.142522,-0.193028,-0.089960,0.060146,0.088541,0.109819,0.101856,0.374231,0.625769,0.028396,0.049673,0.041711
0.680000,90.000000,0.065555,1.063187,-0.100116,0.315342,0.357137,0.642863,0.997632,-0.165670,0.249787,45.000000,0.065555,-0.443433,0.520792,0.233741,0.297702,0.702298,-0.508988,0.455237,0.168186,30.000000,0.065555,-0.366199,-0.206850,-0.256305,0.310356,0.689644,-0.431754,-0.272404,-0.321859,0.065555,1.063187,-0.100116,0.315342,0.357137,0.642863,0.997632,-0.165670,0.249787
0.700000,90.000000,0.071255,-0.528035,-0.057532,-0.228266,0.362875,0.637125,-0.599290,-0.128787,-0.299521,45.000000,0.071255,-0.449706,0.528114,0.242805,0.291781,0.708219,-0.520961,0.456859,0.171550,30.000000,0.071255,-0.574065,0.341987,0.047873,0.321068,0.678932,-0.645319,0.270732,-0.023382,0.071255,-0.528035,-0.057532,-0.228266,0.362875,0.637125,-0.599290,-0.128787,-0.299521
0.720000,90.000000,0.077250,0.191988,0.122346,0.147603,0.362670,0.637330,0.114738,0.045096,0.070353,45.000000,0.077250,0.701805,0.279295,0.404232,0.295702,0.704298,0.624554,0.202045,0.326982,30.000000,0.077249,-0.275856,0.456141,0.214096,0.330665,0.669335,-0.353105,0.378892,0.136846,0.077250,0.191988,0.122346,0.147603,0.362670,0.637330,0.114738,0.045096,0.070353
0.740000,90.000000,0.083544,0.392570,0.746924,0.616186,0.368949,0.631051,0.309026,0.663380,0.532642,45.000000,0.083545,-0.028146,-0.282435,-0.205965,0.300723,0.699277,-0.111691,-0.365980,-0.289510,30.000000,0.083544,0.325541,0.444980,0.405156,0.333427,0.666573,0.241997,0.361437,0.321612,0.083544,0.392570,0.746924,0.616186,0.368949,0.631051,0.309026,0.663380,0.532642
0.760000,90.000000,0.090143,0.586930,0.140972,0.303206,0.363787,0.636213,0.496788,0.050829,0.213063,45.000000,0.090143,0.530018,0.137268,0.257031,0.304936,0.695064,0.439875,0.047124,0.166888,30.000000,0.090142,0.306188,0.443673,0.397450,0.336203,0.663797,0.216046,0.353531,0.307308,0.090143,0.586930,0.140972,0.303206,0.363787,0.636213,0.496788,0.050829,0.213063
0.780000,90.000000,0.097049,-0.011334,-0.096205,-0.065344,0.363622,0.636378,-0.108384,-0.193254,-0.162393,45.000000,0.097050,-0.124063,-0.017842,-0.050343,0.305969,0.694031,-0.221114,-0.114893,-0.147393,30.000000,0.097049,-0.642616,0.177521,-0.105349,0.344907,0.655093,-0.739665,0.080473,-0.202398,0.097049,-0.011334,-0.096205,-0.065344,0.363622,0.636378,-0.108384,-0.193254,-0.162393
0.800000,90.000000,0.104244,-0.042943,0.688805,0.415642,0.373304,0.626696,-0.147187,0.584561,0.311398,45.000000,0.104245,0.023712,0.416472,0.296841,0.304591,0.695409,-0.080533,0.312227,0.192596,30.000000,0.104243,0.268952,0.022095,0.106804,0.343149,0.656851,0.164708,-0.082148,0.002561,0.104244,-0.042943,0.688805,0.415642,0.373304,0.626696,-0.147187,0.584561,0.311398
0.820000,90.000000,0.111710,0.539671,-0.151132,0.101862,0.366232,0.633768,0.427960,-0.262842,-0.009848,45.000000,0.111712,0.250740,0.018143,0.089771,0.307949,0.692051,0.139029,-0.093569,-0.021941,30.000000,0.111710,0.275335,-0.001920,0.092692,0.341248,0.658752,0.163625,-0.113630,-0.019017,0.111710,0.539671,-0.151132,0.101862,0.366232,0.633768,0.427960,-0.262842,-0.009848
0.840000,90.000000,0.119434,0.172450,-0.125427,-0.017015,0.363950,0.636050,0.053015,-0.244862,-0.136450,45.000000,0.119436,0.150886,0.180294,0.171202,0.309166,0.690834,0.031450,0.060858,0.051766,30.000000,0.119433,0.260737,0.277714,0.271903,0.342268,0.657732,0.141303,0.158281,0.152470,0.119434,0.172450,-0.125427,-0.017015,0.363950,0.636050,0.053015,-0.244862,-0.136450
0.860000,90.000000,0.127405,-0.273920,0.465071,0.190148,0.372025,0.627975,-0.401325,0.337666,0.062743,45.000000,0.127407,0.575262,0.382701,0.442700,0.311585,0.688415,0.447855,0.255294,0.315293,30.000000,0.127404,1.025572,-0.261688,0.163726,0.330482,0.669518,0.898169,-0.389091,0.036323,0.127405,-0.273920,0.465071,0.190148,0.372025,0.627975,-0.401325,0.337666,0.062743
0.880000,90.000000,0.135612,0.668278,-0.281765,0.063161,0.363065,0.636935,0.532666,-0.417377,-0.072450,45.000000,0.135614,-0.370385,0.072644,-0.064530,0.309628,0.690372,-0.505999,-0.062970,-0.200144,30.000000,0.135611,-0.365295,0.184727,-0.000082,0.336003,0.663997,-0.500905,0.049116,-0.135693,0.135612,0.668278,-0.281765,0.063161,0.363065,0.636935,0.532666,-0.417377,-0.072450
0.900000,90.000000,0.144048,-0.345195,-0.206373,-0.257019,0.364828,0.635172,-0.489243,-0.350422,-0.401068,45.000000,0.144051,-0.101346,0.261353,0.149491,0.308416,0.691584,-0.245397,0.117302,0.005440,30.000000,0.144047,-1.305157,0.489586,-0.139378,0.350451,0.649549,-1.449204,0.345539,-0.283425,0.144048,-0.345195,-0.206373,-0.257019,0.364828,0.635172,-0.489243,-0.350422,-0.401068
0.920000,90.000000,0.152709,-0.490148,0.074572,-0.134386,0.370020,0.629980,-0.642856,-0.078137,-0.287095,45.000000,0.152712,0.620020,-0.285286,0.001274,0.316534,0.683466,0.467308,-0.437998,-0.151438,30.000000,0.152707,0.761618,-0.006388,0.257257,0.343286,0.656714,0.608911,-0.159095,0.104550,0.152709,-0.490148,0.074572,-0.134386,0.370020,0.629980,-0.642856,-0.078137,-0.287095
0.940000,90.000000,0.161588,-0.035486,0.135986,0.072196,0.372016,0.627984,-0.197075,-0.025602,-0.089392,45.000000,0.161592,0.628275,-0.623080,-0.211989,0.328518,0.671482,0.466683,-0.784672,-0.373581,30.000000,0.161586,0.607861,0.293575,0.400714,0.340896,0.659104,0.446274,0.131989,0.239127,0.161588,-0.035486,0.135986,0.072196,0.372016,0.627984,-0.197075,-0.025602,-0.089392
0.960000,90.000000,0.170684,0.377696,-0.151925,0.042721,0.367520,0.632480,0.207013,-0.322609,-0.127962,45.000000,0.170688,0.065575,0.414011,0.300023,0.327143,0.672857,-0.105112,0.243323,0.129335,30.000000,0.170682,0.357939,0.278910,0.305855,0.340952,0.659048,0.187257,0.108229,0.135174,0.170684,0.377696,-0.151925,0.042721,0.367520,0.632480,0.207013,-0.322609,-0.127962
0.980000,90.000000,0.179993,0.203020,0.310850,0.271060,0.369003,0.630997,0.023027,0.130857,0.091067,45.000000,0.179997,0.475088,0.187414,0.282369,0.330078,0.669922,0.295091,0.007416,0.102371,30.000000,0.179991,0.370513,0.212048,0.265982,0.340355,0.659645,0.190522,0.032058,0.085992,0.179993,0.203020,0.310850,0.271060,0.369003,0.630997,0.023027,0.130857,0.091067
1.000000,90.000000,0.189515,0.444958,0.106759,0.230615,0.366221,0.633779,0.255443,-0.082755,0.041100,45.000000,0.189519,0.708540,-0.158357,0.134063,0.337319,0.662681,0.519020,-0.347876,-0.055456,30.000000,0.189512,-0.923402,0.018456,-0.308713,0.347366,0.652634,-1.112914,-0.171057,-0.498225,0.189515,0.444958,0.106759,0.230615,0.366221,0.633779,0.255443,-0.082755,0.041100
1.020000,90.000000,0.199248,0.842820,0.225028,0.451406,0.366431,0.633569,0.643572,0.025779,0.252157,45.000000,0.199254,-0.147191,-0.126692,-0.133643,0.339087,0.660913,-0.346444,-0.325946,-0.332897,30.000000,0.199246,0.658887,-0.106573,0.154921,0.341617,0.658383,0.459642,-0.305818,-0.044324,0.199248,0.842820,0.225028,0.451406,0.366431,0.633569,0.643572,0.025779,0.252157
1.040000,90.000000,0.209194,-0.082332,0.505655,0.285893,0.373754,0.626246,-0.291526,0.296461,0.076699,45.000000,0.209200,0.513521,0.275218,0.356100,0.339406,0.660594,0.304321,0.066018,0.146900,30.000000,0.209191,-0.083425,0.257240,0.140352,0.343117,0.656883,-0.292616,0.048049,-0.068839,0.209194,-0.082332,0.505655,0.285893,0.373754,0.626246,-0.291526,0.296461,0.076699
1.060000,90.000000,0.219353,0.571222,0.146363,0.305447,0.374440,0.625560,0.351869,-0.072990,0.086094,45.000000,0.219359,0.465387,0.439477,0.448553,0.350285,0.649715,0.246028,0.220118,0.229194,30.000000,0.219350,0.727950,0.461918,0.551688,0.337442,0.662558,0.508600,0.242568,0.332338,0.219353,0.571222,0.146363,0.305447,0.374440,0.625560,0.351869,-0.072990,0.086094
1.080000,90.000000,0.229726,0.359735,0.826289,0.651071,0.375558,0.624442,0.130009,0.596563,0.421345,45.000000,0.229733,0.121084,0.678453,0.485551,0.346095,0.653905,-0.108649,0.448720,0.255818,30.000000,0.229723,0.184326,0.272113,0.241875,0.344442,0.655558,-0.045397,0.042390,0.012152,0.229726,0.359735,0.826289,0.651071,0.375558,0.624442,0.130009,0.596563,0.421345
1.100000,90.000000,0.240315,0.962600,0.531174,0.692228,0.373306,0.626694,0.722285,0.290858,0.451912,45.000000,0.240323,-0.181842,0.487728,0.262580,0.336257,0.663743,-0.422165,0.247405,0.022257,30.000000,0.240312,-0.303338,0.073650,-0.057510,0.347915,0.652085,-0.543649,-0.166662,-0.297821,0.240315,0.962600,0.531174,0.692228,0.373306,0.626694,0.722285,0.290858,0.451912
1.120000,90.000000,0.251122,0.827810,0.333302,0.521672,0.380925,0.619075,0.576688,0.082179,0.270550,45.000000,0.251131,0.176638,-0.044503,0.030423,0.338815,0.661185,-0.074493,-0.295634,-0.220708,30.000000,0.251118,0.052412,0.268441,0.192623,0.350963,0.649037,-0.198707,0.017323,-0.058496,0.251122,0.827810,0.333302,0.521672,0.380925,0.619075,0.576688,0.082179,0.270550
1.140000,90.000000,0.262150,-0.334465,0.348257,0.089179,0.379479,0.620521,-0.596615,0.086107,-0.172971,45.000000,0.262159,1.261246,0.201351,0.575070,0.352601,0.647399,0.999087,-0.060808,0.312911,30.000000,0.262146,0.202046,-0.097901,0.009849,0.359229,0.640771,-0.060100,-0.360047,-0.252297,0.262150,-0.334465,0.348257,0.089179,0.379479,0.620521,-0.596615,0.086107,-0.172971
1.160000,90.000000,0.273401,0.538315,0.839794,0.725332,0.379669,0.620331,0.264914,0.566393,0.451931,45.000000,0.273411,0.773092,0.057103,0.309689,0.352780,0.647220,0.499682,-0.216307,0.036279,30.000000,0.273396,-0.165848,0.065201,-0.020061,0.369019,0.630981,-0.439245,-0.208196,-0.293457,0.273401,0.538315,0.839794,0.725332,0.379669,0.620331,0.264914,0.566393,0.451931
1.180000,90.000000,0.284878,0.988594,-0.172844,0.252049,0.365835,0.634165,0.703716,-0.457722,-0.032829,45.000000,0.284888,-0.040445,0.212224,0.125462,0.343383,0.656617,-0.325334,-0.072665,-0.159427,30.000000,0.284873,0.353470,0.519814,0.457645,0.373739,0.626261,0.068597,0.234941,0.172772,0.284878,0.988594,-0.172844,0.252049,0.365835,0.634165,0.703716,-0.457722,-0.032829
1.200000,90.000000,0.296584,0.620707,0.411848,0.486416,0.357026,0.642974,0.324123,0.115263,0.189832,45.000000,0.296596,0.612681,0.190701,0.336304,0.345047,0.654953,0.316086,-0.105895,0.039708,30.000000,0.296579,-0.111191,0.489282,0.268018,0.368483,0.631517,-0.407770,0.192703,-0.028561,0.296584,0.620707,0.411848,0.486416,0.357026,0.642974,0.324123,0.115263,0.189832
1.220000,90.000000,0.308523,-0.269006,-0.022828,-0.111602,0.360609,0.639391,-0.577530,-0.331352,-0.420126,45.000000,0.308535,1.019544,0.187230,0.478804,0.350317,0.649683,0.711009,-0.121306,0.170268,30.000000,0.308518,0.287752,0.716387,0.562000,0.360184,0.639816,-0.020766,0.407869,0.253482,0.308523,-0.269006,-0.022828,-0.111602,0.360609,0.639391,-0.577530,-0.331352,-0.420126
1.240000,90.000000,0.320699,0.756262,0.094376,0.331597,0.358401,0.641599,0.435564,-0.226322,0.010898,45.000000,0.320712,0.170468,0.432942,0.341695,0.347643,0.652357,-0.150244,0.112231,0.020983,30.000000,0.320692,0.095602,-0.080250,-0.016264,0.363859,0.636141,-0.225090,-0.400942,-0.336957,0.320699,0.756262,0.094376,0.331597,0.358401,0.641599,0.435564,-0.226322,0.010898
1.260000,90.000000,0.333113,0.743773,0.842795,0.807444,0.357005,0.642995,0.410659,0.509682,0.474330,45.000000,0.333128,0.102597,0.739590,0.522830,0.340287,0.659713,-0.230530,0.406462,0.189702,30.000000,0.333107,-0.346700,0.380492,0.123967,0.352762,0.647238,-0.679807,0.047385,-0.209140,0.333113,0.743773,0.842795,0.807444,0.357005,0.642995,0.410659,0.509682,0.474330
1.280000,90.000000,0.345772,1.531313,0.169659,0.641565,0.346570,0.653430,1.185541,-0.176113,0.295793,45.000000,0.345787,0.020095,0.091001,0.066096,0.351244,0.648756,-0.325692,-0.254786,-0.279691,30.000000,0.345765,0.218707,0.093536,0.136754,0.345273,0.654727,-0.127058,-0.252229,-0.209011,0.345772,1.531313,0.169659,0.641565,0.346570,0.653430,1.185541,-0.176113,0.295793
1.300000,90.000000,0.358678,-0.079921,0.550795,0.328833,0.351920,0.648080,-0.438599,0.192117,-0.029844,45.000000,0.358694,0.057729,0.208220,0.155981,0.347121,0.652879,-0.300965,-0.150474,-0.202713,30.000000,0.358670,1.128893,0.292066,0.581496,0.345867,0.654133,0.770223,-0.066604,0.222826,0.358678,-0.079921,0.550795,0.328833,0.351920,0.648080,-0.438599,0.192117,-0.029844
1.320000,90.000000,0.371834,-0.629816,0.240341,-0.068068,0.354429,0.645571,-1.001651,-0.131493,-0.439902,45.000000,0.371852,0.395511,0.574408,0.512472,0.346209,0.653791,0.023659,0.202556,0.140620,30.000000,0.371826,-0.049879,0.360376,0.219406,0.343617,0.656383,-0.421705,-0.011450,-0.152420,0.371834,-0.629816,0.240341,-0.068068,0.354429,0.645571,-1.001651,-0.131493,-0.439902
1.340000,90.000000,0.385246,-0.217061,0.683180,0.350377,0.369683,0.630317,-0.602307,0.297934,-0.034870,45.000000,0.385265,-0.163163,0.498214,0.269489,0.345832,0.654168,-0.548428,0.112949,-0.115776,30.000000,0.385237,-0.206652,0.191328,0.053192,0.347092,0.652908,-0.591890,-0.193910,-0.332045,0.385246,-0.217061,0.683180,0.350377,0.369683,0.630317,-0.602307,0.297934,-0.034870
1.360000,90.000000,0.398917,-0.462595,0.428644,0.090312,0.379620,0.620380,-0.861512,0.029727,-0.308605,45.000000,0.398938,-0.599733,0.167045,-0.098172,0.345885,0.654115,-0.998671,-0.231893,-0.497109,30.000000,0.398908,0.258301,0.368549,0.330189,0.347944,0.652056,-0.140607,-0.030359,-0.068719,0.398917,-0.462595,0.428644,0.090312,0.379620,0.620380,-0.861512,0.029727,-0.308605
1.380000,90.000000,0.412852,0.475877,0.597386,0.552281,0.371209,0.628791,0.063025,0.184535,0.139429,45.000000,0.412874,0.390019,0.002215,0.135476,0.343630,0.656370,-0.022855,-0.410658,-0.277398,30.000000,0.412841,0.152825,-0.100800,-0.011759,0.351072,0.648928,-0.260016,-0.513641,-0.424600,0.412852,0.475877,0.597386,0.552281,0.371209,0.628791,0.063025,0.184535,0.139429
1.400000,90.000000,0.427053,-0.342330,0.368190,0.101094,0.375916,0.624084,-0.769383,-0.058863,-0.325959,45.000000,0.427077,0.264224,0.199398,0.221847,0.346306,0.653694,-0.162852,-0.227679,-0.205229,30.000000,0.427042,1.365474,0.525929,0.826132,0.357579,0.642421,0.938432,0.098887,0.399090,0.427053,-0.342330,0.368190,0.101094,0.375916,0.624084,-0.769383,-0.058863,-0.325959
1.420000,90.000000,0.441526,0.305065,0.285938,0.293127,0.375834,0.624166,-0.136461,-0.155587,-0.148399,45.000000,0.441551,0.905914,0.318550,0.530236,0.360399,0.639601,0.464363,-0.123001,0.088684,30.000000,0.441514,-0.271894,0.144212,-0.007723,0.365137,0.634863,-0.713407,-0.297301,-0.449237,0.441526,0.305065,0.285938,0.293127,0.375834,0.624166,-0.136461,-0.155587,-0.148399
1.440000,90.000000,0.456274,1.540997,1.088721,1.259657,0.377945,0.622055,1.084723,0.632448,0.803383,45.000000,0.456301,0.350224,0.551330,0.479688,0.356239,0.643761,-0.106077,0.095029,0.023387,30.000000,0.456261,0.113299,0.049101,0.072431,0.363401,0.636599,-0.342962,-0.407160,-0.383830,0.456274,1.540997,1.088721,1.259657,0.377945,0.622055,1.084723,0.632448,0.803383
1.460000,90.000000,0.471301,-0.050215,0.446561,0.263741,0.368013,0.631987,-0.521516,-0.024741,-0.207560,45.000000,0.471331,-0.030854,0.680902,0.433801,0.347171,0.652829,-0.502185,0.209571,-0.037530,30.000000,0.471287,-0.432103,0.309984,0.049401,0.351150,0.648850,-0.903390,-0.161303,-0.421887,0.471301,-0.050215,0.446561,0.263741,0.368013,0.631987,-0.521516,-0.024741,-0.207560
1.480000,90.000000,0.486612,0.345158,0.404999,0.383037,0.367003,0.632997,-0.141454,-0.081613,-0.103575,45.000000,0.486644,0.422969,0.775409,0.650753,0.353694,0.646306,-0.063675,0.288764,0.164109,30.000000,0.486597,0.522526,0.180794,0.301854,0.354253,0.645747,0.035928,-0.305803,-0.184744,0.486612,0.345158,0.404999,0.383037,0.367003,0.632997,-0.141454,-0.081613,-0.103575
1.500000,90.000000,0.502211,0.283516,0.535303,0.443324,0.365305,0.634695,-0.218695,0.033091,-0.058888,45.000000,0.502246,-0.520393,0.646447,0.235083,0.352547,0.647453,-1.022639,0.144201,-0.267163,30.000000,0.502195,0.346000,0.132187,0.207807,0.353673,0.646327,-0.156195,-0.370008,-0.294388,0.502211,0.283516,0.535303,0.443324,0.365305,0.634695,-0.218695,0.033091,-0.058888
1.520000,90.000000,0.518102,0.996586,0.419969,0.633268,0.369915,0.630085,0.478483,-0.098133,0.115166,45.000000,0.518139,0.192252,0.230008,0.216534,0.356879,0.643121,-0.325887,-0.288132,-0.301606,30.000000,0.518085,0.966229,0.071251,0.386585,0.352338,0.647662,0.448144,-0.446834,-0.131500,0.518102,0.996586,0.419969,0.633268,0.369915,0.630085,0.478483,-0.098133,0.115166
1.540000,90.000000,0.534289,0.650966,0.774888,0.729305,0.367839,0.632161,0.116677,0.240599,0.195016,45.000000,0.534329,-0.085170,0.374171,0.208564,0.360533,0.639467,-0.619499,-0.160158,-0.325765,30.000000,0.534270,0.482217,0.908581,0.761020,0.346091,0.653909,-0.052053,0.374311,0.226750,0.534289,0.650966,0.774888,0.729305,0.367839,0.632161,0.116677,0.240599,0.195016
1.560000,90.000000,0.550776,0.151506,0.694431,0.496383,0.364779,0.635221,-0.399271,0.143655,-0.054393,45.000000,0.550819,0.061406,0.696577,0.469829,0.356988,0.643012,-0.489414,0.145758,-0.080991,30.000000,0.550756,0.083868,-0.013248,0.020740,0.349972,0.650028,-0.466888,-0.564004,-0.530016,0.550776,0.151506,0.694431,0.496383,0.364779,0.635221,-0.399271,0.143655,-0.054393
1.580000,90.000000,0.567568,1.141633,0.916661,1.000220,0.371418,0.628582,0.574065,0.349094,0.432652,45.000000,0.567614,0.171959,0.495649,0.381739,0.351909,0.648091,-0.395655,-0.071965,-0.185875,30.000000,0.567546,0.528789,0.301098,0.381211,0.351849,0.648151,-0.038757,-0.266448,-0.186335,0.567568,1.141633,0.916661,1.000220,0.371418,0.628582,0.574065,0.349094,0.432652
1.600000,90.000000,0.584667,0.048464,0.108197,0.085916,0.373009,0.626991,-0.536204,-0.476470,-0.498751,45.000000,0.584717,0.040647,0.426176,0.289383,0.354821,0.645179,-0.544070,-0.158541,-0.295334,30.000000,0.584644,0.620603,0.188397,0.343394,0.358619,0.641381,0.035960,-0.396247,-0.241249,0.584667,0.048464,0.108197,0.085916,0.373009,0.626991,-0.536204,-0.476470,-0.498751
1.620000,90.000000,0.602079,0.468003,0.438823,0.449622,0.370075,0.629925,-0.134076,-0.163256,-0.152457,45.000000,0.602133,0.579301,0.964665,0.829425,0.350941,0.649059,-0.022832,0.362532,0.227292,30.000000,0.602054,0.581486,0.739430,0.683789,0.352285,0.647715,-0.020567,0.137376,0.081735,0.602079,0.468003,0.438823,0.449622,0.370075,0.629925,-0.134076,-0.163256,-0.152457
1.640000,90.000000,0.619808,0.618379,0.819561,0.744164,0.374770,0.625230,-0.001429,0.199753,0.124356,45.000000,0.619866,1.843982,0.465487,0.968495,0.364898,0.635102,1.224116,-0.154379,0.348630,30.000000,0.619780,1.110401,0.573616,0.764676,0.355934,0.644066,0.490621,-0.046164,0.144896,0.619808,0.618379,0.819561,0.744164,0.374770,0.625230,-0.001429,0.199753,0.124356
1.660000,90.000000,0.637857,1.635452,0.582275,0.970281,0.368416,0.631584,0.997595,-0.055582,0.332424,45.000000,0.637920,1.167915,0.583696,0.799333,0.369104,0.630896,0.529996,-0.054223,0.161414,30.000000,0.637828,0.900840,0.621236,0.720608,0.355400,0.644600,0.263013,-0.016591,0.082780,0.637857,1.635452,0.582275,0.970281,0.368416,0.631584,0.997595,-0.055582,0.332424
1.680000,90.000000,0.656231,1.034107,0.783791,0.877759,0.375395,0.624605,0.377876,0.127560,0.221528,45.000000,0.656298,0.989501,0.341953,0.585149,0.375565,0.624435,0.333203,-0.314345,-0.071149,30.000000,0.656199,0.899769,0.706329,0.775633,0.358270,0.641730,0.243570,0.050130,0.119434,0.656231,1.034107,0.783791,0.877759,0.375395,0.624605,0.377876,0.127560,0.221528
1.700000,90.000000,0.674934,0.274267,0.818937,0.614579,0.375196,0.624804,-0.400667,0.144004,-0.060354,45.000000,0.675006,-0.475093,0.672670,0.241566,0.375605,0.624395,-1.150099,-0.002335,-0.433440,30.000000,0.674899,0.333623,1.081213,0.811100,0.361312,0.638688,-0.341276,0.406314,0.136201,0.674934,0.274267,0.818937,0.614579,0.375196,0.624804,-0.400667,0.144004,-0.060354
1.720000,90.000000,0.693969,0.776684,0.180947,0.404434,0.375145,0.624855,0.082715,-0.513022,-0.289534,45.000000,0.694046,0.004482,0.821101,0.519837,0.368917,0.631083,-0.689564,0.127055,-0.174209,30.000000,0.693932,-0.236011,0.753684,0.399269,0.358107,0.641893,-0.929942,0.059752,-0.294663,0.693969,0.776684,0.180947,0.404434,0.375145,0.624855,0.082715,-0.513022,-0.289534
1.740000,90.000000,0.713340,0.722188,0.736652,0.731289,0.370783,0.629217,0.008847,0.023312,0.017949,45.000000,0.713423,0.805959,0.821237,0.815643,0.366134,0.633866,0.092536,0.107813,0.102220,30.000000,0.713301,0.531596,0.909575,0.774961,0.356143,0.643857,-0.181705,0.196275,0.061660,0.713340,0.722188,0.736652,0.731289,0.370783,0.629217,0.008847,0.023312,0.017949
1.760000,90.000000,0.733053,0.696307,0.759318,0.735634,0.375874,0.624126,-0.036746,0.026265,0.002581,45.000000,0.733142,0.317052,0.710853,0.569335,0.359364,0.640636,-0.416089,-0.022289,-0.163807,30.000000,0.733010,0.339885,0.516188,0.453523,0.355441,0.644559,-0.393125,-0.216822,-0.279487,0.733053,0.696307,0.759318,0.735634,0.375874,0.624126,-0.036746,0.026265,0.002581
1.780000,90.000000,0.753110,0.956769,0.565472,0.711402,0.372940,0.627060,0.203659,-0.187638,-0.041707,45.000000,0.753205,0.958201,0.862382,0.896961,0.360879,0.639121,0.204996,0.109177,0.143756,30.000000,0.753064,0.923099,0.887198,0.900246,0.363454,0.636546,0.170035,0.134134,0.147182,0.753110,0.956769,0.565472,0.711402,0.372940,0.627060,0.203659,-0.187638,-0.041707
1.800000,90.000000,0.773515,1.383900,1.297250,1.328843,0.364609,0.635391,0.610385,0.523735,0.555328,45.000000,0.773617,0.245841,1.112991,0.803675,0.356705,0.643295,-0.527776,0.339374,0.030058,30.000000,0.773466,0.648985,0.887082,0.801475,0.359548,0.640452,-0.124482,0.113616,0.028009,0.773515,1.383900,1.297250,1.328843,0.364609,0.635391,0.610385,0.523735,0.555328
1.820000,90.000000,0.794273,0.564886,0.825637,0.728296,0.373308,0.626692,-0.229387,0.031364,-0.065976,45.000000,0.794382,0.059432,0.902678,0.609520,0.347654,0.652346,-0.734950,0.108295,-0.184862,30.000000,0.794220,1.611845,0.474906,0.890520,0.365556,0.634444,0.817625,-0.319314,0.096300,0.794273,0.564886,0.825637,0.728296,0.373308,0.626692,-0.229387,0.031364,-0.065976
1.840000,90.000000,0.815387,1.060783,0.853679,0.931121,0.373929,0.626071,0.245396,0.038292,0.115735,45.000000,0.815504,-0.098283,0.658557,0.400093,0.341504,0.658496,-0.913787,-0.156947,-0.415411,30.000000,0.815330,0.860159,0.792831,0.817493,0.366293,0.633707,0.044829,-0.022500,0.002162,0.815387,1.060783,0.853679,0.931121,0.373929,0.626071,0.245396,0.038292,0.115735
1.860000,90.000000,0.836861,0.856876,0.622315,0.707951,0.365090,0.634910,0.020015,-0.214546,-0.128910,45.000000,0.836986,0.679087,0.644083,0.655981,0.339912,0.660088,-0.157900,-0.192904,-0.181005,30.000000,0.836800,0.962347,0.723503,0.809240,0.358967,0.641033,0.125547,-0.113297,-0.027560,0.836861,0.856876,0.622315,0.707951,0.365090,0.634910,0.020015,-0.214546,-0.128910
1.880000,90.000000,0.858699,1.922460,0.595624,1.073618,0.360252,0.639748,1.063762,-0.263074,0.214919,45.000000,0.858833,1.585340,0.528627,0.899062,0.350555,0.649445,0.726507,-0.330206,0.040229,30.000000,0.858634,1.036635,0.704613,0.826350,0.366655,0.633345,0.178001,-0.154021,-0.032284,0.858699,1.922460,0.595624,1.073618,0.360252,0.639748,1.063762,-0.263074,0.214919
1.900000,90.000000,0.880904,0.937576,0.914578,0.922830,0.358802,0.641198,0.056672,0.033674,0.041926,45.000000,0.881048,1.109779,0.932222,0.995151,0.354412,0.645588,0.228732,0.051175,0.114103,30.000000,0.880835,0.278201,0.995520,0.723841,0.378742,0.621258,-0.602634,0.114685,-0.156994,0.880904,0.937576,0.914578,0.922830,0.358802,0.641198,0.056672,0.033674,0.041926
1.920000,90.000000,0.903481,1.736577,0.645159,1.021641,0.344948,0.655052,0.833096,-0.258322,0.118159,45.000000,0.903635,0.783849,0.750848,0.762304,0.347134,0.652866,-0.119785,-0.152787,-0.141331,30.000000,0.903408,0.731201,1.202173,1.028459,0.368842,0.631158,-0.172206,0.298766,0.125051,0.903481,1.736577,0.645159,1.021641,0.344948,0.655052,0.833096,-0.258322,0.118159
1.940000,90.000000,0.926434,1.190988,0.729059,0.886131,0.340037,0.659963,0.264554,-0.197375,-0.040302,45.000000,0.926597,1.001427,0.563682,0.712273,0.339447,0.660553,0.074829,-0.362915,-0.214324,30.000000,0.926355,1.705313,1.071511,1.306739,0.371139,0.628861,0.778958,0.145156,0.380384,0.926434,1.190988,0.729059,0.886131,0.340037,0.659963,0.264554,-0.197375,-0.040302
1.960000,90.000000,0.949765,1.057962,1.048743,1.051913,0.343826,0.656174,0.108197,0.098978,0.102147,45.000000,0.949940,1.462976,0.892168,1.089323,0.345395,0.654605,0.513036,-0.057771,0.139383,30.000000,0.949681,1.269554,0.182910,0.597093,0.381159,0.618841,0.319872,-0.766771,-0.352588,0.949765,1.057962,1.048743,1.051913,0.343826,0.656174,0.108197,0.098978,0.102147
1.980000,90.000000,0.973479,1.337885,0.874194,1.031522,0.339295,0.660705,0.364406,-0.099286,0.058042,45.000000,0.973665,0.876216,1.457084,1.259787,0.339660,0.660340,-0.097449,0.483419,0.286121,30.000000,0.973390,0.659141,1.174343,0.980634,0.375986,0.624014,-0.314249,0.200953,0.007244,0.973479,1.337885,0.874194,1.031522,0.339295,0.660705,0.364406,-0.099286,0.058042
2.000000,90.000000,0.997580,0.992909,0.956353,0.968842,0.341653,0.658347,-0.004671,-0.041227,-0.028738,45.000000,0.997778,0.562144,0.503844,0.523329,0.334227,0.665773,-0.435634,-0.493934,-0.474449,30.000000,0.997484,0.749927,0.881655,0.831379,0.381667,0.618333,-0.247558,-0.115829,-0.166106,0.997580,0.992909,0.956353,0.968842,0.341653,0.658347,-0.004671,-0.041227,-0.028738
2.020000,90.000000,1.022071,1.422387,1.294688,1.338954,0.346640,0.653360,0.400317,0.272617,0.316883,45.000000,1.022282,0.596800,0.518953,0.545043,0.335147,0.664853,-0.425482,-0.503328,-0.477238,30.000000,1.021969,0.986692,0.908621,0.938231,0.379272,0.620728,-0.035277,-0.113348,-0.083737,1.022071,1.422387,1.294688,1.338954,0.346640,0.653360,0.400317,0.272617,0.316883
2.040000,90.000000,1.046955,0.916553,0.176647,0.426515,0.337704,0.662296,-0.130402,-0.870308,-0.620440,45.000000,1.047180,0.537810,1.241221,1.009993,0.328724,0.671276,-0.509370,0.194041,-0.037186,30.000000,1.046847,2.101062,1.064881,1.452275,0.373867,0.626133,1.054216,0.018035,0.405428,1.046955,0.916553,0.176647,0.426515,0.337704,0.662296,-0.130402,-0.870308,-0.620440
2.060000,90.000000,1.072237,0.571794,0.889142,0.780308,0.342949,0.657051,-0.500443,-0.183095,-0.291929,45.000000,1.072476,1.910064,1.187569,1.427585,0.332206,0.667794,0.837589,0.115093,0.355110,30.000000,1.072121,0.778457,0.995966,0.913547,0.378924,0.621076,-0.293664,-0.076155,-0.158574,1.072237,0.571794,0.889142,0.780308,0.342949,0.657051,-0.500443,-0.183095,-0.291929
2.080000,90.000000,1.097919,0.537592,1.317290,1.048637,0.344561,0.655439,-0.560327,0.219370,-0.049283,45.000000,1.098173,1.486099,1.359420,1.402036,0.336407,0.663593,0.387926,0.261247,0.303862,30.000000,1.097797,1.009306,0.949573,0.972121,0.377485,0.622515,-0.088491,-0.148224,-0.125675,1.097919,0.537592,1.317290,1.048637,0.344561,0.655439,-0.560327,0.219370,-0.049283
2.100000,90.000000,1.124007,1.458394,0.964332,1.134626,0.344681,0.655319,0.334388,-0.159674,0.010619,45.000000,1.124276,1.614842,1.304465,1.410993,0.343220,0.656780,0.490565,0.180189,0.286716,30.000000,1.123876,1.302932,0.997187,1.110681,0.371203,0.628797,0.179056,-0.126689,-0.013196,1.124007,1.458394,0.964332,1.134626,0.344681,0.655319,0.334388,-0.159674,0.010619
2.120000,90.000000,1.150502,1.261137,1.048234,1.122246,0.347631,0.652369,0.110635,-0.102268,-0.028256,45.000000,1.150788,1.453992,1.275528,1.336672,0.342613,0.657387,0.303204,0.124740,0.185884,30.000000,1.150363,0.873151,1.598377,1.325297,0.376545,0.623455,-0.277213,0.448014,0.174934,1.150502,1.261137,1.048234,1.122246,0.347631,0.652369,0.110635,-0.102268,-0.028256
2.140000,90.000000,1.177409,1.351490,1.233580,1.273893,0.341893,0.658107,0.174081,0.056171,0.096484,45.000000,1.177712,1.370713,0.763914,0.971231,0.341656,0.658344,0.193000,-0.413798,-0.206482,30.000000,1.177262,0.529677,1.130137,0.901653,0.380515,0.619485,-0.647585,-0.047125,-0.275609,1.177409,1.351490,1.233580,1.273893,0.341893,0.658107,0.174081,0.056171,0.096484
2.160000,90.000000,1.204731,0.801916,1.334710,1.152072,0.342793,0.657207,-0.402815,0.129979,-0.052659,45.000000,1.205053,1.074672,1.149120,1.124065,0.336536,0.663464,-0.130381,-0.055933,-0.080987,30.000000,1.204575,0.879490,1.260822,1.116273,0.379064,0.620936,-0.325084,0.056248,-0.088302,1.204731,0.801916,1.334710,1.152072,0.342793,0.657207,-0.402815,0.129979,-0.052659
2.180000,90.000000,1.232472,1.294463,1.473039,1.409743,0.354446,0.645554,0.061991,0.240567,0.177271,45.000000,1.232813,0.920938,0.750698,0.808586,0.340034,0.659966,-0.311874,-0.482114,-0.424227,30.000000,1.232306,1.372687,1.077800,1.190118,0.380883,0.619117,0.140381,-0.154506,-0.042188,1.232472,1.294463,1.473039,1.409743,0.354446,0.645554,0.061991,0.240567,0.177271
2.200000,90.000000,1.260634,0.914070,1.404295,1.227524,0.360591,0.639409,-0.346564,0.143661,-0.033110,45.000000,1.260995,1.399536,1.481969,1.454176,0.337158,0.662842,0.138541,0.220973,0.193181,30.000000,1.260459,1.342530,1.116266,1.200579,0.372630,0.627370,0.082072,-0.144193,-0.059880,1.260634,0.914070,1.404295,1.227524,0.360591,0.639409,-0.346564,0.143661,-0.033110
2.220000,90.000000,1.289217,1.768726,1.064022,1.312330,0.352358,0.647642,0.479508,-0.225195,0.023112,45.000000,1.289599,2.040000,1.635213,1.771091,0.335677,0.664323,0.750401,0.345614,0.481491,30.000000,1.289031,1.005054,1.147800,1.095171,0.368689,0.631311,-0.283977,-0.141232,-0.193860,1.289217,1.768726,1.064022,1.312330,0.352358,0.647642,0.479508,-0.225195,0.023112
2.240000,90.000000,1.318219,1.124293,1.149572,1.140515,0.358299,0.641701,-0.193926,-0.168647,-0.177705,45.000000,1.318623,0.776052,1.709630,1.400728,0.330880,0.669120,-0.542571,0.391007,0.082105,30.000000,1.318022,1.144142,0.758837,0.900394,0.367390,0.632610,-0.173881,-0.559185,-0.417628,1.318219,1.124293,1.149572,1.140515,0.358299,0.641701,-0.193926,-0.168647,-0.177705
2.260000,90.000000,1.347638,1.458178,1.272488,1.338534,0.355677,0.644323,0.110540,-0.075149,-0.009104,45.000000,1.348065,1.033391,0.906369,0.949048,0.335999,0.664001,-0.314674,-0.441696,-0.399017,30.000000,1.347430,0.510719,1.528752,1.152514,0.369574,0.630426,-0.836711,0.181322,-0.194916,1.347638,1.458178,1.272488,1.338534,0.355677,0.644323,0.110540,-0.075149,-0.009104
2.280000,90.000000,1.377471,1.327672,1.392325,1.368304,0.371537,0.628463,-0.049800,0.014853,-0.009168,45.000000,1.377923,0.647295,1.639725,1.313451,0.328764,0.671236,-0.730627,0.261802,-0.064471,30.000000,1.377251,1.674528,1.340900,1.463455,0.367339,0.632661,0.297277,-0.036351,0.086203,1.377471,1.327672,1.392325,1.368304,0.371537,0.628463,-0.049800,0.014853,-0.009168
2.300000,90.000000,1.407718,1.167990,1.565697,1.418751,0.369482,0.630518,-0.239729,0.157979,0.011033,45.000000,1.408194,1.680732,1.547361,1.591484,0.330824,0.669176,0.272538,0.139167,0.183289,30.000000,1.407486,1.248626,1.473111,1.388084,0.378767,0.621233,-0.158860,0.065626,-0.019402,1.407718,1.167990,1.565697,1.418751,0.369482,0.630518,-0.239729,0.157979,0.011033
2.320000,90.000000,1.438376,1.248548,1.860684,1.634640,0.369271,0.630729,-0.189828,0.422308,0.196264,45.000000,1.438879,2.179770,1.506690,1.733107,0.336390,0.663610,0.740891,0.067811,0.294229,30.000000,1.438130,1.444373,0.984027,1.154798,0.370962,0.629038,0.006242,-0.454103,-0.283333,1.438376,1.248548,1.860684,1.634640,0.369271,0.630729,-0.189828,0.422308,0.196264
2.340000,90.000000,1.469443,2.370985,1.933687,2.089962,0.357365,0.642635,0.901542,0.464243,0.620519,45.000000,1.469973,0.920921,1.544817,1.335168,0.336033,0.663967,-0.549052,0.074844,-0.134805,30.000000,1.469184,0.868615,1.295469,1.137005,0.371237,0.628763,-0.600570,-0.173715,-0.332180,1.469443,2.370985,1.933687,2.089962,0.357365,0.642635,0.901542,0.464243,0.620519
2.360000,90.000000,1.500918,2.203457,1.513621,1.751527,0.344873,0.655127,0.702539,0.012703,0.250609,45.000000,1.501476,2.377034,1.380297,1.728438,0.349282,0.650718,0.875557,-0.121179,0.226962,30.000000,1.500645,1.643654,1.782864,1.731128,0.371644,0.628356,0.143009,0.282219,0.230482,1.500918,2.203457,1.513621,1.751527,0.344873,0.655127,0.702539,0.012703,0.250609
2.380000,90.000000,1.532799,2.085736,1.158001,1.470264,0.336587,0.663413,0.552937,-0.374798,-0.062535,45.000000,1.533386,1.954684,2.170974,2.096229,0.345578,0.654422,0.421297,0.637588,0.562842,30.000000,1.532511,2.506893,1.445676,1.829845,0.362008,0.637992,0.974381,-0.086835,0.297333,1.532799,2.085736,1.158001,1.470264,0.336587,0.663413,0.552937,-0.374798,-0.062535
2.400000,90.000000,1.565084,1.700374,1.585906,1.623838,0.331373,0.668627,0.135291,0.020823,0.058754,45.000000,1.565702,1.677520,2.051577,1.923308,0.342914,0.657086,0.111819,0.485875,0.357606,30.000000,1.564780,1.862813,1.513522,1.642083,0.368064,0.631936,0.298032,-0.051259,0.077303,1.565084,1.700374,1.585906,1.623838,0.331373,0.668627,0.135291,0.020823,0.058754
2.420000,90.000000,1.597770,2.381887,1.544781,1.816754,0.324898,0.675102,0.784116,-0.052989,0.218984,45.000000,1.598420,2.252722,1.852286,1.989405,0.342426,0.657574,0.654302,0.253866,0.390985,30.000000,1.597451,1.847988,1.522380,1.640177,0.361776,0.638224,0.250536,-0.075072,0.042725,1.597770,2.381887,1.544781,1.816754,0.324898,0.675102,0.784116,-0.052989,0.218984
2.440000,90.000000,1.630857,2.881238,1.508042,1.943841,0.317363,0.682637,1.250381,-0.122815,0.312984,45.000000,1.631540,1.982263,1.340608,1.564764,0.349341,0.650659,0.350723,-0.290932,-0.066776,30.000000,1.630522,1.497352,1.394718,1.431807,0.361377,0.638623,-0.133170,-0.235804,-0.198715,1.630857,2.881238,1.508042,1.943841,0.317363,0.682637,1.250381,-0.122815,0.312984
2.460000,90.000000,1.664343,2.284584,1.733354,1.904570,0.310608,0.689392,0.620240,0.069011,0.240227,45.000000,1.665060,2.266586,1.703743,1.905984,0.359321,0.640679,0.601526,0.038683,0.240924,30.000000,1.663991,1.123163,1.712267,1.499679,0.360867,0.639133,-0.540827,0.048276,-0.164311,1.664343,2.284584,1.733354,1.904570,0.310608,0.689392,0.620240,0.069011,0.240227
2.480000,90.000000,1.698226,3.088760,1.376488,1.887363,0.298364,0.701636,1.390535,-0.321738,0.189137,45.000000,1.698977,1.499214,2.172358,1.932342,0.356560,0.643440,-0.199764,0.473381,0.233365,30.000000,1.697855,1.792887,1.948717,1.891757,0.365526,0.634474,0.095031,0.250862,0.193902,1.698226,3.088760,1.376488,1.887363,0.298364,0.701636,1.390535,-0.321738,0.189137
2.500000,90.000000,1.732503,1.424238,2.624872,2.257235,0.306204,0.693796,-0.308265,0.892369,0.524732,45.000000,1.733291,0.850990,1.938296,1.551437,0.355797,0.644203,-0.882302,0.205005,-0.181854,30.000000,1.732114,2.525531,1.228808,1.689289,0.355113,0.644887,0.793417,-0.503307,-0.042825,1.732503,1.424238,2.624872,2.257235,0.306204,0.693796,-0.308265,0.892369,0.524732
2.520000,90.000000,1.767174,2.136357,1.861990,1.946627,0.308480,0.691520,0.369184,0.094817,0.179453,45.000000,1.768000,0.697792,1.725355,1.370176,0.345653,0.654347,-1.070207,-0.042644,-0.397824,30.000000,1.766766,2.435733,1.769425,2.006984,0.356531,0.643469,0.668967,0.002659,0.240218,1.767174,2.136357,1.861990,1.946627,0.308480,0.691520,0.369184,0.094817,0.179453
2.540000,90.000000,1.802236,3.179309,1.379125,1.911576,0.295779,0.704221,1.377074,-0.423111,0.109340,45.000000,1.803101,2.390542,1.817247,2.020028,0.353712,0.646288,0.587442,0.014146,0.216927,30.000000,1.801808,1.749363,1.626215,1.669470,0.351243,0.648757,-0.052445,-0.175593,-0.132338,1.802236,3.179309,1.379125,1.911576,0.295779,0.704221,1.377074,-0.423111,0.109340
2.560000,90.000000,1.837687,3.737120,1.932846,2.439173,0.280630,0.719370,1.899432,0.095159,0.601486,45.000000,1.838593,1.704291,1.970884,1.875815,0.356606,0.643394,-0.134302,0.132291,0.037222,30.000000,1.837240,1.067847,1.941819,1.628689,0.358285,0.641715,-0.769393,0.104579,-0.208551,1.837687,3.737120,1.932846,2.439173,0.280630,0.719370,1.899432,0.095159,0.601486
2.580000,90.000000,1.873527,1.506980,1.390707,1.423355,0.280793,0.719207,-0.366547,-0.482820,-0.450172,45.000000,1.874474,1.908908,1.143297,1.424886,0.367797,0.632203,0.034434,-0.731177,-0.449588,30.000000,1.873059,1.966519,2.556010,2.339425,0.367411,0.632589,0.093460,0.682951,0.466366,1.873527,1.506980,1.390707,1.423355,0.280793,0.719207,-0.366547,-0.482820,-0.450172
2.600000,90.000000,1.909753,2.273366,2.208760,2.226875,0.280386,0.719614,0.363613,0.299007,0.317122,45.000000,1.910743,1.979056,1.964107,1.969663,0.371667,0.628333,0.068313,0.053364,0.058920,30.000000,1.909263,2.183522,1.623421,1.828347,0.365874,0.634126,0.274259,-0.285842,-0.080916,1.909753,2.273366,2.208760,2.226875,0.280386,0.719614,0.363613,0.299007,0.317122
2.620000,90.000000,1.946363,2.350504,2.285965,2.304075,0.280603,0.719397,0.404140,0.339602,0.357712,45.000000,1.947398,2.735862,2.066364,2.311324,0.365887,0.634113,0.788464,0.118966,0.363927,30.000000,1.945851,2.178734,2.226257,2.208903,0.365176,0.634824,0.232883,0.280406,0.263052,1.946363,2.350504,2.285965,2.304075,0.280603,0.719397,0.404140,0.339602,0.357712
2.640000,90.000000,1.983357,2.735094,1.842937,2.088017,0.274707,0.725293,0.751737,-0.140420,0.104661,45.000000,1.984436,1.791062,2.180240,2.037350,0.367159,0.632841,-0.193374,0.195804,0.052913,30.000000,1.982821,2.302828,1.870812,2.029195,0.366612,0.633388,0.320007,-0.112009,0.046374,1.983357,2.735094,1.842937,2.088017,0.274707,0.725293,0.751737,-0.140420,0.104661
2.660000,90.000000,2.020731,3.048934,2.322709,2.524248,0.277517,0.722483,1.028203,0.301978,0.503518,45.000000,2.021858,2.032320,1.981976,2.000279,0.363559,0.636441,0.010463,-0.039881,-0.021578,30.000000,2.020171,1.256311,1.993967,1.717203,0.375195,0.624805,-0.763860,-0.026204,-0.302968,2.020731,3.048934,2.322709,2.524248,0.277517,0.722483,1.028203,0.301978,0.503518
2.680000,90.000000,2.058484,3.901721,1.913664,2.445848,0.267695,0.732305,1.843236,-0.144821,0.387363,45.000000,2.059659,2.824506,2.041323,2.326928,0.364672,0.635328,0.764847,-0.018336,0.267268,30.000000,2.057900,2.174045,2.343095,2.278970,0.379326,0.620674,0.116145,0.285195,0.221070,2.058484,3.901721,1.913664,2.445848,0.267695,0.732305,1.843236,-0.144821,0.387363
2.700000,90.000000,2.096616,3.023067,2.274694,2.470452,0.261579,0.738421,0.926451,0.178078,0.373837,45.000000,2.097840,2.391064,1.974000,2.131368,0.377323,0.622677,0.293224,-0.123841,0.033528,30.000000,2.096006,1.868559,1.846301,1.854566,0.371344,0.628656,-0.227447,-0.249705,-0.241440,2.096616,3.023067,2.274694,2.470452,0.261579,0.738421,0.926451,0.178078,0.373837
2.720000,90.000000,2.135123,3.289196,2.322348,2.573341,0.259600,0.740400,1.154073,0.187225,0.438218,45.000000,2.136399,2.279820,2.018562,2.114638,0.367742,0.632258,0.143421,-0.117837,-0.021761,30.000000,2.134487,3.335257,2.473819,2.778904,0.354159,0.645841,1.200770,0.339332,0.644417,2.135123,3.289196,2.322348,2.573341,0.259600,0.740400,1.154073,0.187225,0.438218
2.740000,90.000000,2.174004,4.065014,1.784936,2.352988,0.249143,0.750857,1.891010,-0.389069,0.178984,45.000000,2.175333,1.659911,1.941945,1.837714,0.369568,0.630432,-0.515422,-0.233388,-0.337619,30.000000,2.173341,0.862480,2.489003,1.900120,0.362052,0.637948,-1.310861,0.315662,-0.273221,2.174004,4.065014,1.784936,2.352988,0.249143,0.750857,1.891010,-0.389069,0.178984
2.760000,90.000000,2.213258,3.658271,1.944822,2.359386,0.241951,0.758049,1.445013,-0.268436,0.146128,45.000000,2.214641,2.800521,2.241260,2.443095,0.360896,0.639104,0.585880,0.026619,0.228454,30.000000,2.212567,2.081902,2.431416,2.304204,0.363969,0.636031,-0.130665,0.218848,0.091637,2.213258,3.658271,1.944822,2.359386,0.241951,0.758049,1.445013,-0.268436,0.146128
2.780000,90.000000,2.252883,3.414560,2.052271,2.377043,0.238404,0.761596,1.161677,-0.200612,0.124160,45.000000,2.254322,1.983322,2.463995,2.288089,0.365959,0.634041,-0.270999,0.209673,0.033767,30.000000,2.252164,1.783839,2.255771,2.082086,0.368030,0.631970,-0.468324,0.003607,-0.170078,2.252883,3.414560,2.052271,2.377043,0.238404,0.761596,1.161677,-0.200612,0.124160
2.800000,90.000000,2.292877,3.446260,1.473820,1.932083,0.232338,0.767662,1.153383,-0.819057,-0.360794,45.000000,2.294373,3.114798,2.452616,2.685582,0.351816,0.648184,0.820426,0.158243,0.391209,30.000000,2.292128,2.331972,2.526055,2.454740,0.367447,0.632553,0.039844,0.233926,0.162611,2.292877,3.446260,1.473820,1.932083,0.232338,0.767662,1.153383,-0.819057,-0.360794
2.820000,90.000000,2.333239,3.880111,2.201631,2.580064,0.225465,0.774535,1.546873,-0.131607,0.246825,45.000000,2.334793,2.812680,2.405395,2.544727,0.342099,0.657901,0.477887,0.070602,0.209934,30.000000,2.332460,2.792836,1.903908,2.233608,0.370896,0.629104,0.460377,-0.428552,-0.098852,2.333239,3.880111,2.201631,2.580064,0.225465,0.774535,1.546873,-0.131607,0.246825
2.840000,90.000000,2.373966,4.409749,2.709974,3.085002,0.220637,0.779363,2.035783,0.336008,0.711036,45.000000,2.375581,2.758003,1.953844,2.220715,0.331864,0.668136,0.382422,-0.421737,-0.154866,30.000000,2.373156,1.648528,1.846446,1.772561,0.373310,0.626690,-0.724628,-0.526710,-0.600594,2.373966,4.409749,2.709974,3.085002,0.220637,0.779363,2.035783,0.336008,0.711036
2.860000,90.000000,2.415058,3.868259,2.476449,2.778575,0.217076,0.782924,1.453201,0.061392,0.363517,45.000000,2.416734,3.689057,2.583204,2.940028,0.322670,0.677330,1.272323,0.166469,0.523294,30.000000,2.414216,1.931907,2.503003,2.289392,0.374037,0.625963,-0.482309,0.088787,-0.124824,2.415058,3.868259,2.476449,2.778575,0.217076,0.782924,1.453201,0.061392,0.363517
2.880000,90.000000,2.456512,3.203626,2.318329,2.512572,0.219411,0.780589,0.747114,-0.138183,0.056060,45.000000,2.458252,2.733665,2.526677,2.594860,0.329407,0.670593,0.275412,0.068425,0.136608,30.000000,2.455637,2.221154,2.485176,2.387820,0.368743,0.631257,-0.234483,0.029539,-0.067817,2.456512,3.203626,2.318329,2.512572,0.219411,0.780589,0.747114,-0.138183,0.056060
2.900000,90.000000,2.498327,4.144795,2.591018,2.924701,0.214759,0.785241,1.646467,0.092691,0.426374,45.000000,2.500133,1.819996,2.632300,2.359632,0.335673,0.664327,-0.680137,0.132167,-0.140501,30.000000,2.497418,1.926912,2.604836,2.354466,0.369318,0.630682,-0.570506,0.107417,-0.142952,2.498327,4.144795,2.591018,2.924701,0.214759,0.785241,1.646467,0.092691,0.426374
2.920000,90.000000,2.540502,3.564408,2.559357,2.776224,0.215778,0.784222,1.023906,0.018855,0.235722,45.000000,2.542374,2.530526,2.579002,2.562702,0.336237,0.663763,-0.011849,0.036628,0.020328,30.000000,2.539558,2.340066,2.652449,2.536811,0.370181,0.629819,-0.199492,0.112891,-0.002747,2.540502,3.564408,2.559357,2.776224,0.215778,0.784222,1.023906,0.018855,0.235722
2.940000,90.000000,2.583035,3.771792,2.432609,2.718288,0.213326,0.786674,1.188757,-0.150426,0.135253,45.000000,2.584975,2.587926,3.275826,3.037771,0.346060,0.653940,0.002951,0.690851,0.452797,30.000000,2.582055,1.990905,2.313567,2.196629,0.362418,0.637582,-0.591150,-0.268488,-0.385426,2.583035,3.771792,2.432609,2.718288,0.213326,0.786674,1.188757,-0.150426,0.135253
2.960000,90.000000,2.625923,4.792334,2.471554,2.950685,0.206459,0.793541,2.166411,-0.154369,0.324762,45.000000,2.627934,2.988803,2.402557,2.605722,0.346552,0.653448,0.360869,-0.225376,-0.022212,30.000000,2.624907,2.451797,2.313961,2.362703,0.353625,0.646375,-0.173110,-0.310946,-0.262204,2.625923,4.792334,2.471554,2.950685,0.206459,0.793541,2.166411,-0.154369,0.324762
2.980000,90.000000,2.669166,3.940802,2.485782,2.782601,0.204000,0.796000,1.271636,-0.183385,0.113435,45.000000,2.671248,2.209885,2.274370,2.252348,0.341506,0.658494,-0.461363,-0.396878,-0.418900,30.000000,2.668112,3.116852,2.463121,2.700149,0.362577,0.637423,0.448739,-0.204991,0.032037,2.669166,3.940802,2.485782,2.782601,0.204000,0.796000,1.271636,-0.183385,0.113435
3.000000,90.000000,2.712762,3.594448,2.247602,2.517661,0.200514,0.799486,0.881686,-0.465160,-0.195101,45.000000,2.714918,1.684194,2.725484,2.363197,0.347923,0.652077,-1.030724,0.010566,-0.351721,30.000000,2.711670,3.558018,2.813348,3.087825,0.368589,0.631411,0.846348,0.101678,0.376155,2.712762,3.594448,2.247602,2.517661,0.200514,0.799486,0.881686,-0.465160,-0.195101
3.020000,90.000000,2.756710,5.321272,2.529942,3.069709,0.193382,0.806618,2.564562,-0.226768,0.313000,45.000000,2.758941,3.479539,2.719679,2.979106,0.341414,0.658586,0.720599,-0.039262,0.220165,30.000000,2.755578,2.625677,2.283938,2.410861,0.371403,0.628597,-0.129900,-0.471639,-0.344716,2.756710,5.321272,2.529942,3.069709,0.193382,0.806618,2.564562,-0.226768,0.313000
3.040000,90.000000,2.801007,4.608513,2.903831,3.227443,0.189841,0.810159,1.807506,0.102824,0.426436,45.000000,2.803315,3.313670,2.716418,2.914568,0.331771,0.668229,0.510355,-0.086897,0.111253,30.000000,2.799834,2.606197,3.005812,2.861428,0.361308,0.638692,-0.193637,0.205978,0.061594,2.801007,4.608513,2.903831,3.227443,0.189841,0.810159,1.807506,0.102824,0.426436
3.060000,90.000000,2.845652,3.804565,2.841307,3.021058,0.186608,0.813392,0.958913,-0.004345,0.175406,45.000000,2.848039,2.106373,3.332393,2.906407,0.347456,0.652544,-0.741666,0.484354,0.058368,30.000000,2.844438,2.931026,2.685726,2.775336,0.365307,0.634693,0.086588,-0.158712,-0.069102,2.845652,3.804565,2.841307,3.021058,0.186608,0.813392,0.958913,-0.004345,0.175406
3.080000,90.000000,2.890644,4.539792,2.865908,3.169131,0.181153,0.818847,1.649148,-0.024735,0.278488,45.000000,2.893111,3.515455,2.959618,3.150559,0.343519,0.656481,0.622344,0.066507,0.257448,30.000000,2.889387,3.354679,3.255630,3.291855,0.365726,0.634274,0.465292,0.366243,0.402468,2.890644,4.539792,2.865908,3.169131,0.181153,0.818847,1.649148,-0.024735,0.278488
3.100000,90.000000,2.935981,4.216027,2.802035,3.055380,0.179173,0.820827,1.280047,-0.133945,0.119400,45.000000,2.938530,3.384970,2.887501,3.057680,0.342090,0.657910,0.446440,-0.051029,0.119150,30.000000,2.934680,3.230154,3.077190,3.132947,0.364511,0.635489,0.295473,0.142509,0.198266,2.935981,4.216027,2.802035,3.055380,0.179173,0.820827,1.280047,-0.133945,0.119400
3.120000,90.000000,2.981661,4.189551,2.843400,3.081272,0.176707,0.823293,1.207890,-0.138261,0.099611,45.000000,2.984295,4.166702,3.376644,3.642449,0.336439,0.663561,1.182407,0.392349,0.658155,30.000000,2.980316,2.974785,2.369883,2.597568,0.376401,0.623599,-0.005531,-0.610433,-0.382748,2.981661,4.189551,2.843400,3.081272,0.176707,0.823293,1.207890,-0.138261,0.099611
3.140000,90.000000,3.027683,3.651740,3.548034,3.566418,0.177276,0.822724,0.624057,0.520351,0.538735,45.000000,3.030403,3.122963,3.137987,3.132866,0.340848,0.659152,0.092560,0.107583,0.102463,30.000000,3.026292,3.102017,2.865369,2.953201,0.371151,0.628849,0.075725,-0.160923,-0.073091,3.027683,3.651740,3.548034,3.566418,0.177276,0.822724,0.624057,0.520351,0.538735
3.160000,90.000000,3.074046,5.196220,3.077534,3.441902,0.171983,0.828017,2.122174,0.003489,0.367856,45.000000,3.076854,3.246955,3.164505,3.192513,0.339695,0.660305,0.170102,0.087652,0.115659,30.000000,3.072608,3.036307,3.275772,3.187144,0.370108,0.629892,-0.036301,0.203164,0.114536,3.074046,5.196220,3.077534,3.441902,0.171983,0.828017,2.122174,0.003489,0.367856
3.180000,90.000000,3.120747,4.909791,3.600141,3.822400,0.169711,0.830289,1.789044,0.479394,0.701653,45.000000,3.123645,3.150573,3.423406,3.329880,0.342795,0.657205,0.026928,0.299761,0.206235,30.000000,3.119262,3.415471,3.355045,3.377549,0.372420,0.627580,0.296209,0.235783,0.258287,3.120747,4.909791,3.600141,3.822400,0.169711,0.830289,1.789044,0.479394,0.701653
3.200000,90.000000,3.167786,5.051823,3.121735,3.440711,0.165269,0.834731,1.884037,-0.046051,0.272925,45.000000,3.170776,3.239618,3.116619,3.158577,0.341124,0.658876,0.068843,-0.054157,-0.012199,30.000000,3.166251,2.446302,2.862148,2.705098,0.377663,0.622337,-0.719950,-0.304104,-0.461153,3.167786,5.051823,3.121735,3.440711,0.165269,0.834731,1.884037,-0.046051,0.272925
3.220000,90.000000,3.215160,5.431156,3.358202,3.695919,0.162921,0.837079,2.215996,0.143042,0.480759,45.000000,3.218244,4.080663,3.305012,3.567397,0.338278,0.661722,0.862420,0.086768,0.349153,30.000000,3.213576,3.329974,2.778550,2.983520,0.371711,0.628289,0.116399,-0.435026,-0.230056,3.215160,5.431156,3.358202,3.695919,0.162921,0.837079,2.215996,0.143042,0.480759
3.240000,90.000000,3.262869,5.106639,3.175938,3.484114,0.159623,0.840377,1.843770,-0.086932,0.221244,45.000000,3.266048,2.815929,3.322784,3.153302,0.334380,0.665620,-0.450119,0.056736,-0.112746,30.000000,3.261233,3.175485,3.438742,3.339407,0.377329,0.622671,-0.085749,0.177509,0.078174,3.262869,5.106639,3.175938,3.484114,0.159623,0.840377,1.843770,-0.086932,0.221244
3.260000,90.000000,3.310911,5.384944,3.161848,3.509291,0.156293,0.843707,2.074034,-0.149062,0.198381,45.000000,3.314187,3.054787,3.149914,3.118002,0.335463,0.664537,-0.259400,-0.164273,-0.196185,30.000000,3.309222,3.307719,3.520963,3.441820,0.371140,0.628860,-0.001503,0.211741,0.132598,3.310911,5.384944,3.161848,3.509291,0.156293,0.843707,2.074034,-0.149062,0.198381
3.280000,90.000000,3.359283,4.390121,3.329118,3.492892,0.154359,0.845641,1.030838,-0.030165,0.133608,45.000000,3.362660,3.862399,3.676522,3.737443,0.327751,0.672249,0.499739,0.313862,0.374784,30.000000,3.357541,3.854057,3.537242,3.654789,0.371028,0.628972,0.496516,0.179701,0.297248,3.359283,4.390121,3.329118,3.492892,0.154359,0.845641,1.030838,-0.030165,0.133608
3.300000,90.000000,3.407986,5.038625,3.446892,3.687896,0.151413,0.848587,1.630640,0.038906,0.279911,45.000000,3.411464,3.146479,3.400005,3.316255,0.330340,0.669660,-0.264985,-0.011458,-0.095208,30.000000,3.406189,2.995659,3.649013,3.403968,0.375058,0.624942,-0.410530,0.242824,-0.002221,3.407986,5.038625,3.446892,3.687896,0.151413,0.848587,1.630640,0.038906,0.279911
3.320000,90.000000,3.457016,4.792998,3.466988,3.663589,0.148267,0.851733,1.335982,0.009972,0.206573,45.000000,3.460598,4.254912,3.393835,3.677050,0.328908,0.671092,0.794314,-0.066763,0.216452,30.000000,3.455163,3.341876,3.833119,3.649503,0.373778,0.626222,-0.113288,0.377956,0.194340,3.457016,4.792998,3.466988,3.663589,0.148267,0.851733,1.335982,0.009972,0.206573
3.340000,90.000000,3.506374,5.640029,3.124010,3.488660,0.144938,0.855062,2.133655,-0.382364,-0.017714,45.000000,3.510061,3.565699,3.375045,3.436762,0.323710,0.676290,0.055638,-0.135016,-0.073299,30.000000,3.504463,3.361668,3.914569,3.707844,0.373891,0.626109,-0.142795,0.410105,0.203381,3.506374,5.640029,3.124010,3.488660,0.144938,0.855062,2.133655,-0.382364,-0.017714
3.360000,90.000000,3.556056,5.008167,3.420373,3.648463,0.143655,0.856345,1.452110,-0.135684,0.092406,45.000000,3.559851,3.904599,3.307650,3.503091,0.327400,0.672600,0.344748,-0.252201,-0.056760,30.000000,3.554088,3.785344,3.862616,3.833713,0.374034,0.625966,0.231257,0.308528,0.279626,3.556056,5.008167,3.420373,3.648463,0.143655,0.856345,1.452110,-0.135684,0.092406
3.380000,90.000000,3.606063,5.414631,3.367992,3.658702,0.142047,0.857953,1.808568,-0.238071,0.052640,45.000000,3.609968,3.519180,3.803030,3.710200,0.327037,0.672963,-0.090787,0.193062,0.100233,30.000000,3.604034,3.450570,3.649310,3.576854,0.364575,0.635425,-0.153465,0.045276,-0.027180,3.606063,5.414631,3.367992,3.658702,0.142047,0.857953,1.808568,-0.238071,0.052640
3.400000,90.000000,3.656392,5.290021,3.701764,3.924463,0.140218,0.859782,1.633630,0.045373,0.268071,45.000000,3.660408,4.299717,3.772250,3.940868,0.319677,0.680323,0.639308,0.111841,0.280460,30.000000,3.654302,3.419502,3.527429,3.488480,0.360884,0.639116,-0.234800,-0.126873,-0.165822,3.656392,5.290021,3.701764,3.924463,0.140218,0.859782,1.633630,0.045373,0.268071
3.420000,90.000000,3.707041,5.539640,3.733526,3.984603,0.139018,0.860982,1.832599,0.026485,0.277562,45.000000,3.711172,4.249764,3.795500,3.940625,0.319473,0.680527,0.538593,0.084328,0.229453,30.000000,3.704889,3.667042,3.870039,3.797630,0.356698,0.643302,-0.037847,0.165150,0.092741,3.707041,5.539640,3.733526,3.984603,0.139018,0.860982,1.832599,0.026485,0.277562
3.440000,90.000000,3.758010,6.068986,4.053555,4.332689,0.138503,0.861497,2.310976,0.295545,0.574679,45.000000,3.762257,4.454656,4.015421,4.156354,0.320859,0.679141,0.692399,0.253164,0.394097,30.000000,3.755794,3.562174,3.932926,3.802115,0.352826,0.647174,-0.193621,0.177132,0.046321,3.758010,6.068986,4.053555,4.332689,0.138503,0.861497,2.310976,0.295545,0.574679
3.460000,90.000000,3.809297,5.813897,3.384899,3.715910,0.136281,0.863719,2.004600,-0.424398,-0.093387,45.000000,3.813662,3.339461,3.764592,3.625277,0.327698,0.672302,-0.474202,-0.049070,-0.188385,30.000000,3.807016,3.978469,4.259978,4.159747,0.356050,0.643950,0.171453,0.452962,0.352731,3.809297,5.813897,3.384899,3.715910,0.136281,0.863719,2.004600,-0.424398,-0.093387
3.480000,90.000000,3.860900,5.570500,3.621391,3.886472,0.136005,0.863995,1.709600,-0.239510,0.025572,45.000000,3.865386,3.204227,4.359921,3.978643,0.329914,0.670086,-0.661159,0.494535,0.113257,30.000000,3.858553,3.811816,4.268937,4.107326,0.353541,0.646459,-0.046738,0.410384,0.248773,3.860900,5.570500,3.621391,3.886472,0.136005,0.863995,1.709600,-0.239510,0.025572
3.500000,90.000000,3.912819,5.763880,3.744735,4.009287,0.131026,0.868974,1.851062,-0.168084,0.096468,45.000000,3.917427,4.698073,3.807110,4.089025,0.316417,0.683583,0.780646,-0.110317,0.171598,30.000000,3.910404,3.779803,4.018663,3.936919,0.342223,0.657777,-0.130601,0.108258,0.026515,3.912819,5.763880,3.744735,4.009287,0.131026,0.868974,1.851062,-0.168084,0.096468
3.520000,90.000000,3.965051,6.128347,4.002213,4.276377,0.128954,0.871046,2.163296,0.037162,0.311326,45.000000,3.969784,4.134110,4.261302,4.221571,0.312375,0.687625,0.164326,0.291518,0.251786,30.000000,3.962567,3.437302,4.604389,4.218916,0.330288,0.669712,-0.525265,0.641822,0.256349,3.965051,6.128347,4.002213,4.276377,0.128954,0.871046,2.163296,0.037162,0.311326
3.540000,90.000000,4.017595,6.912667,4.226601,4.570092,0.127886,0.872114,2.895072,0.209006,0.552497,45.000000,4.022455,4.104522,4.526472,4.391540,0.319784,0.680216,0.082067,0.504017,0.369084,30.000000,4.015041,3.571595,4.283806,4.052773,0.324388,0.675612,-0.443446,0.268765,0.037732,4.017595,6.912667,4.226601,4.570092,0.127886,0.872114,2.895072,0.209006,0.552497
3.560000,90.000000,4.070450,6.021471,4.496513,4.692874,0.128767,0.871233,1.951021,0.426063,0.622424,45.000000,4.075440,4.686386,4.663181,4.670560,0.318000,0.682000,0.610946,0.587742,0.595121,30.000000,4.067824,4.089174,4.408331,4.303403,0.328766,0.671234,0.021350,0.340507,0.235579,4.070450,6.021471,4.496513,4.692874,0.128767,0.871233,1.951021,0.426063,0.622424
3.580000,90.000000,4.123615,6.631026,4.565104,4.827759,0.127142,0.872858,2.507411,0.441490,0.704145,45.000000,4.128736,4.007398,4.035471,4.026419,0.322438,0.677562,-0.121338,-0.093265,-0.102317,30.000000,4.120915,4.273681,3.568175,3.806253,0.337458,0.662542,0.152766,-0.552741,-0.314662,4.123615,6.631026,4.565104,4.827759,0.127142,0.872858,2.507411,0.441490,0.704145
3.600000,90.000000,4.177087,6.952081,4.234085,4.571297,0.124074,0.875926,2.774994,0.056998,0.394210,45.000000,4.182342,4.129533,3.911208,3.981359,0.321314,0.678686,-0.052809,-0.271133,-0.200983,30.000000,4.174313,3.340837,4.345908,4.018536,0.325721,0.674279,-0.833477,0.171595,-0.155777,4.177087,6.952081,4.234085,4.571297,0.124074,0.875926,2.774994,0.056998,0.394210
3.620000,90.000000,4.230866,7.333805,4.510992,4.852406,0.120956,0.879044,3.102939,0.280127,0.621540,45.000000,4.236257,3.303388,4.370257,4.015203,0.332801,0.667199,-0.932869,0.134001,-0.221054,30.000000,4.228016,4.058055,4.055794,4.056531,0.325985,0.674015,-0.169960,-0.172222,-0.171485,4.230866,7.333805,4.510992,4.852406,0.120956,0.879044,3.102939,0.280127,0.621540
3.640000,90.000000,4.284950,6.081438,4.303283,4.516807,0.120085,0.879915,1.796489,0.018334,0.231858,45.000000,4.290479,4.375932,4.283826,4.314151,0.329247,0.670753,0.085453,-0.006653,0.023672,30.000000,4.282022,4.497303,4.250972,4.331000,0.324878,0.675122,0.215281,-0.031050,0.048978,4.284950,6.081438,4.303283,4.516807,0.120085,0.879915,1.796489,0.018334,0.231858
3.660000,90.000000,4.339337,6.895492,4.065854,4.399258,0.117834,0.882166,2.556154,-0.273483,0.059921,45.000000,4.345007,4.317729,4.374959,4.356068,0.330083,0.669917,-0.027278,0.029951,0.011061,30.000000,4.336331,4.352935,4.139587,4.210474,0.332259,0.667741,0.016604,-0.196743,-0.125857,4.339337,6.895492,4.065854,4.399258,0.117834,0.882166,2.556154,-0.273483,0.059921
3.680000,90.000000,4.394028,6.566980,4.474077,4.720710,0.117847,0.882153,2.172952,0.080049,0.326683,45.000000,4.399840,4.208688,4.362730,4.310735,0.337534,0.662466,-0.191152,-0.037111,-0.089105,30.000000,4.390940,4.089770,4.970956,4.682384,0.327482,0.672518,-0.301170,0.580016,0.291444,4.394028,6.566980,4.474077,4.720710,0.117847,0.882153,2.172952,0.080049,0.326683
3.700000,90.000000,4.449019,7.073958,4.615184,4.900598,0.116086,0.883914,2.624939,0.166165,0.451580,45.000000,4.454977,4.434612,4.685772,4.599672,0.342809,0.657191,-0.020365,0.230795,0.144695,30.000000,4.445849,5.042011,4.651705,4.780235,0.329306,0.670694,0.596163,0.205856,0.334386,4.449019,7.073958,4.615184,4.900598,0.116086,0.883914,2.624939,0.166165,0.451580
3.720000,90.000000,4.504309,7.829424,5.114994,5.425833,0.114521,0.885479,3.325114,0.610685,0.921523,45.000000,4.510415,3.352217,4.407750,4.036589,0.351634,0.648366,-1.158198,-0.102665,-0.473826,30.000000,4.501056,4.300874,4.139533,4.192319,0.327172,0.672828,-0.200182,-0.361523,-0.308737,4.504309,7.829424,5.114994,5.425833,0.114521,0.885479,3.325114,0.610685,0.921523
3.740000,90.000000,4.559898,7.287966,3.828744,4.224421,0.114395,0.885605,2.728067,-0.731154,-0.335477,45.000000,4.566154,4.040680,4.623971,4.417004,0.354826,0.645174,-0.525474,0.057817,-0.149150,30.000000,4.556559,4.445713,4.308514,4.355379,0.341581,0.658419,-0.110846,-0.248045,-0.201181,4.559898,7.287966,3.828744,4.224421,0.114395,0.885605,2.728067,-0.731154,-0.335477
3.760000,90.000000,4.615784,7.498065,4.716294,5.031964,0.113486,0.886514,2.882280,0.100510,0.416180,45.000000,4.622192,3.751782,4.987699,4.529942,0.370380,0.629620,-0.870410,0.365507,-0.092250,30.000000,4.612358,4.932791,4.131192,4.412412,0.350825,0.649175,0.320432,-0.481166,-0.199946,4.615784,7.498065,4.716294,5.031964,0.113486,0.886514,2.882280,0.100510,0.416180
3.780000,90.000000,4.671965,7.581182,5.380536,5.629955,0.113344,0.886656,2.909216,0.708571,0.957989,45.000000,4.678528,5.317854,4.511943,4.800550,0.358114,0.641886,0.639326,-0.166586,0.122022,30.000000,4.668451,4.662127,4.451774,4.526804,0.356687,0.643313,-0.006324,-0.216678,-0.141647,4.671965,7.581182,5.380536,5.629955,0.113344,0.886656,2.909216,0.708571,0.957989
3.800000,90.000000,4.728441,6.926817,4.867729,5.099819,0.112719,0.887281,2.198376,0.139288,0.371378,45.000000,4.735161,4.647891,4.873065,4.790586,0.366293,0.633707,-0.087270,0.137904,0.055425,30.000000,4.724837,4.616305,4.649523,4.637640,0.357728,0.642272,-0.108532,-0.075313,-0.087196,4.728441,6.926817,4.867729,5.099819,0.112719,0.887281,2.198376,0.139288,0.371378
3.820000,90.000000,4.785209,8.303939,4.889826,5.269417,0.111194,0.888806,3.518729,0.104616,0.484208,45.000000,4.792089,4.353660,5.348019,4.986907,0.363162,0.636838,-0.438429,0.555930,0.194818,30.000000,4.781513,4.473787,4.650851,4.588996,0.349338,0.650662,-0.307726,-0.130662,-0.192517,4.785209,8.303939,4.889826,5.269417,0.111194,0.888806,3.518729,0.104616,0.484208
3.840000,90.000000,4.842269,7.994682,4.974130,5.306219,0.109952,0.890048,3.152413,0.131861,0.463950,45.000000,4.849311,5.278984,4.519241,4.794271,0.362004,0.637996,0.429673,-0.330070,-0.055040,30.000000,4.838480,5.110337,4.820651,4.922892,0.352937,0.647063,0.271857,-0.017829,0.084412,4.842269,7.994682,4.974130,5.306219,0.109952,0.890048,3.152413,0.131861,0.463950
3.860000,90.000000,4.899619,7.986805,4.862482,5.201588,0.108547,0.891453,3.087186,-0.037137,0.301969,45.000000,4.906825,5.403366,5.012478,5.152097,0.357185,0.642815,0.496541,0.105653,0.245272,30.000000,4.895735,5.238982,5.368247,5.322085,0.357111,0.642889,0.343247,0.472512,0.426350,4.899619,7.986805,4.862482,5.201588,0.108547,0.891453,3.087186,-0.037137,0.301969
3.880000,90.000000,4.957258,7.818270,5.467674,5.720721,0.107657,0.892343,2.861012,0.510417,0.763463,45.000000,4.964631,5.609321,5.315960,5.420787,0.357331,0.642669,0.644690,0.351329,0.456156,30.000000,4.953277,5.423798,4.655873,4.936694,0.365688,0.634312,0.470521,-0.297404,-0.016583,4.957258,7.818270,5.467674,5.720721,0.107657,0.892343,2.861012,0.510417,0.763463
3.900000,90.000000,5.015184,7.378655,5.007721,5.261308,0.106962,0.893038,2.363471,-0.007463,0.246124,45.000000,5.022727,6.133128,5.179391,5.530719,0.368371,0.631629,1.110401,0.156664,0.507992,30.000000,5.011105,5.226726,4.963392,5.061956,0.374294,0.625706,0.215621,-0.047713,0.050851,5.015184,7.378655,5.007721,5.261308,0.106962,0.893038,2.363471,-0.007463,0.246124
3.920000,90.000000,5.073397,7.891667,5.319184,5.591231,0.105759,0.894241,2.818270,0.245787,0.517835,45.000000,5.081111,5.353675,5.154368,5.227316,0.366008,0.633992,0.272564,0.073258,0.146206,30.000000,5.069217,4.327578,5.361847,4.982009,0.367253,0.632747,-0.741639,0.292630,-0.087208,5.073397,7.891667,5.319184,5.591231,0.105759,0.894241,2.818270,0.245787,0.517835
3.940000,90.000000,5.131894,7.557163,4.346092,4.684156,0.105291,0.894709,2.425269,-0.785802,-0.447738,45.000000,5.139783,5.434443,5.338689,5.372917,0.357454,0.642546,0.294660,0.198907,0.233134,30.000000,5.127613,5.019054,5.402545,5.261659,0.367377,0.632623,-0.108559,0.274932,0.134046,5.131894,7.557163,4.346092,4.684156,0.105291,0.894709,2.425269,-0.785802,-0.447738
3.960000,90.000000,5.190675,8.625637,5.030935,5.406621,0.104523,0.895477,3.434962,-0.159740,0.215946,45.000000,5.198740,4.796105,5.633024,5.326493,0.366262,0.633738,-0.402635,0.434284,0.127753,30.000000,5.186290,5.601678,4.833272,5.119612,0.372642,0.627358,0.415387,-0.353018,-0.066678,5.190675,8.625637,5.030935,5.406621,0.104523,0.895477,3.434962,-0.159740,0.215946
3.980000,90.000000,5.249738,8.816701,4.669141,5.096233,0.102990,0.897010,3.566963,-0.580597,-0.153506,45.000000,5.257983,4.535062,5.361667,5.064967,0.358939,0.641061,-0.722921,0.103685,-0.193016,30.000000,5.245248,4.926961,4.907182,4.914449,0.367396,0.632604,-0.318287,-0.338066,-0.330799,5.249738,8.816701,4.669141,5.096233,0.102990,0.897010,3.566963,-0.580597,-0.153506
4.000000,90.000000,5.309082,8.849815,5.226501,5.593266,0.101236,0.898764,3.540733,-0.082581,0.284184,45.000000,5.317509,5.507757,5.191801,5.307713,0.366861,0.633139,0.190248,-0.125707,-0.009796,30.000000,5.304485,5.864636,4.764764,5.173781,0.371878,0.628122,0.560151,-0.539721,-0.130704,5.309082,8.849815,5.226501,5.593266,0.101236,0.898764,3.540733,-0.082581,0.284184
4.020000,90.000000,5.368706,7.760694,4.797013,5.097870,0.101523,0.898477,2.391988,-0.571693,-0.270836,45.000000,5.377317,17.899742,5.140102,7.454739,0.181599,0.818401,12.522425,-0.237215,2.077422,30.000000,5.364000,5.449850,5.558569,5.518639,0.367279,0.632721,0.085850,0.194570,0.154639,5.368706,7.760694,4.797013,5.097870,0.101523,0.898477,2.391988,-0.571693,-0.270836
4.040000,90.000000,5.428608,8.442428,5.902669,6.160120,0.101374,0.898626,3.013820,0.474061,0.731512,45.000000,5.437406,17.219851,5.356788,6.891850,0.129548,0.870452,11.782445,-0.080618,1.454443,30.000000,5.423791,6.194692,5.684958,5.875950,0.374691,0.625309,0.770900,0.261166,0.452159,5.428608,8.442428,5.902669,6.160120,0.101374,0.898626,3.013820,0.474061,0.731512
4.060000,90.000000,5.488788,7.203017,5.390496,5.572745,0.100553,0.899447,1.714229,-0.098292,0.083957,45.000000,5.497775,17.483096,5.374182,6.593087,0.100796,0.899204,11.985321,-0.123593,1.095312,30.000000,5.483858,5.576733,5.530218,5.547562,0.372873,0.627127,0.092875,0.046360,0.063704,5.488788,7.203017,5.390496,5.572745,0.100553,0.899447,1.714229,-0.098292,0.083957
4.080000,90.000000,5.549243,8.927104,5.356592,5.711245,0.099340,0.900660,3.377862,-0.192651,0.162002,45.000000,5.558422,17.376065,5.561434,6.572934,0.085729,0.914271,11.817643,0.003012,1.014512,30.000000,5.544199,5.250753,5.422963,5.359134,0.370649,0.629351,-0.293445,-0.121235,-0.185065,5.549243,8.927104,5.356592,5.711245,0.099340,0.900660,3.377862,-0.192651,0.162002
4.100000,90.000000,5.609972,8.941605,5.688867,6.008221,0.098190,0.901810,3.331632,0.078895,0.398249,45.000000,5.619347,17.503554,5.181807,6.111537,0.075569,0.924431,11.884208,-0.437540,0.492190,30.000000,5.604812,5.915034,5.686838,5.771651,0.371667,0.628333,0.310222,0.082026,0.166839,5.609972,8.941605,5.688867,6.008221,0.098190,0.901810,3.331632,0.078895,0.398249
4.120000,90.000000,5.670975,7.881901,5.897938,6.091919,0.097778,0.902222,2.210926,0.226962,0.420943,45.000000,5.680547,18.777437,5.963921,6.826492,0.067431,0.932569,13.096890,0.283374,1.145945,30.000000,5.665697,5.668534,6.010995,5.886816,0.362608,0.637392,0.002837,0.345298,0.221119,5.670975,7.881901,5.897938,6.091919,0.097778,0.902222,2.210926,0.226962,0.420943
4.140000,90.000000,5.732250,9.423228,5.565436,5.932891,0.095263,0.904737,3.690978,-0.166814,0.200640,45.000000,5.742022,17.734470,5.847269,6.585170,0.062167,0.937833,11.992448,0.105247,0.843148,30.000000,5.726852,5.337446,6.104788,5.832796,0.354460,0.645540,-0.389406,0.377936,0.105944,5.732250,9.423228,5.565436,5.932891,0.095263,0.904737,3.690978,-0.166814,0.200640
4.160000,90.000000,5.793796,9.456263,5.320112,5.709893,0.094253,0.905747,3.662467,-0.473684,-0.083903,45.000000,5.803770,17.886386,5.495295,6.213740,0.058075,0.941925,12.082616,-0.308475,0.409971,30.000000,5.788276,6.454796,5.669042,5.953835,0.362447,0.637553,0.666521,-0.119234,0.165560,5.793796,9.456263,5.320112,5.709893,0.094253,0.905747,3.662467,-0.473684,-0.083903
4.180000,90.000000,5.855612,10.250606,5.726373,6.142704,0.092040,0.907960,4.394995,-0.129239,0.287093,45.000000,5.865790,18.082232,5.993233,6.653366,0.054691,0.945309,12.216442,0.127443,0.787576,30.000000,5.849967,6.389409,5.673815,5.937357,0.368284,0.631716,0.539442,-0.176151,0.087390,5.855612,10.250606,5.726373,6.142704,0.092040,0.907960,4.394995,-0.129239,0.287093
4.200000,90.000000,5.917695,9.732643,6.246858,6.565364,0.091383,0.908617,3.814948,0.329162,0.647669,45.000000,5.928081,17.707588,5.982924,6.594886,0.052272,0.947728,11.779506,0.054843,0.666804,30.000000,5.911925,6.484387,6.346366,6.397950,0.373738,0.626262,0.572462,0.434442,0.486025,5.917695,9.732643,6.246858,6.565364,0.091383,0.908617,3.814948,0.329162,0.647669
4.220000,90.000000,5.980046,10.049137,6.085668,6.443838,0.090381,0.909619,4.069091,0.105622,0.463792,45.000000,5.990642,17.833257,6.147716,6.738199,0.050606,0.949394,11.842615,0.157074,0.747557,30.000000,5.974147,6.013134,6.329457,6.213724,0.365872,0.634128,0.038987,0.355310,0.239576,5.980046,10.049137,6.085668,6.443838,0.090381,0.909619,4.069091,0.105622,0.463792
4.240000,90.000000,6.042663,9.873238,5.962640,6.311991,0.089347,0.910653,3.830575,-0.080022,0.269328,45.000000,6.053472,18.192758,6.188128,6.770445,0.048584,0.951416,12.139286,0.134656,0.716974,30.000000,6.036634,7.003813,5.849118,6.285198,0.377659,0.622341,0.967179,-0.187516,0.248564,6.042663,9.873238,5.962640,6.311991,0.089347,0.910653,3.830575,-0.080022,0.269328
4.260000,90.000000,6.105544,9.565057,6.262834,6.556257,0.088865,0.911135,3.459513,0.157291,0.450713,45.000000,6.116568,17.903986,6.068190,6.623144,0.046960,0.953040,11.787418,-0.048379,0.506575,30.000000,6.099383,6.814103,6.064844,6.354480,0.386564,0.613436,0.714720,-0.034539,0.255097,6.105544,9.565057,6.262834,6.556257,0.088865,0.911135,3.459513,0.157291,0.450713
4.280000,90.000000,6.168688,10.105653,6.241348,6.579402,0.087493,0.912507,3.936964,0.072660,0.410713,45.000000,6.179931,17.385840,5.988426,6.509887,0.045818,0.954182,11.205909,-0.191505,0.329956,30.000000,6.162394,5.479264,6.220920,5.942021,0.376050,0.623950,-0.683130,0.058527,-0.220373,6.168688,10.105653,6.241348,6.579402,0.087493,0.912507,3.936964,0.072660,0.410713
4.300000,90.000000,6.232095,9.276431,6.489783,6.732078,0.086955,0.913045,3.044336,0.257688,0.499983,45.000000,6.243558,17.010738,5.893124,6.388836,0.044649,0.955351,10.767180,-0.350434,0.145277,30.000000,6.225664,6.206409,6.067064,6.120489,0.383397,0.616603,-0.019256,-0.158600,-0.105176,6.232095,9.276431,6.489783,6.732078,0.086955,0.913045,3.044336,0.257688,0.499983
4.320000,90.000000,6.295763,9.035316,5.982543,6.245403,0.086113,0.913887,2.739553,-0.313220,-0.050359,45.000000,6.307450,18.686910,6.176618,6.721733,0.043649,0.956351,12.379461,-0.130832,0.414283,30.000000,6.289194,6.994427,6.087204,6.434944,0.383302,0.616698,0.705233,-0.201989,0.145751,6.295763,9.035316,5.982543,6.245403,0.086113,0.913887,2.739553,-0.313220,-0.050359
4.340000,90.000000,6.359690,10.266939,6.546824,6.864808,0.085488,0.914512,3.907249,0.187134,0.505118,45.000000,6.371603,17.768154,6.111067,6.606789,0.042590,0.957410,11.396551,-0.260536,0.235186,30.000000,6.352981,7.443076,6.408658,6.788572,0.367274,0.632726,1.090095,0.055677,0.435591,6.359690,10.266939,6.546824,6.864808,0.085488,0.914512,3.907249,0.187134,0.505118
4.360000,90.000000,6.423876,10.058131,5.963435,6.309172,0.084449,0.915551,3.634255,-0.460441,-0.114704,45.000000,6.436018,18.397374,6.109763,6.619608,0.041563,0.958437,11.961356,-0.326255,0.183591,30.000000,6.417024,6.621614,6.517863,6.555839,0.366035,0.633965,0.204590,0.100838,0.138815,6.423876,10.058131,5.963435,6.309172,0.084449,0.915551,3.634255,-0.460441,-0.114704
4.380000,90.000000,6.488319,10.041999,6.891383,7.156439,0.084136,0.915864,3.553680,0.403064,0.668120,45.000000,6.500692,18.088988,6.142130,6.625141,0.040495,0.959505,11.588296,-0.358563,0.124449,30.000000,6.481323,6.539753,6.664211,6.618724,0.365480,0.634520,0.058430,0.182888,0.137401,6.488319,10.041999,6.891383,7.156439,0.084136,0.915864,3.553680,0.403064,0.668120
4.400000,90.000000,6.553019,10.468817,6.401184,6.738851,0.083027,0.916973,3.915798,-0.151835,0.185833,45.000000,6.565626,18.244410,6.654599,7.114412,0.039734,0.960266,11.678784,0.088974,0.548786,30.000000,6.545876,6.617401,6.089890,6.279899,0.360200,0.639800,0.071525,-0.455986,-0.265976,6.553019,10.468817,6.401184,6.738851,0.083027,0.916973,3.915798,-0.151835,0.185833
4.420000,90.000000,6.617973,11.184786,6.328546,6.725059,0.081669,0.918331,4.566813,-0.289427,0.107086,45.000000,6.630817,18.747261,6.666393,7.135610,0.038904,0.961096,12.116445,0.035576,0.504794,30.000000,6.610681,6.262532,6.323271,6.301503,0.358396,0.641604,-0.348149,-0.287410,-0.309179,6.617973,11.184786,6.328546,6.725059,0.081669,0.918331,4.566813,-0.289427,0.107086
4.440000,90.000000,6.683181,10.527662,6.968587,7.257154,0.081089,0.918911,3.844481,0.285405,0.573973,45.000000,6.696264,19.100670,6.562202,7.038378,0.038045,0.961955,12.404406,-0.134062,0.342114,30.000000,6.675739,6.363437,6.499586,6.451138,0.355851,0.644149,-0.312301,-0.176152,-0.224601,6.683181,10.527662,6.968587,7.257154,0.081089,0.918911,3.844481,0.285405,0.573973
4.460000,90.000000,6.748642,11.102605,6.682334,7.036132,0.080055,0.919945,4.353963,-0.066308,0.287490,45.000000,6.761967,18.078957,6.601228,7.024524,0.036935,0.963065,11.316989,-0.160739,0.262557,30.000000,6.741046,6.730136,6.565658,6.623523,0.351806,0.648194,-0.010910,-0.175388,-0.117523,6.748642,11.102605,6.682334,7.036132,0.080055,0.919945,4.353963,-0.066308,0.287490
4.480000,90.000000,6.814355,10.776380,6.624111,6.952468,0.079092,0.920908,3.962025,-0.190244,0.138113,45.000000,6.827924,18.950372,6.501217,6.945024,0.035712,0.964288,12.122448,-0.326707,0.117100,30.000000,6.806603,6.644521,7.072759,6.922308,0.351325,0.648675,-0.162082,0.266156,0.115705,6.814355,10.776380,6.624111,6.952468,0.079092,0.920908,3.962025,-0.190244,0.138113
4.500000,90.000000,6.880317,11.142824,7.516107,7.802370,0.078942,0.921058,4.262507,0.635790,0.922053,45.000000,6.894134,18.044462,7.148128,7.528968,0.034999,0.965001,11.150329,0.253994,0.634834,30.000000,6.872408,6.413346,6.965938,6.770730,0.353258,0.646742,-0.459062,0.093530,-0.101677,6.880317,11.142824,7.516107,7.802370,0.078942,0.921058,4.262507,0.635790,0.922053
4.520000,90.000000,6.946529,10.108346,6.588198,6.864110,0.078390,0.921610,3.161817,-0.358331,-0.082419,45.000000,6.960595,18.743398,6.968017,7.368375,0.034053,0.965947,11.782802,0.007422,0.407780,30.000000,6.938459,6.626092,6.468584,6.522411,0.341743,0.658257,-0.312367,-0.469875,-0.416048,6.946529,10.108346,6.588198,6.864110,0.078390,0.921610,3.161817,-0.358331,-0.082419
4.540000,90.000000,7.012988,10.828988,6.840560,7.151157,0.077887,0.922113,3.816000,-0.172428,0.138169,45.000000,7.027308,19.182891,7.310463,7.703104,0.033125,0.966875,12.155583,0.283156,0.675797,30.000000,7.004756,6.884461,6.743910,6.791026,0.335224,0.664776,-0.120296,-0.260846,-0.213731,7.012988,10.828988,6.840560,7.151157,0.077887,0.922113,3.816000,-0.172428,0.138169
4.560000,90.000000,7.079695,10.766033,7.055114,7.340548,0.076928,0.923072,3.686338,-0.024580,0.260853,45.000000,7.094269,19.373276,7.159778,7.551681,0.032143,0.967857,12.279006,0.065509,0.457412,30.000000,7.071298,7.284772,7.142892,7.189905,0.331356,0.668644,0.213474,0.071593,0.118606,7.079695,10.766033,7.055114,7.340548,0.076928,0.923072,3.686338,-0.024580,0.260853
4.580000,90.000000,7.146647,11.476099,7.110128,7.441417,0.075894,0.924106,4.329453,-0.036519,0.294770,45.000000,7.161479,19.337839,6.632681,7.028844,0.031239,0.968761,12.176359,-0.528799,-0.132636,30.000000,7.138083,7.116332,7.226132,7.189144,0.336864,0.663136,-0.021751,0.088048,0.051061,7.146647,11.476099,7.110128,7.441417,0.075894,0.924106,4.329453,-0.036519,0.294770
4.600000,90.000000,7.213843,11.598654,7.224773,7.554045,0.075296,0.924704,4.384810,0.010930,0.340202,45.000000,7.228937,19.061043,6.553412,6.932364,0.030353,0.969647,11.832106,-0.675524,-0.296573,30.000000,7.205111,7.191483,7.179098,7.183188,0.330264,0.669736,-0.013628,-0.026013,-0.021923,7.213843,11.598654,7.224773,7.554045,0.075296,0.924704,4.384810,0.010930,0.340202
4.620000,90.000000,7.281283,11.644982,7.271527,7.598133,0.074693,0.925307,4.363698,-0.009757,0.316849,45.000000,7.296640,19.682724,6.792690,7.171050,0.029409,0.970591,12.386084,-0.503949,-0.125590,30.000000,7.272379,7.662500,7.002228,7.217169,0.325535,0.674465,0.390121,-0.270151,-0.055210,7.281283,11.644982,7.271527,7.598133,0.074693,0.925307,4.363698,-0.009757,0.316849
4.640000,90.000000,7.348966,12.030461,6.898734,7.276386,0.073611,0.926389,4.681496,-0.450231,-0.072580,45.000000,7.364588,19.010514,7.014494,7.356471,0.028555,0.971445,11.645926,-0.350094,-0.008118,30.000000,7.339887,7.359475,6.999824,7.116677,0.324905,0.675095,0.019588,-0.340063,-0.223210,7.348966,12.030461,6.898734,7.276386,0.073611,0.926389,4.681496,-0.450231,-0.072580
4.660000,90.000000,7.416889,11.277101,7.294317,7.585565,0.073138,0.926862,3.860212,-0.122572,0.168676,45.000000,7.432780,19.906655,7.503985,7.848415,0.027821,0.972179,12.473874,0.071205,0.415635,30.000000,7.407634,7.411736,7.149209,7.234408,0.324533,0.675467,0.004102,-0.258425,-0.173226,7.416889,11.277101,7.294317,7.585565,0.073138,0.926862,3.860212,-0.122572,0.168676
4.680000,90.000000,7.485052,11.982581,7.134885,7.484950,0.072230,0.927770,4.497529,-0.350167,-0.000103,45.000000,7.501215,18.755750,7.607300,7.908836,0.027087,0.972913,11.254535,0.106085,0.407621,30.000000,7.475618,6.697903,7.271361,7.087461,0.320687,0.679313,-0.777715,-0.204257,-0.388157,7.485052,11.982581,7.134885,7.484950,0.072230,0.927770,4.497529,-0.350167,-0.000103
4.700000,90.000000,7.553455,11.161794,7.270140,7.549181,0.071713,0.928287,3.608339,-0.283315,-0.004273,45.000000,7.569891,19.160177,7.809940,8.109648,0.026445,0.973555,11.590286,0.240049,0.539757,30.000000,7.543839,7.611716,7.362788,7.442868,0.321702,0.678298,0.067877,-0.181051,-0.100971,7.553455,11.161794,7.270140,7.549181,0.071713,0.928287,3.608339,-0.283315,-0.004273
4.720000,90.000000,7.622095,11.552799,7.580819,7.862802,0.071004,0.928996,3.930704,-0.041275,0.240707,45.000000,7.638808,19.681860,8.284005,8.580400,0.026044,0.973956,12.043053,0.645198,0.941592,30.000000,7.612295,8.297863,7.196736,7.543313,0.314749,0.685251,0.685568,-0.415559,-0.068982,7.622095,11.552799,7.580819,7.862802,0.071004,0.928996,3.930704,-0.041275,0.240707
4.740000,90.000000,7.690971,11.311560,7.628523,7.888053,0.070476,0.929524,3.620589,-0.062448,0.197082,45.000000,7.707963,20.471188,7.721140,8.044967,0.025447,0.974553,12.763224,0.013177,0.337003,30.000000,7.680985,7.380047,7.731961,7.620043,0.318028,0.681972,-0.300939,0.050976,-0.060943,7.690971,11.311560,7.628523,7.888053,0.070476,0.929524,3.620589,-0.062448,0.197082
4.760000,90.000000,7.760083,12.274039,7.085782,7.448235,0.069879,0.930121,4.513956,-0.674302,-0.311849,45.000000,7.777358,20.299740,7.726196,8.038010,0.024845,0.975155,12.522382,-0.051162,0.260652,30.000000,7.749909,8.020998,7.713668,7.812254,0.320782,0.679218,0.271089,-0.036241,0.062345,7.760083,12.274039,7.085782,7.448235,0.069879,0.930121,4.513956,-0.674302,-0.311849
4.780000,90.000000,7.829430,12.217514,7.908083,8.204791,0.068864,0.931136,4.388084,0.078653,0.375361,45.000000,7.846989,19.892326,7.745083,8.040175,0.024335,0.975665,12.045337,-0.101906,0.193187,30.000000,7.819064,8.066062,8.086769,8.080085,0.322782,0.677218,0.246998,0.267705,0.261021,7.829430,12.217514,7.908083,8.204791,0.068864,0.931136,4.388084,0.078653,0.375361
4.800000,90.000000,7.899010,12.471442,7.668243,7.994837,0.068011,0.931989,4.572432,-0.230767,0.095827,45.000000,7.916856,18.922242,7.834180,8.098406,0.023864,0.976136,11.005386,-0.082675,0.181551,30.000000,7.888450,7.118138,8.712679,8.176745,0.336108,0.663892,-0.770312,0.824229,0.288295,7.899010,12.471442,7.668243,7.994837,0.068011,0.931989,4.572432,-0.230767,0.095827
4.820000,90.000000,7.968822,12.783702,8.001696,8.325093,0.067644,0.932356,4.814880,0.032874,0.356271,45.000000,7.986958,20.140180,8.075471,8.357348,0.023404,0.976596,12.153222,0.088513,0.370390,30.000000,7.958066,7.492898,7.971030,7.809138,0.338593,0.661407,-0.465168,0.012965,-0.148928,7.968822,12.783702,8.001696,8.325093,0.067644,0.932356,4.814880,0.032874,0.356271
4.840000,90.000000,8.038866,12.471312,8.250266,8.534619,0.067378,0.932622,4.432446,0.211400,0.495754,45.000000,8.057294,20.133971,8.401212,8.672378,0.023150,0.976850,12.076677,0.343918,0.615084,30.000000,8.027910,7.692169,8.102107,7.961082,0.344016,0.655984,-0.335741,0.074197,-0.066828,8.038866,12.471312,8.250266,8.534619,0.067378,0.932622,4.432446,0.211400,0.495754
4.860000,90.000000,8.109139,12.472599,8.098641,8.391759,0.067027,0.932973,4.363460,-0.010498,0.282619,45.000000,8.127862,19.731935,8.788447,9.040528,0.023067,0.976933,11.604073,0.660584,0.912665,30.000000,8.097982,8.443855,8.186836,8.274206,0.339935,0.660065,0.345873,0.088854,0.176224,8.109139,12.472599,8.098641,8.391759,0.067027,0.932973,4.363460,-0.010498,0.282619
4.880000,90.000000,8.179642,13.432292,8.231300,8.573840,0.065879,0.934121,5.252650,0.051658,0.394199,45.000000,8.198663,19.606436,8.316196,8.573341,0.022810,0.977190,11.407773,0.117533,0.374679,30.000000,8.168280,8.106289,8.212099,8.175411,0.346741,0.653259,-0.061991,0.043819,0.007130,8.179642,13.432292,8.231300,8.573840,0.065879,0.934121,5.252650,0.051658,0.394199
4.900000,90.000000,8.250372,12.638930,7.640256,7.966668,0.065317,0.934683,4.388557,-0.610116,-0.283704,45.000000,8.269693,19.761713,8.145980,8.408466,0.022634,0.977366,11.492020,-0.123713,0.138772,30.000000,8.238804,8.071347,8.393570,8.280270,0.351617,0.648383,-0.167457,0.154766,0.041466,8.250372,12.638930,7.640256,7.966668,0.065317,0.934683,4.388557,-0.610116,-0.283704
4.920000,90.000000,8.321330,12.766741,7.770967,8.093858,0.064650,0.935350,4.445411,-0.550363,-0.227471,45.000000,8.340954,20.746054,8.095795,8.381083,0.022595,0.977405,12.405100,-0.245159,0.040129,30.000000,8.309552,8.472485,8.042015,8.188791,0.340966,0.659034,0.162933,-0.267536,-0.120761,8.321330,12.766741,7.770967,8.093858,0.064650,0.935350,4.445411,-0.550363,-0.227471
4.940000,90.000000,8.392513,14.212933,7.842240,8.246394,0.063466,0.936534,5.820420,-0.550273,-0.146118,45.000000,8.412442,20.491061,8.622591,8.890939,0.022648,0.977352,12.078619,0.210149,0.478497,30.000000,8.380523,9.102215,8.129823,8.450334,0.329611,0.670389,0.721692,-0.250699,0.069811,8.392513,14.212933,7.842240,8.246394,0.063466,0.936534,5.820420,-0.550273,-0.146118
4.960000,90.000000,8.463921,12.817309,8.437322,8.714479,0.063291,0.936709,4.353388,-0.026599,0.250558,45.000000,8.484158,20.643505,8.473590,8.750207,0.022769,0.977231,12.159346,-0.010568,0.266048,30.000000,8.451716,8.604052,8.757839,8.706083,0.336546,0.663454,0.152336,0.306124,0.254367,8.463921,12.817309,8.437322,8.714479,0.063291,0.936709,4.353388,-0.026599,0.250558
4.980000,90.000000,8.535552,13.637613,8.265433,8.602475,0.062757,0.937243,5.102060,-0.270119,0.066923,45.000000,8.556100,19.480887,8.972610,9.216694,0.023258,0.976742,10.924787,0.416510,0.660593,30.000000,8.523130,8.058328,8.527449,8.367794,0.340330,0.659670,-0.464802,0.004320,-0.155336,8.535552,13.637613,8.265433,8.602475,0.062757,0.937243,5.102060,-0.270119,0.066923
5.000000,90.000000,8.607407,13.245325,8.724372,9.007536,0.062647,0.937353,4.637918,0.116966,0.400130,45.000000,8.628268,20.710755,8.518400,8.807552,0.023758,0.976242,12.082488,-0.109868,0.179284,30.000000,8.594764,8.374121,8.975284,8.762514,0.353931,0.646069,-0.220642,0.380520,0.167750,8.607407,13.245325,8.724372,9.007536,0.062647,0.937353,4.637918,0.116966,0.400130
5.020000,90.000000,8.679483,12.752856,8.916091,9.155283,0.062352,0.937648,4.073373,0.236608,0.475801,45.000000,8.700659,21.168737,8.585752,8.884281,0.023769,0.976231,12.468078,-0.114907,0.183622,30.000000,8.666616,9.265602,8.957478,9.065257,0.349791,0.650209,0.598986,0.290862,0.398641,8.679483,12.752856,8.916091,9.155283,0.062352,0.937648,4.073373,0.236608,0.475801
5.040000,90.000000,8.751779,13.493724,8.541317,8.846084,0.061555,0.938445,4.741945,-0.210462,0.094305,45.000000,8.773274,20.533023,9.116929,9.388356,0.023812,0.976188,11.759749,0.343655,0.615082,30.000000,8.738687,8.495594,8.471574,8.480082,0.354178,0.645822,-0.243093,-0.267112,-0.258605,8.751779,13.493724,8.541317,8.846084,0.061555,0.938445,4.741945,-0.210462,0.094305
5.060000,90.000000,8.824295,13.692781,9.048403,9.332153,0.061109,0.938891,4.868486,0.224108,0.507858,45.000000,8.846111,20.644906,8.663482,8.948524,0.023831,0.976169,11.798795,-0.182628,0.102413,30.000000,8.810974,9.360222,9.040520,9.152858,0.351382,0.648618,0.549248,0.229546,0.341884,8.824295,13.692781,9.048403,9.332153,0.061109,0.938891,4.868486,0.224108,0.507858
5.080000,90.000000,8.897030,12.595723,8.459978,8.711925,0.060930,0.939070,3.698694,-0.437051,-0.185104,45.000000,8.919169,20.414833,9.126519,9.395314,0.023848,0.976152,11.495664,0.207351,0.476145,30.000000,8.883477,8.465674,8.995544,8.807670,0.354568,0.645432,-0.417802,0.112067,-0.075807,8.897030,12.595723,8.459978,8.711925,0.060930,0.939070,3.698694,-0.437051,-0.185104
5.100000,90.000000,8.969982,13.640774,9.678778,9.921912,0.061377,0.938623,4.670792,0.708797,0.951931,45.000000,8.992446,20.822197,9.105545,9.384546,0.023851,0.976149,11.829751,0.113098,0.392099,30.000000,8.956194,8.241479,9.410626,8.981962,0.366647,0.633353,-0.714716,0.454431,0.025768,8.969982,13.640774,9.678778,9.921912,0.061377,0.938623,4.670792,0.708797,0.951931
5.120000,90.000000,9.043150,13.737156,9.443544,9.705571,0.061039,0.938961,4.694006,0.400394,0.662421,45.000000,9.065943,21.176944,8.799837,9.094418,0.023844,0.976156,12.111001,-0.266106,0.028475,30.000000,9.029126,9.562639,9.647435,9.616579,0.363882,0.636118,0.533513,0.618310,0.587454,9.043150,13.737156,9.443544,9.705571,0.061039,0.938961,4.694006,0.400394,0.662421
5.140000,90.000000,9.116534,13.943419,8.959829,9.262581,0.060766,0.939234,4.826886,-0.156705,0.146048,45.000000,9.139657,21.448739,9.414103,9.700356,0.023827,0.976173,12.309081,0.274445,0.560699,30.000000,9.102269,10.073570,9.486448,9.692129,0.350320,0.649680,0.971301,0.384179,0.589859,9.116534,13.943419,8.959829,9.262581,0.060766,0.939234,4.826886,-0.156705,0.146048
5.160000,90.000000,9.190132,14.113765,8.796537,9.117636,0.060406,0.939594,4.923633,-0.393596,-0.072496,45.000000,9.213589,20.786083,9.569342,9.836932,0.023892,0.976108,11.572494,0.355753,0.623343,30.000000,9.175624,8.086927,9.128049,8.748355,0.364698,0.635302,-1.088697,-0.047576,-0.427269,9.190132,14.113765,8.796537,9.117636,0.060406,0.939594,4.923633,-0.393596,-0.072496
5.180000,90.000000,9.263944,14.796429,9.673690,9.983597,0.060513,0.939487,5.532485,0.409746,0.719653,45.000000,9.287736,22.140132,9.264997,9.571200,0.023829,0.976171,12.852396,-0.022739,0.283464,30.000000,9.249190,8.338562,9.208900,8.880031,0.377864,0.622136,-0.910628,-0.040290,-0.369159,9.263944,14.796429,9.673690,9.983597,0.060513,0.939487,5.532485,0.409746,0.719653
5.200000,90.000000,9.337968,12.849015,9.097977,9.323962,0.060255,0.939745,3.511047,-0.239991,-0.014006,45.000000,9.362098,21.014985,9.332063,9.609831,0.023814,0.976186,11.652886,-0.030036,0.247732,30.000000,9.322965,9.490485,9.534641,9.518078,0.375089,0.624911,0.167520,0.211675,0.195113,9.337968,12.849015,9.097977,9.323962,0.060255,0.939745,3.511047,-0.239991,-0.014006
5.220000,90.000000,9.412203,14.045587,9.232568,9.521462,0.060038,0.939962,4.633383,-0.179635,0.109258,45.000000,9.436674,22.089216,9.821231,10.112326,0.023770,0.976230,12.652542,0.384557,0.675652,30.000000,9.396949,9.763274,9.748083,9.753774,0.374623,0.625377,0.366326,0.351134,0.356825,9.412203,14.045587,9.232568,9.521462,0.060038,0.939962,4.633383,-0.179635,0.109258
5.240000,90.000000,9.486649,15.311836,9.570880,9.912985,0.059611,0.940389,5.825187,0.084231,0.426336,45.000000,9.511463,21.367445,9.139920,9.430349,0.023794,0.976206,11.855983,-0.371543,-0.081114,30.000000,9.471140,9.862000,9.573590,9.680226,0.369739,0.630261,0.390860,0.102450,0.209087,9.486649,15.311836,9.570880,9.912985,0.059611,0.940389,5.825187,0.084231,0.426336
5.260000,90.000000,9.561304,14.675915,9.051299,9.383753,0.059127,0.940873,5.114611,-0.510005,-0.177551,45.000000,9.586463,20.884247,9.450070,9.721926,0.023812,0.976188,11.297784,-0.136393,0.135463,30.000000,9.545537,10.004070,9.606468,9.752378,0.366974,0.633026,0.458533,0.060931,0.206841,9.561304,14.675915,9.051299,9.383753,0.059127,0.940873,5.114611,-0.510005,-0.177551
5.280000,90.000000,9.636168,14.712775,9.857516,10.143796,0.058978,0.941022,5.076607,0.221348,0.507629,45.000000,9.661674,21.938356,9.599112,9.892071,0.023785,0.976215,12.276682,-0.062562,0.230397,30.000000,9.620140,8.198163,9.721421,9.176591,0.357676,0.642324,-1.421976,0.101281,-0.443549,9.636168,14.712775,9.857516,10.143796,0.058978,0.941022,5.076607,0.221348,0.507629
5.300000,90.000000,9.711239,14.965137,9.861981,10.159938,0.058403,0.941597,5.253898,0.150742,0.448699,45.000000,9.737095,21.174697,10.035150,10.299848,0.023797,0.976203,11.437602,0.298055,0.562753,30.000000,9.694947,9.723717,9.742359,9.735717,0.356313,0.643687,0.028771,0.047413,0.040770,9.711239,14.965137,9.861981,10.159938,0.058403,0.941597,5.253898,0.150742,0.448699
5.320000,90.000000,9.786516,14.786822,9.335437,9.651388,0.057976,0.942024,5.000306,-0.451079,-0.135129,45.000000,9.812725,21.111109,9.527993,9.804051,0.023871,0.976129,11.298384,-0.284732,-0.008674,30.000000,9.769957,9.381830,9.597211,9.522246,0.348060,0.651940,-0.388127,-0.172746,-0.247711,9.786516,14.786822,9.335437,9.651388,0.057976,0.942024,5.000306,-0.451079,-0.135129
5.340000,90.000000,9.861999,15.176499,10.232675,10.518309,0.057791,0.942209,5.314500,0.370676,0.656310,45.000000,9.888562,22.047620,10.186605,10.469341,0.023877,0.976123,12.159058,0.298043,0.580778,30.000000,9.845170,10.332016,10.152313,10.213883,0.342620,0.657380,0.486846,0.307143,0.368713,9.861999,15.176499,10.232675,10.518309,0.057791,0.942209,5.314500,0.370676,0.656310
5.360000,90.000000,9.937687,15.617692,9.597195,9.942244,0.057334,0.942666,5.680005,-0.340492,0.004557,45.000000,9.964606,21.631385,9.813092,10.095059,0.023898,0.976102,11.666779,-0.151515,0.130452,30.000000,9.920584,9.563940,9.716296,9.664371,0.340812,0.659188,-0.356645,-0.204288,-0.256213,9.937687,15.617692,9.597195,9.942244,0.057334,0.942666,5.680005,-0.340492,0.004557
5.380000,90.000000,10.013578,15.120656,10.154428,10.436337,0.056780,0.943220,5.107078,0.140851,0.422759,45.000000,10.040856,22.216002,10.256348,10.541548,0.023887,0.976113,12.175145,0.215492,0.500691,30.000000,9.996199,9.930965,9.612845,9.722507,0.344722,0.655278,-0.065234,-0.383354,-0.273691,10.013578,15.120656,10.154428,10.436337,0.056780,0.943220,5.107078,0.140851,0.422759
5.400000,90.000000,10.089671,15.044512,10.038627,10.321800,0.056583,0.943417,4.954840,-0.051044,0.232129,45.000000,10.117311,22.538474,10.544770,10.830901,0.023897,0.976103,12.421163,0.427459,0.713590,30.000000,10.072013,9.469053,10.222427,9.970529,0.334361,0.665639,-0.602960,0.150415,-0.101484,10.089671,15.044512,10.038627,10.321800,0.056583,0.943417,4.954840,-0.051044,0.232129
5.420000,90.000000,10.165966,15.708433,10.354473,10.657070,0.056536,0.943464,5.542466,0.188506,0.491104,45.000000,10.193970,22.435832,9.492856,9.803317,0.024034,0.975966,12.241863,-0.701114,-0.390653,30.000000,10.148025,10.559974,10.136450,10.279452,0.337649,0.662351,0.411949,-0.011575,0.131427,10.165966,15.708433,10.354473,10.657070,0.056536,0.943464,5.542466,0.188506,0.491104
5.440000,90.000000,10.242462,14.651067,10.506453,10.739769,0.056304,0.943696,4.408605,0.263991,0.497307,45.000000,10.270831,21.849026,10.480773,10.754208,0.024089,0.975911,11.578195,0.209941,0.483377,30.000000,10.224235,9.473196,10.800179,10.363629,0.328981,0.671019,-0.751039,0.575943,0.139393,10.242462,14.651067,10.506453,10.739769,0.056304,0.943696,4.408605,0.263991,0.497307
5.460000,90.000000,10.319158,16.752721,10.808296,11.141654,0.056100,0.943900,6.433564,0.489139,0.822497,45.000000,10.347894,21.949733,10.694727,10.965854,0.024126,0.975874,11.601839,0.346832,0.617960,30.000000,10.300642,11.139583,10.432929,10.667216,0.331545,0.668455,0.838941,0.132287,0.366575,10.319158,16.752721,10.808296,11.141654,0.056100,0.943900,6.433564,0.489139,0.822497
5.480000,90.000000,10.396052,16.639665,9.990399,10.360428,0.055676,0.944324,6.243613,-0.405653,-0.035624,45.000000,10.425159,22.871482,10.379278,10.679842,0.024104,0.975896,12.446324,-0.045880,0.254683,30.000000,10.377244,9.614779,10.249398,10.040467,0.329223,0.670777,-0.762465,-0.127846,-0.336776,10.396052,16.639665,9.990399,10.360428,0.055676,0.944324,6.243613,-0.405653,-0.035624
5.500000,90.000000,10.473144,15.642019,10.524343,10.805089,0.054874,0.945126,5.168875,0.051199,0.331946,45.000000,10.502623,23.241162,10.341505,10.650601,0.024009,0.975991,12.738539,-0.161118,0.147978,30.000000,10.454040,10.820401,10.036135,10.302540,0.339687,0.660313,0.366361,-0.417905,-0.151500,10.473144,15.642019,10.524343,10.805089,0.054874,0.945126,5.168875,0.051199,0.331946
5.520000,90.000000,10.550432,16.074755,9.952342,10.286561,0.054611,0.945389,5.524322,-0.598090,-0.263872,45.000000,10.580286,22.676204,10.227525,10.526034,0.024023,0.975977,12.095918,-0.352760,-0.054251,30.000000,10.531030,11.357782,10.093056,10.532415,0.347396,0.652604,0.826752,-0.437974,0.001385,10.550432,16.074755,9.952342,10.286561,0.054611,0.945389,5.524322,-0.598090,-0.263872
5.540000,90.000000,10.627917,15.653267,10.303132,10.594055,0.054393,0.945607,5.025350,-0.324785,-0.033862,45.000000,10.658147,22.402689,10.918747,11.194162,0.024020,0.975980,11.744543,0.260601,0.536015,30.000000,10.608213,10.178944,10.642402,10.483743,0.342338,0.657662,-0.429269,0.034189,-0.124470,10.627917,15.653267,10.303132,10.594055,0.054393,0.945607,5.025350,-0.324785,-0.033862
5.560000,90.000000,10.705597,16.133058,10.718378,11.010962,0.054052,0.945948,5.427461,0.012781,0.305365,45.000000,10.736205,22.171309,10.352783,10.636864,0.024077,0.975923,11.435104,-0.383422,-0.099340,30.000000,10.685587,11.248161,9.967833,10.418948,0.352345,0.647655,0.562574,-0.717754,-0.266639,10.705597,16.133058,10.718378,11.010962,0.054052,0.945948,5.427461,0.012781,0.305365
5.580000,90.000000,10.783471,15.768723,10.913289,11.175178,0.053951,0.946049,4.985253,0.129818,0.391707,45.000000,10.814459,22.746040,10.673638,10.963272,0.024033,0.975967,11.931581,-0.140821,0.148814,30.000000,10.763152,10.758028,10.733839,10.742388,0.353417,0.646583,-0.005124,-0.029313,-0.020764,10.783471,15.768723,10.913289,11.175178,0.053951,0.946049,4.985253,0.129818,0.391707
5.600000,90.000000,10.861537,16.374283,10.501408,10.816699,0.053706,0.946294,5.512745,-0.360130,-0.044838,45.000000,10.892908,23.122769,10.522275,10.822971,0.023909,0.976091,12.229861,-0.370633,-0.069936,30.000000,10.840907,10.661327,10.860257,10.790297,0.351682,0.648318,-0.179580,0.019350,-0.050610,10.861537,16.374283,10.501408,10.816699,0.053706,0.946294,5.512745,-0.360130,-0.044838
5.620000,90.000000,10.939797,16.224675,11.037939,11.315538,0.053536,0.946464,5.284879,0.098143,0.375741,45.000000,10.971551,21.818078,11.287346,11.539133,0.023941,0.976059,10.846527,0.315795,0.567582,30.000000,10.918850,10.827562,10.722227,10.758821,0.347412,0.652588,-0.091288,-0.196624,-0.160029,10.939797,16.224675,11.037939,11.315538,0.053536,0.946464,5.284879,0.098143,0.375741
5.640000,90.000000,11.018247,16.480129,10.847207,11.148075,0.053431,0.946569,5.461882,-0.171040,0.129828,45.000000,11.050388,22.265360,11.328530,11.590195,0.023959,0.976041,11.214973,0.278142,0.539807,30.000000,10.996982,10.936995,11.096382,11.041711,0.343009,0.656991,-0.059987,0.099400,0.044729,11.018247,16.480129,10.847207,11.148075,0.053431,0.946569,5.461882,-0.171040,0.129828
5.660000,90.000000,11.096888,17.208050,11.329487,11.641614,0.053116,0.946884,6.111162,0.232599,0.544727,45.000000,11.129417,22.991014,10.827746,11.118934,0.023982,0.976018,11.861598,-0.301671,-0.010483,30.000000,11.075300,11.391594,10.515565,10.820354,0.347922,0.652078,0.316293,-0.559736,-0.254947,11.096888,17.208050,11.329487,11.641614,0.053116,0.946884,6.111162,0.232599,0.544727
5.680000,90.000000,11.175718,15.781123,11.273982,11.513450,0.053142,0.946858,4.605405,0.098264,0.337733,45.000000,11.208637,22.773882,11.155935,11.433954,0.023968,0.976032,11.565245,-0.052702,0.225317,30.000000,11.153805,11.767878,10.606756,11.027682,0.362518,0.637482,0.614073,-0.547049,-0.126123,11.175718,15.781123,11.273982,11.513450,0.053142,0.946858,4.605405,0.098264,0.337733
5.700000,90.000000,11.254737,17.154393,10.686587,11.028256,0.052850,0.947150,5.899657,-0.568149,-0.226481,45.000000,11.288048,22.745647,10.855709,11.140245,0.023971,0.976029,11.457600,-0.432339,-0.147803,30.000000,11.232494,11.761431,11.687761,11.714392,0.361489,0.638511,0.528937,0.455267,0.481898,11.254737,17.154393,10.686587,11.028256,0.052850,0.947150,5.899657,-0.568149,-0.226481
5.720000,90.000000,11.333943,16.951259,10.991848,11.304790,0.052532,0.947468,5.617316,-0.342095,-0.029153,45.000000,11.367648,23.581098,11.404228,11.694234,0.023858,0.976142,12.213450,0.036580,0.326587,30.000000,11.311368,10.770251,11.127533,11.002864,0.348936,0.651064,-0.541117,-0.183835,-0.308504,11.333943,16.951259,10.991848,11.304790,0.052532,0.947468,5.617316,-0.342095,-0.029153
5.740000,90.000000,11.413336,16.373193,11.526522,11.780189,0.052352,0.947648,4.959857,0.113186,0.366853,45.000000,11.447436,22.694007,11.327925,11.599297,0.023912,0.976088,11.246571,-0.119512,0.151861,30.000000,11.390425,10.689463,11.187245,11.014519,0.346992,0.653008,-0.700963,-0.203180,-0.375906,11.413336,16.373193,11.526522,11.780189,0.052352,0.947648,4.959857,0.113186,0.366853
5.760000,90.000000,11.492915,16.848149,11.925949,12.183681,0.052375,0.947625,5.355234,0.433034,0.690766,45.000000,11.527413,23.477935,11.330053,11.620193,0.023926,0.976074,11.950522,-0.197360,0.092780,30.000000,11.469665,11.484711,10.908889,11.110124,0.349474,0.650526,0.015047,-0.560776,-0.359541,11.492915,16.848149,11.925949,12.183681,0.052375,0.947625,5.355234,0.433034,0.690766
5.780000,90.000000,11.572679,17.357213,11.469765,11.776200,0.052068,0.947932,5.784534,-0.102914,0.203521,45.000000,11.607575,23.490171,11.788913,12.068881,0.023965,0.976035,11.882596,0.181338,0.461305,30.000000,11.549086,11.921233,11.594719,11.709842,0.352582,0.647418,0.372147,0.045634,0.160756,11.572679,17.357213,11.469765,11.776200,0.052068,0.947932,5.784534,-0.102914,0.203521
5.800000,90.000000,11.652627,18.046235,11.051014,11.413352,0.051825,0.948175,6.393608,-0.601613,-0.239275,45.000000,11.687924,22.789659,12.059431,12.317160,0.024052,0.975948,11.101734,0.371506,0.629236,30.000000,11.628687,12.009502,11.621024,11.764345,0.368929,0.631071,0.380815,-0.007663,0.135658,11.652627,18.046235,11.051014,11.413352,0.051825,0.948175,6.393608,-0.601613,-0.239275
5.820000,90.000000,11.732758,17.413712,11.782520,12.073479,0.051687,0.948313,5.680954,0.049761,0.340721,45.000000,11.768458,23.531781,11.699210,11.983453,0.024062,0.975938,11.763323,-0.069248,0.214996,30.000000,11.708468,11.962314,12.027615,12.003216,0.373634,0.626366,0.253846,0.319147,0.294749,11.732758,17.413712,11.782520,12.073479,0.051687,0.948313,5.680954,0.049761,0.340721
5.840000,90.000000,11.813072,18.030658,12.165081,12.466700,0.051441,0.948559,6.217586,0.352009,0.653628,45.000000,11.849175,24.275606,11.754737,12.054774,0.024007,0.975993,12.426430,-0.094438,0.205598,30.000000,11.788428,11.477099,11.786214,11.670534,0.374228,0.625772,-0.311329,-0.002214,-0.117893,11.813072,18.030658,12.165081,12.466700,0.051441,0.948559,6.217586,0.352009,0.653628
5.860000,90.000000,11.893567,17.603240,12.113810,12.395231,0.051283,0.948717,5.709673,0.220243,0.501664,45.000000,11.930076,23.960054,11.638822,11.932147,0.023849,0.976151,12.029978,-0.291253,0.002071,30.000000,11.868565,11.828366,11.762613,11.787151,0.373185,0.626815,-0.040199,-0.105952,-0.081414,11.893567,17.603240,12.113810,12.395231,0.051283,0.948717,5.709673,0.220243,0.501664
5.880000,90.000000,11.974242,19.003957,11.992253,12.349121,0.050923,0.949077,7.029714,0.018011,0.374878,45.000000,12.011158,24.308653,11.620211,11.921801,0.023814,0.976186,12.297495,-0.390947,-0.089358,30.000000,11.948880,11.436599,12.063328,11.832483,0.368333,0.631667,-0.512280,0.114448,-0.116396,11.974242,19.003957,11.992253,12.349121,0.050923,0.949077,7.029714,0.018011,0.374878
5.900000,90.000000,12.055098,18.021212,12.227523,12.521056,0.050683,0.949317,5.966115,0.172425,0.465958,45.000000,12.092422,23.202164,12.596880,12.850726,0.023968,0.976032,11.109742,0.504458,0.758304,30.000000,12.029370,12.081338,12.157661,12.129357,0.370839,0.629161,0.051968,0.128291,0.099987,12.055098,18.021212,12.227523,12.521056,0.050683,0.949317,5.966115,0.172425,0.465958
5.920000,90.000000,12.136132,17.682043,11.583357,11.891353,0.050522,0.949478,5.545911,-0.552774,-0.244779,45.000000,12.173867,24.909688,12.178202,12.482395,0.023939,0.976061,12.735821,0.004336,0.308529,30.000000,12.110036,11.558847,11.704475,11.651315,0.365038,0.634962,-0.551189,-0.405560,-0.458720,12.136132,17.682043,11.583357,11.891353,0.050522,0.949478,5.545911,-0.552774,-0.244779
5.940000,90.000000,12.217344,18.517471,12.871253,13.158422,0.050878,0.949122,6.300128,0.653909,0.941078,45.000000,12.255490,23.930887,12.260112,12.539081,0.023942,0.976058,11.675396,0.004621,0.283591,30.000000,12.190876,11.595910,12.566569,12.226945,0.349891,0.650109,-0.594966,0.375693,0.036069,12.217344,18.517471,12.871253,13.158422,0.050878,0.949122,6.300128,0.653909,0.941078
5.960000,90.000000,12.298733,18.567133,12.657720,12.957336,0.050721,0.949279,6.268400,0.358987,0.658603,45.000000,12.337292,24.999011,11.744135,12.061053,0.023959,0.976041,12.661719,-0.593158,-0.276239,30.000000,12.271889,12.068414,12.327414,12.236968,0.349213,0.650787,-0.203475,0.055525,-0.034921,12.298733,18.567133,12.657720,12.957336,0.050721,0.949279,6.268400,0.358987,0.658603
5.980000,90.000000,12.380299,18.824953,12.041450,12.383998,0.050522,0.949478,6.444654,-0.338849,0.003700,45.000000,12.419272,24.337345,13.062196,13.333190,0.024071,0.975929,11.918073,0.642924,0.913918,30.000000,12.353075,11.873719,11.883957,11.880341,0.353156,0.646844,-0.479356,-0.469118,-0.472734,12.380299,18.824953,12.041450,12.383998,0.050522,0.949478,6.444654,-0.338849,0.003700
6.000000,90.000000,12.462040,18.654154,13.004757,13.290118,0.050529,0.949471,6.192115,0.542717,0.828079,45.000000,12.501429,24.893170,12.708710,13.001739,0.024092,0.975908,12.391741,0.207281,0.500310,30.000000,12.434433,12.125691,11.966533,12.023751,0.359500,0.640500,-0.308741,-0.467899,-0.410682,12.462040,18.654154,13.004757,13.290118,0.050529,0.949471,6.192115,0.542717,0.828079
