time_s,theta_true_deg,theta_enc_deg,theta_ahrs_deg,theta_fused_deg,conf_enc,conf_ahrs,error_enc_deg,error_ahrs_deg,error_fused_deg
0.000000,0.000000,-0.232889,-1.404337,-1.227648,0.150830,0.849170,-0.232889,-1.404337,-1.227648
0.010003,0.007451,-2.854261,-1.329447,-1.809556,0.314864,0.685136,-2.861711,-1.336898,-1.817007
0.020007,0.012813,-1.277765,-0.744304,-0.870232,0.236057,0.763943,-1.290578,-0.757117,-0.883044
0.030010,0.027879,-0.592529,-1.102593,-0.957775,0.283921,0.716079,-0.620408,-1.130472,-0.985654
0.040013,0.065761,2.897292,-0.591834,-0.016189,0.164983,0.835017,2.831531,-0.657595,-0.081950
0.050017,0.100054,0.934884,-0.156926,0.020338,0.162358,0.837642,0.834830,-0.256980,-0.079717
0.060020,0.130768,-1.872455,1.135353,0.504163,0.209850,0.790150,-2.003222,1.004585,0.373396
0.070023,0.185107,0.914162,-0.200283,0.033309,0.209605,0.790395,0.729054,-0.385391,-0.151798
0.080027,0.250850,-2.070106,-1.651901,-1.754220,0.244664,0.755336,-2.320956,-1.902751,-2.005071
0.090030,0.309419,1.933456,1.677501,1.743463,0.257711,0.742289,1.624037,1.368081,1.434044
0.100033,0.376009,-0.330678,-0.628499,-0.548994,0.266954,0.733046,-0.706687,-1.004508,-0.925004
0.110037,0.435515,0.295061,0.365051,0.345965,0.272695,0.727305,-0.140454,-0.070465,-0.089550
0.120040,0.487916,2.476611,1.023760,1.391108,0.252846,0.747154,1.988695,0.535844,0.903192
0.130043,0.543842,-1.386904,0.783374,0.195744,0.270763,0.729237,-1.930745,0.239533,-0.348098
0.140047,0.570956,-1.524721,1.883972,0.969550,0.268262,0.731738,-2.095677,1.313015,0.398594
0.150050,0.572143,-0.303256,1.146947,0.775432,0.256181,0.743819,-0.875399,0.574804,0.203289
0.160053,0.564893,2.122461,-0.468679,0.307939,0.299721,0.700279,1.557568,-1.033571,-0.256954
0.170057,0.542464,-1.736555,3.156739,1.884618,0.259972,0.740028,-2.279019,2.614275,1.342153
0.180060,0.524795,-3.723439,0.757995,-0.227298,0.219861,0.780139,-4.248233,0.233200,-0.752092
0.190063,0.493540,-0.183198,0.316732,0.203526,0.226443,0.773557,-0.676738,-0.176808,-0.290014
0.200067,0.441164,1.268775,1.597874,1.523930,0.224686,0.775314,0.827611,1.156711,1.082767
0.210070,0.410876,2.211269,0.710218,1.060696,0.233489,0.766511,1.800393,0.299341,0.649820
0.220073,0.377263,-0.317479,0.856337,0.584338,0.231722,0.768278,-0.694742,0.479074,0.207075
0.230077,0.344730,-0.272410,3.335351,2.525911,0.224361,0.775639,-0.617140,2.990621,2.181181
0.240080,0.290891,2.021742,-0.039255,0.465534,0.244925,0.755075,1.730851,-0.330146,0.174643
0.250083,0.228994,-2.575619,-0.152319,-0.730653,0.238655,0.761345,-2.804613,-0.381313,-0.959647
0.260087,0.168884,-0.413897,0.308778,0.134161,0.241625,0.758375,-0.582781,0.139894,-0.034723
0.270090,0.091630,0.377265,1.377449,1.138065,0.239340,0.760660,0.285636,1.285819,1.046435
0.280093,0.020165,0.693993,-1.787676,-1.101208,0.276615,0.723385,0.673828,-1.807841,-1.121373
0.290097,-0.060166,-0.824876,-2.418833,-1.921616,0.311939,0.688061,-0.764710,-2.358667,-1.861450
0.300100,-0.144712,-0.093050,-0.849250,-0.605743,0.322014,0.677986,0.051662,-0.704538,-0.461031
0.310103,-0.238114,-3.970605,-2.198821,-2.756925,0.314995,0.685005,-3.732491,-1.960708,-2.518811
0.320107,-0.303545,-1.290918,-0.813343,-0.963876,0.315204,0.684796,-0.987373,-0.509798,-0.660331
0.330110,-0.369048,0.311215,0.233952,0.258345,0.315718,0.684282,0.680263,0.603000,0.627393
0.340113,-0.450286,-1.923727,-1.519184,-1.647807,0.317946,0.682054,-1.473441,-1.068899,-1.197521
0.350117,-0.519023,-0.430546,-2.231214,-1.628309,0.334823,0.665177,0.088476,-1.712192,-1.109286
0.360120,-0.605935,0.064374,-0.522730,-0.324423,0.337771,0.662229,0.670309,0.083205,0.281511
0.370123,-0.689540,-1.203364,0.345512,-0.168248,0.331699,0.668301,-0.513824,1.035052,0.521292
0.380127,-0.802373,-0.546677,-2.836341,-2.027712,0.353165,0.646835,0.255696,-2.033968,-1.225339
0.390130,-0.934903,-2.379002,0.049376,-0.778076,0.340742,0.659258,-1.444099,0.984279,0.156827
0.400133,-1.064216,-1.374133,-0.083448,-0.516855,0.335796,0.664204,-0.309917,0.980767,0.547361
0.410137,-1.182192,-0.266868,-0.037290,-0.114267,0.335295,0.664705,0.915324,1.144902,1.067926
0.420140,-1.297363,-1.061903,0.164814,-0.241727,0.331406,0.668594,0.235459,1.462176,1.055636
0.430143,-1.414037,-2.293834,1.228380,0.096988,0.321216,0.678784,-0.879797,2.642417,1.511025
0.440147,-1.534995,-1.198670,-1.962305,-1.711497,0.328439,0.671561,0.336325,-0.427310,-0.176503
0.450150,-1.677889,-0.605974,-1.546403,-1.232394,0.333900,0.666100,1.071915,0.131486,0.445495
0.460153,-1.831294,-4.906206,-2.331020,-3.155445,0.320142,0.679858,-3.074912,-0.499726,-1.324151
0.470157,-1.991303,-0.252691,-1.988930,-1.419958,0.327704,0.672296,1.738611,0.002372,0.571345
0.480160,-2.135134,-2.639516,-0.295686,-1.045342,0.319842,0.680158,-0.504382,1.839448,1.089792
0.490163,-2.273524,-1.635289,-3.887541,-3.123103,0.339410,0.660590,0.638235,-1.614017,-0.849580
0.500167,-2.438082,-0.642212,-3.471342,-2.493299,0.345704,0.654296,1.795870,-1.033260,-0.055217
0.510170,-2.597450,-4.654960,-0.944833,-2.182744,0.333657,0.666343,-2.057511,1.652617,0.414706
0.520173,-2.762275,-3.826437,-1.538232,-2.280784,0.324513,0.675487,-1.064162,1.224044,0.481492
0.530177,-2.936925,-3.369748,-3.372683,-3.371742,0.320681,0.679319,-0.432823,-0.435758,-0.434817
0.540180,-3.102050,-4.277681,-2.076768,-2.736866,0.299920,0.700080,-1.175630,1.025282,0.365184
0.550183,-3.251380,-0.648976,-2.841921,-2.185820,0.299187,0.700813,2.602405,0.409459,1.065561
0.560187,-3.386443,-4.671601,-1.586113,-2.513517,0.300570,0.699430,-1.285158,1.800330,0.872925
0.570190,-3.533823,-4.367143,-3.444411,-3.714099,0.292271,0.707729,-0.833320,0.089412,-0.180276
0.580193,-3.685546,-3.378963,-2.454788,-2.715945,0.282584,0.717416,0.306584,1.230759,0.969601
0.590197,-3.831998,-5.635222,-0.661583,-2.012726,0.271661,0.728339,-1.803224,3.170414,1.819272
0.600200,-3.963523,-4.557044,-3.245804,-3.590779,0.263091,0.736909,-0.593521,0.717719,0.372744
0.610203,-4.101973,-3.625793,-4.042779,-3.932392,0.264726,0.735274,0.476180,0.059194,0.169581
0.620207,-4.242931,-4.742221,-3.375994,-3.729957,0.259081,0.740919,-0.499291,0.866936,0.512973
0.630210,-4.400201,-4.540282,-4.838538,-4.758124,0.269613,0.730387,-0.140080,-0.438337,-0.357923
0.640213,-4.575101,-5.369099,-1.709540,-2.711929,0.273910,0.726090,-0.793998,2.865561,1.863172
0.650217,-4.737463,-7.009168,-4.521377,-5.194526,0.270581,0.729419,-2.271705,0.216085,-0.457064
0.660220,-4.879156,-4.396766,-5.206676,-4.990728,0.266632,0.733368,0.482390,-0.327520,-0.111572
0.670223,-5.021646,-2.389247,-6.024473,-4.971612,0.289627,0.710373,2.632400,-1.002827,0.050034
0.680227,-5.148798,-5.121196,-3.832134,-4.233174,0.311110,0.688890,0.027602,1.316664,0.915624
0.690230,-5.270272,-4.932376,-4.229647,-4.447872,0.310540,0.689460,0.337896,1.040625,0.822400
0.700233,-5.401179,-4.362095,-5.998004,-5.474438,0.320046,0.679954,1.039084,-0.596825,-0.073259
0.710237,-5.526403,-7.430399,-4.834662,-5.628838,0.305954,0.694046,-1.903996,0.691742,-0.102435
0.720240,-5.628307,-3.074535,-7.438574,-5.994975,0.330794,0.669206,2.553772,-1.810267,-0.366668
0.730243,-5.730544,-5.427051,-5.508579,-5.481322,0.334332,0.665668,0.303493,0.221965,0.249222
0.740247,-5.809107,-3.361322,-5.265799,-4.631876,0.332859,0.667141,2.447785,0.543308,1.177231
0.750250,-5.926809,-7.026358,-3.878013,-4.933906,0.335380,0.664620,-1.099549,2.048796,0.992903
0.760253,-6.031947,-3.304854,-6.956930,-5.671807,0.351888,0.648112,2.727093,-0.924983,0.360140
0.770257,-6.135569,-4.972836,-7.669592,-6.667011,0.371773,0.628227,1.162733,-1.534023,-0.531442
0.780260,-6.243469,-5.413909,-7.317983,-6.617593,0.367838,0.632162,0.829560,-1.074514,-0.374124
0.790263,-6.349777,-5.998740,-7.953659,-7.243782,0.363123,0.636877,0.351037,-1.603882,-0.894006
0.800267,-6.485685,-6.858478,-4.881696,-5.578334,0.352410,0.647590,-0.372793,1.603989,0.907351
0.810270,-6.624617,-4.823820,-4.766250,-4.787104,0.362246,0.637754,1.800797,1.858367,1.837513
0.820273,-6.757915,-6.547375,-6.373655,-6.436564,0.362131,0.637869,0.210540,0.384260,0.321350
0.830277,-6.868777,-9.819381,-5.403223,-6.897578,0.338384,0.661616,-2.950605,1.465554,-0.028801
0.840280,-6.987192,-8.662971,-6.826441,-7.429372,0.328299,0.671701,-1.675780,0.160750,-0.442181
0.850283,-7.117497,-7.396265,-7.231631,-7.283238,0.313463,0.686537,-0.278769,-0.114134,-0.165741
0.860287,-7.255068,-6.790069,-7.654713,-7.382765,0.314520,0.685480,0.464998,-0.399645,-0.127697
0.870290,-7.378633,-7.463515,-7.751102,-7.658823,0.320873,0.679127,-0.084883,-0.372469,-0.280190
0.880293,-7.497019,-5.668563,-9.354381,-8.188217,0.316392,0.683608,1.828456,-1.857362,-0.691199
0.890297,-7.623115,-10.549768,-7.306009,-8.307676,0.308798,0.691202,-2.926653,0.317106,-0.684561
0.900300,-7.741260,-7.525878,-7.789661,-7.706781,0.314198,0.685802,0.215382,-0.048401,0.034479
0.910303,-7.857712,-10.584681,-6.963279,-8.053429,0.301030,0.698970,-2.726969,0.894433,-0.195717
0.920307,-7.959402,-6.819834,-7.847174,-7.532380,0.306416,0.693584,1.139568,0.112228,0.427022
0.930310,-8.071419,-8.213107,-8.266664,-8.249987,0.311381,0.688619,-0.141688,-0.195244,-0.178568
0.940313,-8.188127,-7.558712,-9.233559,-8.706693,0.314576,0.685424,0.629415,-1.045432,-0.518565
0.950317,-8.310484,-9.606308,-8.223900,-8.648264,0.306975,0.693025,-1.295824,0.086584,-0.337780
0.960320,-8.454548,-6.535351,-7.568663,-7.234440,0.323448,0.676552,1.919197,0.885885,1.220108
0.970323,-8.593882,-7.031295,-9.965889,-8.994290,0.331085,0.668915,1.562587,-1.372007,-0.400408
0.980327,-8.729022,-7.853706,-8.624054,-8.361535,0.340780,0.659220,0.875316,0.104969,0.367488
0.990330,-8.863815,-9.058091,-8.584164,-8.737601,0.323757,0.676243,-0.194276,0.279652,0.126214
1.000333,-9.001857,-8.132071,-9.863535,-9.310754,0.319257,0.680743,0.869786,-0.861678,-0.308896
1.010337,-9.160854,-10.221193,-9.866282,-9.984081,0.331913,0.668087,-1.060339,-0.705428,-0.823227
1.020340,-9.325842,-8.042509,-9.049109,-8.700427,0.346396,0.653604,1.283333,0.276733,0.625415
1.030343,-9.495641,-7.021420,-10.855747,-9.472393,0.360781,0.639219,2.474221,-1.360105,0.023248
1.040347,-9.677135,-8.071219,-9.257227,-8.828857,0.361186,0.638814,1.605916,0.419908,0.848278
1.050350,-9.860685,-10.955089,-10.935110,-10.942584,0.374093,0.625907,-1.094404,-1.074425,-1.081899
1.060353,-10.037807,-9.495681,-8.762383,-9.033286,0.369432,0.630568,0.542126,1.275424,1.004521
1.070357,-10.186282,-12.125994,-7.380889,-9.167954,0.376612,0.623388,-1.939712,2.805393,1.018328
1.080360,-10.331841,-9.473256,-11.364750,-10.639797,0.383270,0.616730,0.858585,-1.032908,-0.307955
1.090363,-10.473246,-9.797341,-9.832197,-9.820047,0.348569,0.651431,0.675905,0.641049,0.653199
1.100367,-10.615485,-13.420210,-11.487576,-12.151712,0.343643,0.656357,-2.804725,-0.872090,-1.536227
1.110370,-10.786221,-12.528897,-9.537076,-10.607551,0.357800,0.642200,-1.742676,1.249145,0.178671
1.120373,-10.957013,-11.381722,-12.475324,-12.091595,0.350885,0.649115,-0.424708,-1.518310,-1.134582
1.130377,-11.126561,-11.577850,-10.549857,-10.916317,0.356482,0.643518,-0.451290,0.576704,0.210243
1.140380,-11.258820,-13.073036,-12.306407,-12.561885,0.333248,0.666752,-1.814215,-1.047587,-1.303065
1.150383,-11.393701,-10.810232,-11.642082,-11.369908,0.327192,0.672808,0.583468,-0.248382,0.023793
1.160387,-11.523788,-11.146577,-12.761018,-12.234592,0.326073,0.673927,0.377210,-1.237230,-0.710804
1.170390,-11.654136,-11.945539,-10.667315,-11.112926,0.348617,0.651383,-0.291404,0.986821,0.541210
1.180393,-11.801753,-12.935440,-12.806130,-12.850520,0.343283,0.656717,-1.133687,-1.004376,-1.048767
1.190397,-11.931933,-10.358872,-11.269576,-10.966068,0.333267,0.666733,1.573061,0.662357,0.965865
1.200400,-12.050573,-9.567463,-12.463491,-11.531786,0.321718,0.678282,2.483111,-0.412918,0.518787
1.210403,-12.157111,-12.882453,-12.294478,-12.481886,0.318735,0.681265,-0.725342,-0.137367,-0.324775
1.220407,-12.277076,-13.195327,-12.099769,-12.468253,0.336344,0.663656,-0.918250,0.177307,-0.191177
1.230410,-12.375760,-11.638949,-13.289950,-12.745870,0.329545,0.670455,0.736811,-0.914190,-0.370110
1.240413,-12.495274,-13.032318,-12.242833,-12.515541,0.345425,0.654575,-0.537044,0.252441,-0.020267
1.250417,-12.605746,-12.814842,-10.769345,-11.470877,0.342964,0.657036,-0.209096,1.836401,1.134869
1.260420,-12.683140,-11.573661,-13.616854,-12.893827,0.353871,0.646129,1.109480,-0.933714,-0.210686
1.270423,-12.775238,-15.639272,-11.369066,-12.877541,0.353256,0.646744,-2.864034,1.406172,-0.102303
1.280427,-12.875646,-10.898192,-11.077929,-11.015961,0.344769,0.655231,1.977453,1.797717,1.859685
1.290430,-12.974358,-12.865337,-13.953744,-13.587772,0.336246,0.663754,0.109021,-0.979386,-0.613414
1.300433,-13.080425,-13.697665,-14.826490,-14.430178,0.351084,0.648916,-0.617240,-1.746066,-1.349753
1.310437,-13.209540,-13.343391,-12.847187,-13.019726,0.347718,0.652282,-0.133851,0.362353,0.189814
1.320440,-13.337368,-13.393724,-13.994257,-13.783026,0.351739,0.648261,-0.056356,-0.656889,-0.445658
1.330443,-13.480875,-16.077677,-11.238551,-12.974584,0.358749,0.641251,-2.596802,2.242324,0.506291
1.340447,-13.616991,-11.374584,-13.575222,-12.783708,0.359675,0.640325,2.242407,0.041769,0.833283
1.350450,-13.766626,-13.704638,-14.729265,-14.365175,0.355339,0.644661,0.061988,-0.962639,-0.598549
1.360453,-13.892713,-13.228210,-15.269304,-14.551447,0.351702,0.648298,0.664503,-1.376591,-0.658734
1.370457,-14.030297,-12.602972,-12.722411,-12.680188,0.353506,0.646494,1.427325,1.307886,1.350108
1.380460,-14.172436,-15.704180,-14.857857,-15.166782,0.365020,0.634980,-1.531744,-0.685421,-0.994346
1.390463,-14.302088,-13.591880,-14.249494,-14.012142,0.360928,0.639072,0.710208,0.052595,0.289946
1.400467,-14.449944,-14.851406,-13.302981,-13.880534,0.372994,0.627006,-0.401462,1.146963,0.569410
1.410470,-14.594092,-13.323936,-15.175203,-14.527775,0.349722,0.650278,1.270156,-0.581110,0.066318
1.420473,-14.718345,-17.909187,-14.773460,-15.910523,0.362616,0.637384,-3.190841,-0.055115,-1.192178
1.430477,-14.866462,-15.015103,-14.886344,-14.933157,0.363566,0.636434,-0.148641,-0.019882,-0.066695
1.440480,-15.011513,-15.915744,-14.191524,-14.831513,0.371176,0.628824,-0.904231,0.819989,0.180000
1.450483,-15.152375,-14.503981,-14.443482,-14.466233,0.376048,0.623952,0.648394,0.708893,0.686143
1.460487,-15.281229,-14.576163,-15.545365,-15.180810,0.376139,0.623861,0.705066,-0.264136,0.100419
1.470490,-15.428379,-16.489818,-15.352000,-15.759038,0.357736,0.642264,-1.061439,0.076379,-0.330659
1.480493,-15.595042,-16.663302,-16.041176,-16.259803,0.351418,0.648582,-1.068261,-0.446135,-0.664761
1.490497,-15.753542,-15.919540,-17.526677,-16.935616,0.367773,0.632227,-0.165998,-1.773135,-1.182074
1.500500,-15.907270,-17.252233,-15.598149,-16.177590,0.350309,0.649691,-1.344963,0.309121,-0.270320
1.510504,-16.056934,-14.793958,-13.786303,-14.142215,0.353208,0.646792,1.262976,2.270630,1.914719
1.520507,-16.201101,-16.754912,-17.261564,-17.081654,0.355096,0.644904,-0.553811,-1.060463,-0.880553
1.530510,-16.355181,-20.715663,-17.282816,-18.368140,0.316158,0.683842,-4.360482,-0.927636,-2.012959
1.540514,-16.505468,-17.067701,-17.550341,-17.396957,0.317804,0.682196,-0.562233,-1.044873,-0.891488
1.550517,-16.651059,-18.208875,-15.781549,-16.528151,0.307582,0.692418,-1.557816,0.869510,0.122908
1.560520,-16.807074,-19.253988,-16.268891,-17.150935,0.295482,0.704518,-2.446914,0.538183,-0.343861
1.570524,-16.934790,-18.790930,-17.125036,-17.614821,0.294008,0.705992,-1.856140,-0.190245,-0.680031
1.580527,-17.055144,-16.891031,-18.156767,-17.785721,0.293146,0.706854,0.164113,-1.101623,-0.730578
1.590530,-17.193126,-15.200165,-17.082274,-16.527539,0.294741,0.705259,1.992961,0.110852,0.665587
1.600534,-17.320984,-16.851207,-19.198530,-18.446402,0.320419,0.679581,0.469777,-1.877547,-1.125419
1.610537,-17.463206,-18.372961,-17.291094,-17.646457,0.328472,0.671528,-0.909755,0.172112,-0.183251
1.620540,-17.593338,-16.909482,-16.547509,-16.662979,0.319003,0.680997,0.683856,1.045829,0.930359
1.630544,-17.705831,-18.394466,-19.207270,-18.938672,0.330459,0.669541,-0.688635,-1.501439,-1.232841
1.640547,-17.830409,-18.872309,-19.669430,-19.395813,0.343257,0.656743,-1.041901,-1.839022,-1.565404
1.650550,-17.940287,-19.671831,-16.044961,-17.243531,0.330470,0.669530,-1.731544,1.895325,0.696756
1.660554,-18.043753,-20.671496,-18.777865,-19.366520,0.310861,0.689139,-2.627743,-0.734112,-1.322767
1.670557,-18.134682,-18.719567,-16.771544,-17.380121,0.312408,0.687592,-0.584886,1.363137,0.754560
1.680560,-18.196977,-17.959897,-18.381774,-18.250078,0.312167,0.687833,0.237080,-0.184797,-0.053101
1.690564,-18.262828,-18.407763,-18.457174,-18.441906,0.308990,0.691010,-0.144936,-0.194346,-0.179079
1.700567,-18.339853,-18.963804,-17.813758,-18.157001,0.298460,0.701540,-0.623950,0.526095,0.182853
1.710570,-18.430068,-19.848687,-19.490866,-19.598191,0.299940,0.700060,-1.418619,-1.060799,-1.168123
1.720574,-18.532339,-17.619969,-18.373342,-18.143616,0.304930,0.695070,0.912369,0.158997,0.388723
1.730577,-18.635562,-20.611259,-19.093349,-19.535770,0.291467,0.708533,-1.975698,-0.457787,-0.900209
1.740580,-18.733461,-17.569419,-20.318053,-19.490046,0.301243,0.698757,1.164042,-1.584592,-0.756586
1.750584,-18.827014,-20.330339,-18.422035,-18.994168,0.299812,0.700188,-1.503326,0.404978,-0.167154
1.760587,-18.907972,-20.036625,-19.223941,-19.459076,0.289331,0.710669,-1.128653,-0.315969,-0.551104
1.770590,-18.988573,-21.188751,-19.177003,-19.779842,0.299659,0.700341,-2.200178,-0.188430,-0.791269
1.780594,-19.047210,-19.799313,-20.499403,-20.289881,0.299278,0.700722,-0.752103,-1.452193,-1.242671
1.790597,-19.109700,-17.646731,-17.200019,-17.333380,0.298538,0.701462,1.462969,1.909680,1.776320
1.800600,-19.131262,-18.357820,-18.079205,-18.160555,0.291980,0.708020,0.773442,1.052057,0.970707
1.810604,-19.143396,-17.675763,-17.986409,-17.894831,0.294799,0.705201,1.467633,1.156987,1.248565
1.820607,-19.168363,-18.385149,-19.534896,-19.196435,0.294379,0.705621,0.783214,-0.366534,-0.028073
1.830610,-19.209343,-20.864848,-21.284363,-21.155441,0.307312,0.692688,-1.655505,-2.075019,-1.946098
1.840614,-19.243005,-19.739189,-16.899504,-17.778520,0.309547,0.690453,-0.496184,2.343501,1.464485
1.850617,-19.279951,-20.450249,-19.353268,-19.685686,0.303030,0.696970,-1.170299,-0.073317,-0.405735
1.860620,-19.306113,-17.310251,-20.204673,-19.337213,0.299700,0.700300,1.995862,-0.898560,-0.031100
1.870624,-19.325124,-21.120307,-18.824962,-19.498575,0.293469,0.706531,-1.795183,0.500162,-0.173451
1.880627,-19.345190,-18.004643,-17.944645,-17.962597,0.299205,0.700795,1.340547,1.400545,1.382593
1.890630,-19.377917,-18.038487,-19.405578,-18.994252,0.300877,0.699123,1.339431,-0.027661,0.383665
1.900634,-19.433302,-16.688872,-17.899012,-17.530529,0.304496,0.695504,2.744430,1.534290,1.902773
1.910637,-19.495274,-20.109804,-18.195674,-18.773546,0.301898,0.698102,-0.614530,1.299600,0.721728
1.920640,-19.544275,-18.475792,-20.835933,-20.078864,0.320773,0.679227,1.068483,-1.291657,-0.534588
1.930644,-19.589968,-16.167490,-20.398516,-19.010494,0.328058,0.671942,3.422478,-0.808548,0.579474
1.940647,-19.654255,-20.580717,-18.505210,-19.181148,0.325673,0.674327,-0.926463,1.149045,0.473107
1.950650,-19.715816,-22.018376,-22.970951,-22.648414,0.338595,0.661405,-2.302560,-3.255135,-2.932598
1.960654,-19.771473,-22.591488,-19.950820,-20.806715,0.324121,0.675879,-2.820015,-0.179347,-1.035242
1.970657,-19.840278,-18.771210,-21.557275,-20.613705,0.338675,0.661325,1.069068,-1.716997,-0.773428
1.980660,-19.906639,-22.731364,-20.478503,-21.216320,0.327502,0.672498,-2.824725,-0.571865,-1.309682
1.990664,-19.971994,-20.530472,-20.330578,-20.394748,0.321020,0.678980,-0.558479,-0.358584,-0.422754
2.000667,-20.054363,-19.398393,-20.484256,-20.127107,0.328908,0.671092,0.655970,-0.429893,-0.072745
2.010670,-20.131200,-19.853437,-20.793914,-20.485097,0.328362,0.671638,0.277763,-0.662714,-0.353897
2.020674,-20.199472,-19.561305,-21.516044,-20.859043,0.336107,0.663893,0.638167,-1.316572,-0.659571
2.030677,-20.251362,-19.917927,-17.501068,-18.376975,0.362415,0.637585,0.333435,2.750294,1.874387
2.040680,-20.287340,-18.369042,-18.046386,-18.164366,0.365654,0.634346,1.918299,2.240954,2.122974
2.050684,-20.343912,-21.772387,-21.738391,-21.751058,0.372591,0.627409,-1.428475,-1.394479,-1.407145
2.060687,-20.414438,-21.429931,-18.515898,-19.613207,0.376560,0.623440,-1.015493,1.898540,0.801231
2.070690,-20.477098,-21.636087,-20.956456,-21.215220,0.380742,0.619258,-1.158989,-0.479359,-0.738122
2.080694,-20.531925,-19.286638,-20.376900,-19.963575,0.379106,0.620894,1.245288,0.155025,0.568350
2.090697,-20.578917,-19.228319,-20.654846,-20.108637,0.382895,0.617105,1.350598,-0.075929,0.470281
2.100700,-20.568024,-19.891186,-21.359723,-20.803144,0.379002,0.620998,0.676838,-0.791698,-0.235120
2.110704,-20.548590,-18.773349,-19.367967,-19.137902,0.386913,0.613087,1.775241,1.180623,1.410688
2.120707,-20.512161,-22.279222,-20.361097,-21.080794,0.375209,0.624791,-1.767061,0.151064,-0.568633
2.130710,-20.461495,-17.960658,-21.033356,-19.867375,0.379465,0.620535,2.500836,-0.571862,0.594120
2.140714,-20.401159,-18.116301,-21.966666,-20.470832,0.388491,0.611509,2.284858,-1.565507,-0.069673
2.150717,-20.345673,-19.242240,-21.417987,-20.610681,0.371048,0.628952,1.103433,-1.072314,-0.265008
2.160720,-20.278913,-17.606215,-22.248569,-20.659872,0.342218,0.657782,2.672698,-1.969656,-0.380959
2.170724,-20.223879,-22.708814,-20.209211,-21.050455,0.336551,0.663449,-2.484935,0.014668,-0.826575
2.180727,-20.172508,-20.959180,-21.608507,-21.390145,0.336289,0.663711,-0.786672,-1.435999,-1.217637
2.190730,-20.128520,-21.231475,-20.447192,-20.713662,0.339762,0.660238,-1.102955,-0.318673,-0.585142
2.200734,-20.083391,-19.001172,-18.439269,-18.633449,0.345575,0.654425,1.082219,1.644122,1.449943
2.210737,-20.003633,-21.578844,-18.564474,-19.657845,0.362720,0.637280,-1.575211,1.439159,0.345788
2.220740,-19.952044,-18.815801,-19.990776,-19.565942,0.361569,0.638431,1.136243,-0.038732,0.386102
2.230744,-19.890264,-17.834459,-19.994765,-19.248760,0.345324,0.654676,2.055804,-0.104502,0.641503
2.240747,-19.852798,-18.809993,-17.596948,-18.049576,0.373133,0.626867,1.042804,2.255849,1.803222
2.250750,-19.822486,-19.396859,-19.197578,-19.271050,0.368682,0.631318,0.425627,0.624907,0.551436
2.260754,-19.775900,-21.257710,-20.169268,-20.571155,0.369231,0.630769,-1.481810,-0.393368,-0.795255
2.270757,-19.728443,-20.998720,-21.439665,-21.279433,0.363384,0.636616,-1.270276,-1.711222,-1.550989
2.280760,-19.697248,-17.822820,-19.224600,-18.724420,0.356818,0.643182,1.874428,0.472648,0.972828
2.290764,-19.676844,-18.507821,-18.681656,-18.620271,0.353121,0.646879,1.169024,0.995189,1.056573
2.300767,-19.646287,-19.704817,-20.404269,-20.161135,0.347606,0.652394,-0.058529,-0.757982,-0.514848
2.310770,-19.626747,-20.253612,-19.277304,-19.621368,0.352414,0.647586,-0.626864,0.349443,0.005379
2.320774,-19.603999,-22.642711,-20.040287,-20.983652,0.362495,0.637505,-3.038712,-0.436288,-1.379653
2.330777,-19.580613,-21.186892,-19.801452,-20.310195,0.367207,0.632793,-1.606279,-0.220839,-0.729581
2.340780,-19.567048,-16.699919,-22.552434,-20.663501,0.322756,0.677244,2.867129,-2.985386,-1.096453
2.350784,-19.521351,-21.442034,-19.787488,-20.323580,0.324011,0.675989,-1.920683,-0.266138,-0.802229
2.360787,-19.466236,-19.182016,-18.302993,-18.606102,0.344825,0.655175,0.284220,1.163243,0.860134
2.370790,-19.441609,-17.930443,-20.199292,-19.459573,0.326033,0.673967,1.511166,-0.757683,-0.017964
2.380794,-19.414234,-21.296618,-19.351202,-19.987441,0.327045,0.672955,-1.882384,0.063032,-0.573208
2.390797,-19.396840,-19.119775,-20.303981,-19.914946,0.328520,0.671480,0.277066,-0.907141,-0.518105
2.400800,-19.366695,-17.959822,-18.934165,-18.615048,0.327520,0.672480,1.406873,0.432530,0.751647
2.410804,-19.348498,-19.329749,-19.608326,-19.521467,0.311795,0.688205,0.018749,-0.259828,-0.172969
2.420807,-19.332059,-15.029454,-20.459149,-18.864183,0.293749,0.706251,4.302605,-1.127090,0.467876
2.430810,-19.308077,-21.810976,-17.709016,-19.080974,0.334464,0.665536,-2.502899,1.599062,0.227104
2.440814,-19.271158,-17.683065,-18.156439,-18.005502,0.318854,0.681146,1.588093,1.114718,1.265656
2.450817,-19.252316,-19.511519,-19.978204,-19.831278,0.314830,0.685170,-0.259203,-0.725888,-0.578962
2.460820,-19.238530,-18.080650,-18.641184,-18.469383,0.306495,0.693505,1.157880,0.597346,0.769147
2.470824,-19.231895,-18.569935,-18.587001,-18.581586,0.317287,0.682713,0.661961,0.644894,0.650309
2.480827,-19.235074,-20.334808,-18.464312,-19.061744,0.319397,0.680603,-1.099734,0.770761,0.173330
2.490830,-19.211764,-18.868270,-21.244871,-20.492762,0.316464,0.683536,0.343495,-2.033107,-1.280998
2.500834,-19.182427,-21.969279,-17.974499,-19.298580,0.331453,0.668547,-2.786852,1.207928,-0.116153
2.510837,-19.172061,-18.267190,-19.855700,-19.332867,0.329134,0.670866,0.904871,-0.683639,-0.160806
2.520840,-19.147948,-18.700710,-19.577342,-19.286544,0.331722,0.668278,0.447238,-0.429394,-0.138596
2.530844,-19.092051,-18.134061,-15.926593,-16.657716,0.331204,0.668796,0.957990,3.165458,2.434335
2.540847,-19.020779,-17.433601,-18.658531,-18.272191,0.315397,0.684603,1.587177,0.362248,0.748587
2.550850,-18.972440,-18.421010,-19.436027,-19.118693,0.312639,0.687361,0.551430,-0.463587,-0.146254
2.560854,-18.931461,-18.709327,-21.577814,-20.721013,0.298694,0.701306,0.222134,-2.646353,-1.789552
2.570857,-18.871560,-20.193163,-17.203843,-18.130708,0.310059,0.689941,-1.321603,1.667717,0.740853
2.580860,-18.822394,-19.890726,-20.436646,-20.264332,0.315640,0.684360,-1.068331,-1.614252,-1.441937
2.590864,-18.766670,-16.986568,-19.970796,-19.043646,0.310684,0.689316,1.780102,-1.204127,-0.276976
2.600867,-18.699437,-16.544934,-19.097060,-18.321855,0.303749,0.696251,2.154503,-0.397623,0.377582
2.610870,-18.646243,-19.003408,-16.946548,-17.595792,0.315648,0.684352,-0.357166,1.699694,1.050451
2.620874,-18.594047,-18.525043,-17.666159,-17.937985,0.316487,0.683513,0.069004,0.927888,0.656062
2.630877,-18.590576,-19.947497,-18.779981,-19.168219,0.332533,0.667467,-1.356922,-0.189405,-0.577643
2.640880,-18.602477,-16.843341,-18.232526,-17.760574,0.339733,0.660267,1.759135,0.369950,0.841903
2.650884,-18.618143,-17.620017,-19.338605,-18.752179,0.341226,0.658774,0.998125,-0.720463,-0.134036
2.660887,-18.652494,-15.740668,-18.484909,-17.540236,0.344238,0.655762,2.911826,0.167584,1.112258
2.670890,-18.662290,-19.979775,-18.574286,-19.053355,0.340856,0.659144,-1.317485,0.088004,-0.391065
2.680894,-18.693519,-19.260531,-17.530995,-18.132047,0.347522,0.652478,-0.567012,1.162524,0.561472
2.690897,-18.731286,-18.384117,-17.570672,-17.855227,0.349815,0.650185,0.347169,1.160614,0.876058
2.700900,-18.767016,-17.797282,-18.174243,-18.044927,0.343049,0.656951,0.969734,0.592773,0.722089
2.710904,-18.781056,-19.104558,-19.215873,-19.179128,0.330102,0.669898,-0.323501,-0.434817,-0.398072
2.720907,-18.816606,-20.126047,-17.926419,-18.677974,0.341673,0.658327,-1.309442,0.890187,0.138632
2.730910,-18.834637,-17.512526,-18.944999,-18.446068,0.348301,0.651699,1.322111,-0.110362,0.388569
2.740914,-18.852479,-17.770775,-20.150776,-19.363574,0.330757,0.669243,1.081703,-1.298297,-0.511096
2.750917,-18.885007,-20.259418,-19.368952,-19.663330,0.330588,0.669412,-1.374411,-0.483945,-0.778323
2.760920,-18.910539,-16.877375,-18.809107,-18.191070,0.319939,0.680061,2.033164,0.101432,0.719469
2.770924,-18.933034,-17.177736,-17.840775,-17.631017,0.316359,0.683641,1.755298,1.092259,1.302017
2.780927,-18.964487,-18.763042,-19.184721,-19.048644,0.322702,0.677298,0.201445,-0.220234,-0.084157
2.790930,-18.994830,-18.875434,-20.445869,-19.939093,0.322698,0.677302,0.119397,-1.451038,-0.944262
2.800934,-19.030893,-18.199806,-18.962803,-18.717093,0.322033,0.677967,0.831087,0.068090,0.313800
2.810937,-19.065180,-20.357735,-18.929033,-19.386436,0.320153,0.679847,-1.292555,0.136147,-0.321255
2.820940,-19.089467,-19.044420,-18.866462,-18.923190,0.318773,0.681227,0.045047,0.223005,0.166277
2.830944,-19.089915,-22.318490,-17.986069,-19.384085,0.322687,0.677313,-3.228575,1.103846,-0.294170
2.840947,-19.108929,-17.794246,-17.886222,-17.855534,0.333645,0.666355,1.314683,1.222708,1.253395
2.850950,-19.095910,-21.438150,-19.808963,-20.354518,0.334863,0.665137,-2.342240,-0.713053,-1.258608
2.860954,-19.112199,-16.857069,-19.851571,-18.900771,0.317515,0.682485,2.255130,-0.739372,0.211428
2.870957,-19.130731,-19.625911,-20.378969,-20.133642,0.325775,0.674225,-0.495180,-1.248238,-1.002911
2.880960,-19.140402,-19.457902,-18.301823,-18.681193,0.328152,0.671848,-0.317500,0.838579,0.459209
2.890964,-19.145838,-20.087439,-17.407254,-18.329336,0.344037,0.655963,-0.941601,1.738584,0.816502
2.900967,-19.160604,-19.592662,-19.538702,-19.557568,0.349616,0.650384,-0.432058,-0.378098,-0.396964
2.910970,-19.178462,-17.050665,-19.468179,-18.652690,0.337326,0.662674,2.127797,-0.289717,0.525772
2.920974,-19.203680,-22.935393,-17.443541,-19.351197,0.347361,0.652639,-3.731713,1.760139,-0.147517
2.930977,-19.237687,-17.322239,-18.631018,-18.154966,0.363737,0.636263,1.915448,0.606669,1.082721
2.940980,-19.258883,-18.751848,-18.735400,-18.741416,0.365757,0.634243,0.507035,0.523483,0.517467
2.950984,-19.274681,-21.085213,-20.703781,-20.845460,0.371440,0.628560,-1.810532,-1.429100,-1.570779
2.960987,-19.300841,-20.913810,-18.486367,-19.350825,0.356119,0.643881,-1.612969,0.814474,-0.049984
2.970990,-19.313455,-16.798865,-20.428418,-19.108720,0.363598,0.636402,2.514590,-1.114964,0.204735
2.980994,-19.321434,-20.739694,-20.682258,-20.702984,0.360858,0.639142,-1.418260,-1.360824,-1.381550
2.990997,-19.317204,-21.047230,-19.733330,-20.199611,0.354884,0.645116,-1.730026,-0.416126,-0.882408
3.001000,-19.303538,-17.597566,-20.006489,-19.174043,0.345568,0.654432,1.705972,-0.702951,0.129495
3.011004,-19.302334,-18.794505,-19.568254,-19.300839,0.345610,0.654390,0.507829,-0.265920,0.001496
3.021007,-19.309536,-20.716424,-21.038714,-20.926198,0.349115,0.650885,-1.406888,-1.729178,-1.616662
3.031010,-19.305513,-18.980576,-18.154934,-18.431050,0.334426,0.665574,0.324937,1.150580,0.874464
3.041014,-19.292344,-20.830973,-17.939120,-18.970298,0.356580,0.643420,-1.538629,1.353224,0.322045
3.051017,-19.279514,-17.628282,-21.616325,-20.238463,0.345498,0.654502,1.651232,-2.336811,-0.958949
3.061020,-19.264949,-17.672893,-18.090800,-17.948691,0.340049,0.659951,1.592056,1.174149,1.316258
3.071024,-19.231249,-18.433240,-20.203884,-19.638033,0.319574,0.680426,0.798009,-0.972634,-0.406783
3.081027,-19.206490,-18.663999,-18.178120,-18.334552,0.321957,0.678043,0.542492,1.028371,0.871939
3.091030,-19.173574,-16.531792,-19.255710,-18.404116,0.312636,0.687364,2.641782,-0.082136,0.769458
3.101034,-19.143757,-19.144227,-19.109226,-19.120642,0.326148,0.673852,-0.000471,0.034531,0.023115
3.111037,-19.117264,-20.890076,-19.339382,-19.833459,0.318617,0.681383,-1.772811,-0.222117,-0.716195
3.121040,-19.074343,-18.400132,-17.619788,-17.871696,0.322817,0.677183,0.674211,1.454555,1.202647
3.131044,-19.019127,-15.890056,-20.506632,-19.147614,0.294378,0.705622,3.129071,-1.487506,-0.128487
3.141047,-18.951818,-20.473957,-18.222410,-18.924460,0.311808,0.688192,-1.522139,0.729408,0.027358
3.151050,-18.865062,-19.407256,-17.543466,-18.164085,0.332988,0.667012,-0.542194,1.321596,0.700977
3.161054,-18.778164,-18.153495,-17.918556,-18.000057,0.346905,0.653095,0.624669,0.859608,0.778107
3.171057,-18.681211,-18.762068,-15.891572,-16.920617,0.358490,0.641510,-0.080857,2.789639,1.760594
3.181060,-18.589105,-20.062560,-19.223841,-19.524447,0.358410,0.641590,-1.473455,-0.634736,-0.935342
3.191064,-18.492321,-16.809535,-17.343556,-17.151114,0.360363,0.639637,1.682787,1.148766,1.341207
3.201067,-18.397683,-14.917622,-18.524992,-17.309358,0.336986,0.663014,3.480061,-0.127309,1.088325
3.211070,-18.301780,-18.007583,-16.821692,-17.233912,0.347604,0.652396,0.294197,1.480087,1.067867
3.221074,-18.197140,-19.553243,-18.206367,-18.664429,0.340092,0.659908,-1.356102,-0.009227,-0.467288
3.231077,-18.104984,-20.428425,-18.570435,-19.211921,0.345258,0.654742,-2.323441,-0.465451,-1.106937
3.241080,-17.981626,-17.594662,-16.414339,-16.811809,0.336747,0.663253,0.386964,1.567287,1.169816
3.251084,-17.873605,-16.217789,-18.463479,-17.685194,0.346568,0.653432,1.655816,-0.589874,0.188411
3.261087,-17.784012,-17.071261,-19.479283,-18.622977,0.355605,0.644395,0.712752,-1.695271,-0.838965
3.271090,-17.677228,-17.680833,-18.297444,-18.077377,0.356897,0.643103,-0.003606,-0.620216,-0.400150
3.281094,-17.558781,-18.442689,-16.815942,-17.386974,0.351027,0.648973,-0.883907,0.742840,0.171807
3.291097,-17.431210,-19.069456,-15.760764,-16.875171,0.336812,0.663188,-1.638245,1.670447,0.556039
3.301100,-17.294469,-16.042342,-17.161114,-16.782616,0.338316,0.661684,1.252127,0.133355,0.511854
3.311104,-17.158185,-15.787528,-15.576349,-15.649534,0.346556,0.653444,1.370657,1.581836,1.508651
3.321107,-17.035633,-19.354228,-18.665443,-18.901927,0.343335,0.656665,-2.318595,-1.629810,-1.866294
3.331110,-16.912188,-14.527430,-17.444105,-16.383742,0.363552,0.636448,2.384758,-0.531916,0.528446
3.341114,-16.799148,-15.938041,-17.145438,-16.716859,0.354962,0.645038,0.861107,-0.346290,0.082289
3.351117,-16.671707,-14.572315,-16.809179,-16.058456,0.335614,0.664386,2.099392,-0.137471,0.613252
3.361120,-16.546727,-18.559919,-16.445814,-17.216937,0.364752,0.635248,-2.013192,0.100913,-0.670210
3.371124,-16.434380,-18.483116,-15.605286,-16.616795,0.351483,0.648517,-2.048736,0.829093,-0.182416
3.381127,-16.327077,-16.550531,-16.860846,-16.750922,0.354232,0.645768,-0.223454,-0.533768,-0.423845
3.391130,-16.213796,-15.459619,-16.046961,-15.844428,0.344831,0.655169,0.754177,0.166834,0.369368
3.401134,-16.109197,-13.414655,-16.163344,-15.269353,0.325243,0.674757,2.694541,-0.054147,0.839844
3.411137,-16.017140,-14.958022,-17.128208,-16.405451,0.333039,0.666961,1.059118,-1.111068,-0.388311
3.421140,-15.921612,-16.285634,-16.058012,-16.128035,0.307630,0.692370,-0.364022,-0.136400,-0.206423
3.431144,-15.822601,-17.362155,-15.994992,-16.429927,0.318130,0.681870,-1.539554,-0.172391,-0.607326
3.441147,-15.731392,-13.886391,-15.929488,-15.306708,0.304822,0.695178,1.845001,-0.198097,0.424684
3.451150,-15.647430,-17.094489,-15.609319,-16.066927,0.308118,0.691882,-1.447058,0.038111,-0.419497
3.461154,-15.560156,-13.117454,-15.469348,-14.803940,0.282924,0.717076,2.442703,0.090808,0.756217
3.471157,-15.494778,-15.921355,-16.013533,-15.985697,0.301980,0.698020,-0.426577,-0.518754,-0.490919
3.481160,-15.450643,-13.064770,-13.923385,-13.666499,0.299187,0.700813,2.385873,1.527258,1.784144
3.491164,-15.417372,-14.398975,-16.820749,-16.118307,0.290053,0.709947,1.018397,-1.403377,-0.700935
3.501167,-15.387370,-15.592863,-16.252534,-16.054676,0.299935,0.700065,-0.205493,-0.865164,-0.667305
3.511170,-15.352764,-16.131859,-12.016808,-13.398844,0.335849,0.664151,-0.779095,3.335956,1.953921
3.521174,-15.296097,-15.807459,-16.541687,-16.296279,0.334240,0.665760,-0.511362,-1.245590,-1.000182
3.531177,-15.226679,-14.584204,-16.851184,-16.116582,0.324044,0.675956,0.642475,-1.624506,-0.889904
3.541180,-15.159798,-15.044063,-14.278426,-14.519840,0.315311,0.684689,0.115735,0.881372,0.639958
3.551184,-15.093336,-15.984054,-17.585880,-17.063380,0.326190,0.673810,-0.890717,-2.492544,-1.970043
3.561187,-15.042046,-15.290493,-15.324374,-15.313274,0.327616,0.672384,-0.248447,-0.282329,-0.271229
3.571190,-14.991135,-14.873270,-12.416145,-13.286131,0.354067,0.645933,0.117866,2.574990,1.705004
3.581194,-14.944656,-18.137758,-16.798579,-17.270030,0.352045,0.647955,-3.193101,-1.853923,-2.325374
3.591197,-14.893430,-14.206178,-17.271787,-16.156508,0.363803,0.636197,0.687252,-2.378357,-1.263078
3.601200,-14.854714,-16.324296,-16.653732,-16.534175,0.362913,0.637087,-1.469582,-1.799017,-1.679461
3.611204,-14.808286,-16.538284,-13.730254,-14.772005,0.370990,0.629010,-1.729999,1.078031,0.036280
3.621207,-14.738959,-17.269975,-13.389227,-14.870772,0.381768,0.618232,-2.531017,1.349732,-0.131813
3.631210,-14.671402,-17.362241,-15.286509,-16.018529,0.352656,0.647344,-2.690839,-0.615107,-1.347126
3.641214,-14.597955,-16.631126,-13.778100,-14.786383,0.353408,0.646592,-2.033171,0.819855,-0.188428
3.651217,-14.514303,-15.577834,-12.845996,-13.815720,0.354971,0.645029,-1.063531,1.668306,0.698583
3.661220,-14.436836,-11.506947,-12.292020,-12.012927,0.355499,0.644501,2.929889,2.144816,2.423909
3.671224,-14.356162,-15.144982,-14.651765,-14.828268,0.357862,0.642138,-0.788820,-0.295602,-0.472106
3.681227,-14.275462,-14.008836,-17.037228,-15.851177,0.391644,0.608356,0.266625,-2.761766,-1.575715
3.691230,-14.193457,-13.592735,-15.178512,-14.564856,0.386975,0.613025,0.600722,-0.985055,-0.371399
3.701234,-14.123212,-13.926614,-14.635377,-14.359184,0.389682,0.610318,0.196598,-0.512165,-0.235973
3.711237,-14.052739,-14.168904,-14.363466,-14.286613,0.395003,0.604997,-0.116165,-0.310727,-0.233874
3.721240,-13.974937,-15.767878,-14.200369,-14.820712,0.395751,0.604249,-1.792941,-0.225431,-0.845774
3.731244,-13.875524,-11.699133,-12.532851,-12.204183,0.394219,0.605781,2.176391,1.342674,1.671341
3.741247,-13.761921,-11.051126,-12.232607,-11.788834,0.375607,0.624393,2.710795,1.529314,1.973087
3.751250,-13.616247,-16.140235,-13.822255,-14.727279,0.390437,0.609563,-2.523988,-0.206008,-1.111033
3.761254,-13.482375,-15.018417,-12.164193,-13.199511,0.362732,0.637268,-1.536043,1.318182,0.282864
3.771257,-13.335685,-13.755401,-12.906491,-13.208714,0.356013,0.643987,-0.419716,0.429194,0.126971
3.781260,-13.186539,-14.633346,-13.109132,-13.654978,0.358116,0.641884,-1.446807,0.077407,-0.468439
3.791264,-13.004844,-12.245896,-11.916991,-12.039459,0.372351,0.627649,0.758948,1.087853,0.965385
3.801267,-12.835637,-13.928045,-12.748934,-13.176491,0.362609,0.637391,-1.092408,0.086702,-0.340854
3.811270,-12.679364,-9.431780,-10.209991,-9.931799,0.357476,0.642524,3.247584,2.469373,2.747565
3.821274,-12.532395,-10.746572,-14.258488,-12.935330,0.376762,0.623238,1.785823,-1.726093,-0.402935
3.831277,-12.417578,-12.098717,-13.035783,-12.688313,0.370806,0.629194,0.318861,-0.618205,-0.270736
3.841280,-12.310877,-10.770397,-12.462699,-11.837595,0.369381,0.630619,1.540479,-0.151823,0.473282
3.851284,-12.215776,-10.556925,-11.688433,-11.273932,0.366326,0.633674,1.658851,0.527343,0.941844
3.861287,-12.118610,-12.964531,-10.597057,-11.476567,0.371497,0.628503,-0.845921,1.521553,0.642042
3.871290,-12.016511,-13.240837,-12.045789,-12.499242,0.379443,0.620557,-1.224326,-0.029278,-0.482731
3.881294,-11.886474,-11.769260,-13.593150,-12.882646,0.389554,0.610446,0.117215,-1.706676,-0.996171
3.891297,-11.742441,-10.449987,-10.731425,-10.622398,0.387392,0.612608,1.292454,1.011017,1.120043
3.901300,-11.607350,-11.398759,-10.701399,-10.967273,0.381258,0.618742,0.208591,0.905951,0.640077
3.911304,-11.486005,-13.851500,-13.816235,-13.829517,0.376638,0.623362,-2.365495,-2.330230,-2.343512
3.921307,-11.357524,-12.561760,-11.362089,-11.808573,0.372172,0.627828,-1.204237,-0.004565,-0.451049
3.931310,-11.249103,-11.360062,-13.157273,-12.457096,0.389591,0.610409,-0.110959,-1.908170,-1.207993
3.941314,-11.113427,-11.226926,-11.911009,-11.645009,0.388841,0.611159,-0.113498,-0.797581,-0.531582
3.951317,-10.960332,-8.001518,-12.043702,-10.408885,0.404439,0.595561,2.958813,-1.083371,0.551446
3.961320,-10.814579,-12.893561,-9.843462,-11.031358,0.389461,0.610539,-2.078982,0.971118,-0.216778
3.971324,-10.694816,-9.936432,-10.554620,-10.312564,0.391556,0.608444,0.758384,0.140196,0.382252
3.981327,-10.554984,-8.321314,-12.097693,-10.561493,0.406792,0.593208,2.233670,-1.542709,-0.006510
3.991330,-10.417149,-7.009975,-9.361070,-8.409855,0.404584,0.595416,3.407175,1.056079,2.007294
4.001334,-10.261023,-10.867619,-11.981590,-11.525848,0.409115,0.590885,-0.606596,-1.720567,-1.264824
4.011337,-10.129126,-9.391982,-9.732989,-9.601764,0.384818,0.615182,0.737144,0.396137,0.527362
4.021340,-10.006483,-9.151843,-10.983296,-10.286917,0.380233,0.619767,0.854641,-0.976813,-0.280434
4.031344,-9.884007,-9.590784,-10.322819,-10.037641,0.389569,0.610431,0.293223,-0.438812,-0.153634
4.041347,-9.761071,-9.909339,-9.155946,-9.449999,0.390305,0.609695,-0.148268,0.605125,0.311072
4.051350,-9.645132,-8.991169,-9.019392,-9.008279,0.393775,0.606225,0.653963,0.625739,0.636853
4.061354,-9.520082,-13.318451,-7.915719,-9.883419,0.364205,0.635795,-3.798369,1.604363,-0.363337
4.071357,-9.411296,-8.388192,-9.510001,-9.098263,0.367030,0.632970,1.023104,-0.098704,0.313034
4.081360,-9.304864,-9.115597,-8.937123,-9.003804,0.373617,0.626383,0.189267,0.367741,0.301060
4.091364,-9.196840,-9.530552,-9.722125,-9.653966,0.355786,0.644214,-0.333712,-0.525285,-0.457126
4.101367,-9.081315,-6.011022,-8.862928,-7.843364,0.357503,0.642497,3.070293,0.218388,1.237951
4.111370,-8.955348,-9.967749,-8.427964,-8.970552,0.352379,0.647621,-1.012401,0.527383,-0.015205
4.121374,-8.846502,-9.451116,-8.964474,-9.128202,0.336445,0.663555,-0.604614,-0.117972,-0.281700
4.131377,-8.760885,-5.773555,-10.925386,-9.307131,0.314113,0.685887,2.987330,-2.164501,-0.546246
4.141380,-8.656274,-9.904366,-8.258509,-8.768190,0.309675,0.690325,-1.248092,0.397765,-0.111916
4.151384,-8.546888,-9.372061,-8.109415,-8.488837,0.300498,0.699502,-0.825173,0.437474,0.058051
4.161387,-8.448948,-8.669487,-9.265157,-9.086914,0.299231,0.700769,-0.220538,-0.816208,-0.637965
4.171390,-8.327937,-7.066835,-9.869201,-9.051390,0.291829,0.708171,1.261102,-1.541264,-0.723453
4.181394,-8.205433,-7.893729,-6.434378,-6.872647,0.300318,0.699682,0.311704,1.771055,1.332786
4.191397,-8.065484,-10.004422,-7.475749,-8.260086,0.310178,0.689822,-1.938938,0.589735,-0.194603
4.201400,-7.924802,-8.723055,-8.199699,-8.363576,0.313128,0.686872,-0.798253,-0.274897,-0.438774
4.211404,-7.753490,-8.664522,-9.117930,-8.976100,0.312807,0.687193,-0.911032,-1.364439,-1.222610
4.221407,-7.556191,-7.672022,-8.542369,-8.274899,0.307314,0.692686,-0.115832,-0.986178,-0.718708
4.231410,-7.363021,-6.724255,-5.799912,-6.096532,0.320897,0.679103,0.638765,1.563108,1.266489
4.241414,-7.155663,-6.528355,-6.990469,-6.839859,0.325915,0.674085,0.627309,0.165194,0.315804
4.251417,-6.939040,-9.603058,-7.599745,-8.253624,0.326399,0.673601,-2.664018,-0.660704,-1.314583
4.261420,-6.702321,-5.106409,-6.090694,-5.783871,0.311722,0.688278,1.595911,0.611627,0.918450
4.271424,-6.480549,-6.101695,-7.457826,-7.045558,0.304003,0.695997,0.378853,-0.977278,-0.565009
4.281427,-6.248929,-4.172131,-4.447918,-4.363839,0.304869,0.695131,2.076798,1.801012,1.885090
4.291430,-6.001897,-5.335599,-4.378536,-4.675652,0.310445,0.689555,0.666297,1.623361,1.326245
4.301434,-5.781739,-4.129755,-6.341628,-5.683767,0.297423,0.702577,1.651984,-0.559889,0.097973
4.311437,-5.579771,-4.879953,-6.334175,-5.916885,0.286951,0.713049,0.699818,-0.754404,-0.337114
4.321440,-5.408795,-3.389457,-8.550555,-7.063993,0.288032,0.711968,2.019339,-3.141760,-1.655197
4.331444,-5.242203,-4.458827,-7.020099,-6.292414,0.284111,0.715889,0.783376,-1.777897,-1.050211
4.341447,-5.065180,-5.212053,-6.672544,-6.253058,0.287222,0.712778,-0.146873,-1.607364,-1.187879
4.351450,-4.865976,-1.457324,-4.703747,-3.801733,0.277849,0.722151,3.408652,0.162228,1.064243
4.361454,-4.666059,-3.332503,-5.057539,-4.606068,0.261717,0.738283,1.333556,-0.391480,0.059991
4.371457,-4.442112,-3.581496,-6.056515,-5.429391,0.253381,0.746619,0.860617,-1.614403,-0.987279
4.381460,-4.239316,-6.153772,-4.576712,-4.983337,0.257837,0.742163,-1.914457,-0.337397,-0.744022
4.391464,-4.062475,-5.994936,-3.456070,-4.128616,0.264900,0.735100,-1.932461,0.606405,-0.066141
4.401467,-3.886821,-3.447748,-3.253414,-3.304595,0.263367,0.736633,0.439073,0.633407,0.582226
4.411470,-3.705758,-3.487476,-5.985362,-5.341598,0.257723,0.742277,0.218282,-2.279604,-1.635841
4.421474,-3.525547,-4.446731,-3.679463,-3.877134,0.257630,0.742370,-0.921184,-0.153916,-0.351587
4.431477,-3.376708,-3.165234,-5.036717,-4.559886,0.254788,0.745212,0.211474,-1.660009,-1.183178
4.441480,-3.229504,-0.846563,-2.147429,-1.814746,0.255740,0.744260,2.382940,1.082074,1.414758
4.451484,-3.102161,-2.059057,-2.161185,-2.133237,0.273662,0.726338,1.043104,0.940976,0.968924
4.461487,-2.965027,-4.676540,-4.042660,-4.210639,0.265001,0.734999,-1.711513,-1.077633,-1.245612
4.471490,-2.822669,-2.989933,-3.741924,-3.542989,0.264544,0.735456,-0.167263,-0.919254,-0.720320
4.481494,-2.694694,-3.902144,-3.248215,-3.429093,0.276602,0.723398,-1.207450,-0.553520,-0.734399
4.491497,-2.574683,-3.156233,-5.278035,-4.667666,0.287666,0.712334,-0.581550,-2.703352,-2.092983
4.501501,-2.470800,-3.091224,-2.067638,-2.367423,0.292877,0.707123,-0.620423,0.403162,0.103377
4.511504,-2.368065,-3.084534,-2.695479,-2.810104,0.294625,0.705375,-0.716468,-0.327413,-0.442039
4.521507,-2.251209,-4.133912,-1.086999,-2.039447,0.312595,0.687405,-1.882703,1.164210,0.211761
4.531511,-2.149372,-2.340854,-3.467463,-3.115373,0.312522,0.687478,-0.191482,-1.318091,-0.966001
4.541514,-2.040178,-2.881089,-2.783125,-2.813339,0.308414,0.691586,-0.840911,-0.742948,-0.773161
4.551517,-1.939156,-6.333329,-3.746986,-4.538142,0.305898,0.694102,-4.394173,-1.807830,-2.598987
4.561521,-1.850229,1.229229,-3.055378,-1.876142,0.275226,0.724774,3.079458,-1.205149,-0.025912
4.571524,-1.763086,-0.129931,-3.181464,-2.354744,0.270920,0.729080,1.633154,-1.418378,-0.591658
4.581527,-1.691645,-2.256097,-0.496477,-0.983769,0.276931,0.723069,-0.564451,1.195168,0.707876
4.591531,-1.628653,-1.600424,-2.466567,-2.227578,0.275923,0.724077,0.028229,-0.837914,-0.598925
4.601534,-1.583754,-3.341236,-1.434743,-1.989886,0.291185,0.708815,-1.757482,0.149011,-0.406132
4.611537,-1.509474,1.034110,-1.966390,-1.138111,0.276047,0.723953,2.543584,-0.456916,0.371364
4.621541,-1.434814,1.411119,-2.958172,-1.799601,0.265162,0.734838,2.845933,-1.523358,-0.364787
4.631544,-1.370799,-1.135759,-1.572760,-1.452511,0.275167,0.724833,0.235041,-0.201961,-0.081712
4.641547,-1.303703,0.231593,-0.584779,-0.364479,0.269852,0.730148,1.535296,0.718924,0.939224
4.651551,-1.238425,-0.975495,-2.687736,-2.231954,0.266191,0.733809,0.262930,-1.449311,-0.993529
4.661554,-1.176593,-3.181681,-0.205657,-1.010786,0.270539,0.729461,-2.005088,0.970935,0.165806
4.671557,-1.105672,-1.723407,-2.125337,-2.015527,0.273205,0.726795,-0.617735,-1.019665,-0.909856
4.681561,-1.023530,-0.825638,-1.603110,-1.396809,0.265349,0.734651,0.197892,-0.579581,-0.373279
4.691564,-0.949509,-1.631331,-0.312690,-0.662854,0.265549,0.734451,-0.681822,0.636820,0.286656
4.701567,-0.884274,-1.212254,-1.680398,-1.556003,0.265720,0.734280,-0.327980,-0.796123,-0.671728
4.711571,-0.823296,-0.960395,-0.778206,-0.826502,0.265089,0.734911,-0.137099,0.045090,-0.003206
4.721574,-0.796968,-0.918286,-1.174597,-1.106672,0.265009,0.734991,-0.121318,-0.377629,-0.309704
4.731577,-0.793421,-0.715033,-0.638179,-0.658279,0.261529,0.738471,0.078388,0.155242,0.135142
4.741581,-0.769377,-2.360285,-3.626264,-3.281694,0.272176,0.727824,-1.590908,-2.856887,-2.512317
4.751584,-0.720708,-1.796232,-2.916326,-2.604276,0.278593,0.721407,-1.075524,-2.195618,-1.883568
4.761587,-0.675871,-2.602747,0.063290,-0.701243,0.286767,0.713233,-1.926876,0.739160,-0.025372
4.771591,-0.622475,0.844248,0.622143,0.686237,0.288577,0.711423,1.466723,1.244618,1.308712
4.781594,-0.564518,-3.722988,-1.657102,-2.254408,0.289128,0.710872,-3.158470,-1.092584,-1.689891
4.791597,-0.460493,1.269893,-0.753327,-0.193575,0.276664,0.723336,1.730386,-0.292834,0.266918
4.801601,-0.339882,1.739642,0.013781,0.489143,0.275435,0.724565,2.079524,0.353663,0.829025
4.811604,-0.221432,-0.674703,0.610429,0.247111,0.282709,0.717291,-0.453271,0.831861,0.468543
4.821607,-0.117551,-4.022257,-2.550764,-2.975781,0.288834,0.711166,-3.904706,-2.433213,-2.858230
4.831611,-0.037975,-0.579941,-1.101224,-0.949901,0.290290,0.709710,-0.541966,-1.063248,-0.911925
4.841614,0.044493,-0.051783,-0.354602,-0.267086,0.289004,0.710996,-0.096276,-0.399095,-0.311579
4.851617,0.115452,-1.400445,0.959220,0.220721,0.312968,0.687032,-1.515897,0.843768,0.105269
4.861621,0.164935,-0.607893,3.163051,1.846897,0.349025,0.650975,-0.772828,2.998117,1.681962
4.871624,0.204620,2.499913,-0.068987,0.802780,0.339354,0.660646,2.295293,-0.273607,0.598160
4.881627,0.228003,1.225393,-1.460370,-0.573223,0.330315,0.669685,0.997391,-1.688373,-0.801226
4.891631,0.276646,-1.110200,0.759367,0.141057,0.330724,0.669276,-1.386846,0.482722,-0.135588
4.901634,0.338416,-2.057983,1.923611,0.552532,0.344354,0.655646,-2.396399,1.585195,0.214116
4.911637,0.399943,-0.090583,0.529560,0.311802,0.351141,0.648859,-0.490526,0.129617,-0.088141
4.921641,0.483547,0.163361,-0.604432,-0.336834,0.348528,0.651472,-0.320185,-1.087978,-0.820381
4.931644,0.568143,1.312442,1.717736,1.573488,0.355909,0.644091,0.744299,1.149593,1.005345
4.941647,0.639652,-0.163324,1.435906,0.857822,0.361477,0.638523,-0.802975,0.796255,0.218171
4.951651,0.733864,1.501113,-0.497433,0.225995,0.361977,0.638023,0.767249,-1.231297,-0.507869
4.961654,0.835971,3.738702,1.293682,2.129175,0.341712,0.658288,2.902731,0.457711,1.293204
4.971657,0.922315,2.145567,2.119034,2.128183,0.344836,0.655164,1.223252,1.196719,1.205868
4.981661,1.005632,0.933499,2.423900,1.900189,0.351389,0.648611,-0.072133,1.418268,0.894558
4.991664,1.075648,0.800922,0.995909,0.926719,0.354844,0.645156,-0.274726,-0.079739,-0.148929
5.001667,1.124781,0.589771,0.695086,0.658230,0.349958,0.650042,-0.535010,-0.429695,-0.466551
5.011671,1.187709,2.958671,2.660438,2.763703,0.346258,0.653742,1.770961,1.472729,1.575994
5.021674,1.279153,0.338183,-0.173040,-0.002964,0.332685,0.667315,-0.940970,-1.452193,-1.282116
5.031677,1.349435,1.417269,1.875730,1.720435,0.338730,0.661270,0.067834,0.526295,0.371001
5.041681,1.428021,1.504818,-0.216011,0.364835,0.337539,0.662461,0.076797,-1.644032,-1.063186
5.051684,1.496690,0.744014,2.775142,2.061421,0.351391,0.648609,-0.752676,1.278452,0.564731
5.061687,1.557915,-0.500783,1.248260,0.572664,0.386266,0.613734,-2.058698,-0.309655,-0.985251
5.071691,1.610132,2.094593,3.132432,2.749200,0.369260,0.630740,0.484462,1.522300,1.139068
5.081694,1.649284,1.557778,2.238979,1.987368,0.369364,0.630636,-0.091506,0.589695,0.338084
5.091697,1.689086,2.439447,0.221222,1.066944,0.381261,0.618739,0.750361,-1.467864,-0.622142
5.101701,1.716344,0.915943,3.425897,2.466057,0.382413,0.617587,-0.800400,1.709553,0.749713
5.111704,1.747604,3.578836,3.609099,3.597798,0.373427,0.626573,1.831232,1.861494,1.850194
5.121707,1.778048,0.462888,2.836792,2.007968,0.349140,0.650860,-1.315161,1.058744,0.229920
5.131711,1.804848,4.372908,0.890942,2.153944,0.362727,0.637273,2.568060,-0.913905,0.349097
5.141714,1.817980,-0.803475,1.450763,0.673019,0.345014,0.654986,-2.621455,-0.367217,-1.144960
5.151717,1.822434,2.474589,1.996947,2.159265,0.339832,0.660168,0.652155,0.174513,0.336831
5.161721,1.838210,2.551356,0.993758,1.556675,0.361401,0.638599,0.713146,-0.844452,-0.281536
5.171724,1.861469,0.668133,3.892284,2.779076,0.345272,0.654728,-1.193336,2.030816,0.917607
5.181727,1.870017,2.506608,2.043209,2.203188,0.345229,0.654771,0.636591,0.173192,0.333171
5.191731,1.880039,3.799317,-1.363979,0.679449,0.395760,0.604240,1.919278,-3.244018,-1.200589
5.201734,1.901311,-1.423917,2.308538,0.953160,0.363133,0.636867,-3.325228,0.407227,-0.948151
5.211737,1.897499,2.651617,1.479711,1.913907,0.370505,0.629495,0.754117,-0.417789,0.016408
5.221741,1.901846,-1.838060,1.811934,0.562277,0.342372,0.657628,-3.739906,-0.089912,-1.339569
5.231744,1.896245,0.447747,1.453901,1.113153,0.338664,0.661336,-1.448497,-0.442343,-0.783092
5.241747,1.899213,4.342963,2.867669,3.348406,0.325858,0.674142,2.443750,0.968456,1.449192
5.251751,1.890727,1.018054,3.234353,2.555488,0.306306,0.693694,-0.872673,1.343625,0.664760
5.261754,1.855185,0.094365,2.194849,1.547510,0.308186,0.691814,-1.760820,0.339664,-0.307675
5.271757,1.795301,1.498394,1.388127,1.422270,0.309635,0.690365,-0.296907,-0.407173,-0.373031
5.281761,1.736257,4.838117,1.686653,2.720943,0.328193,0.671807,3.101860,-0.049605,0.984685
5.291764,1.681228,-1.066295,1.704747,0.856171,0.306230,0.693770,-2.747523,0.023520,-0.825056
5.301767,1.612744,0.035779,0.649828,0.463788,0.302972,0.697028,-1.576965,-0.962916,-1.148956
5.311771,1.553976,3.800123,2.248690,2.729750,0.310075,0.689925,2.246148,0.694714,1.175775
5.321774,1.470402,4.256956,2.022453,2.732327,0.317688,0.682312,2.786554,0.552051,1.261925
5.331777,1.386005,1.230858,3.234534,2.622574,0.305418,0.694582,-0.155147,1.848529,1.236570
5.341781,1.283610,-0.574969,2.790030,1.820910,0.288000,0.712000,-1.858579,1.506420,0.537299
5.351784,1.171644,4.315409,0.348834,1.589931,0.312889,0.687111,3.143765,-0.822810,0.418287
5.361787,1.060612,3.452275,2.044970,2.500016,0.323345,0.676655,2.391664,0.984358,1.439404
5.371791,0.936896,1.955316,-0.204248,0.513302,0.332266,0.667734,1.018420,-1.141144,-0.423594
5.381794,0.807659,-0.410944,1.642778,1.025086,0.300767,0.699233,-1.218604,0.835119,0.217427
5.391797,0.693775,0.620231,0.073838,0.245908,0.314920,0.685080,-0.073544,-0.619937,-0.447867
5.401801,0.571465,0.330925,-0.656438,-0.312468,0.348373,0.651627,-0.240540,-1.227904,-0.883933
5.411804,0.461936,0.958213,0.797990,0.854465,0.352480,0.647520,0.496277,0.336054,0.392530
5.421807,0.335680,2.512182,-2.873801,-0.805478,0.384020,0.615980,2.176502,-3.209481,-1.141157
5.431811,0.217623,1.536749,-1.883548,-0.587240,0.379004,0.620996,1.319126,-2.101171,-0.804863
5.441814,0.121426,-1.494638,-0.091564,-0.616071,0.373827,0.626173,-1.616064,-0.212990,-0.737497
5.451817,-0.011653,2.053091,0.087277,0.802656,0.363910,0.636090,2.064745,0.098930,0.814309
5.461821,-0.156420,0.313279,-0.599602,-0.258640,0.373501,0.626499,0.469698,-0.443183,-0.102220
5.471824,-0.292241,0.738358,-2.187564,-1.105334,0.369876,0.630124,1.030599,-1.895324,-0.813094
5.481827,-0.430835,1.768976,-1.412306,-0.283686,0.354769,0.645231,2.199811,-0.981470,0.147149
5.491831,-0.563586,-2.230956,-0.094135,-0.843614,0.350745,0.649255,-1.667370,0.469451,-0.280028
5.501834,-0.705131,-0.758869,-0.006993,-0.268116,0.347296,0.652704,-0.053738,0.698138,0.437014
5.511837,-0.845094,-1.642276,-0.864561,-1.135499,0.348376,0.651624,-0.797182,-0.019468,-0.290405
5.521841,-0.987112,-3.338901,0.401089,-0.890057,0.345227,0.654773,-2.351789,1.388201,0.097055
5.531844,-1.111329,-0.591264,-0.634453,-0.619671,0.342267,0.657733,0.520065,0.476876,0.491658
5.541847,-1.231482,2.535853,-2.128429,-0.648187,0.317357,0.682643,3.767335,-0.896947,0.583295
5.551851,-1.346330,-4.106447,-1.682932,-2.433055,0.309518,0.690482,-2.760117,-0.336602,-1.086725
5.561854,-1.467127,-1.515548,-3.150566,-2.652263,0.304769,0.695231,-0.048421,-1.683439,-1.185136
5.571857,-1.594996,-0.634182,-1.724763,-1.399164,0.298555,0.701445,0.960814,-0.129767,0.195832
5.581861,-1.729098,-1.544481,-0.394577,-0.740660,0.300967,0.699033,0.184617,1.334521,0.988438
5.591864,-1.857015,-2.026707,-1.034667,-1.331920,0.299639,0.700361,-0.169692,0.822348,0.525094
5.601867,-1.990990,-3.939815,-0.308579,-1.405524,0.302086,0.697914,-1.948825,1.682411,0.585466
5.611871,-2.120352,-1.771172,-2.483814,-2.269981,0.300056,0.699944,0.349180,-0.363462,-0.149630
5.621874,-2.218323,-3.353469,-0.603003,-1.439323,0.304065,0.695935,-1.135146,1.615320,0.779000
5.631877,-2.303032,-5.587914,-2.534997,-3.495528,0.314627,0.685373,-3.284883,-0.231965,-1.192496
5.641881,-2.392461,-0.600573,-0.626559,-0.618377,0.314874,0.685126,1.791888,1.765902,1.774084
5.651884,-2.463694,-1.026115,-2.489922,-2.035279,0.310590,0.689410,1.437579,-0.026228,0.428415
5.661887,-2.540905,-2.463414,-1.692228,-1.935325,0.315226,0.684774,0.077491,0.848678,0.605580
5.671891,-2.648534,-2.304922,-0.878399,-1.322381,0.311233,0.688767,0.343612,1.770135,1.326153
5.681894,-2.771069,-1.159592,-3.003182,-2.438560,0.306262,0.693738,1.611477,-0.232113,0.332508
5.691897,-2.921420,-2.584911,-2.659353,-2.636924,0.301290,0.698710,0.336509,0.262067,0.284496
5.701901,-3.076744,-1.720717,-1.530107,-1.587802,0.302684,0.697316,1.356026,1.546636,1.488942
5.711904,-3.231480,-3.677703,-3.391084,-3.479084,0.307026,0.692974,-0.446223,-0.159604,-0.247604
5.721907,-3.360761,-1.392785,-4.945831,-3.880265,0.299902,0.700098,1.967976,-1.585071,-0.519504
5.731911,-3.484879,-3.003700,-0.913270,-1.568627,0.313503,0.686497,0.481179,2.571608,1.916252
5.741914,-3.612035,-3.320957,-4.175752,-3.903115,0.318950,0.681050,0.291078,-0.563717,-0.291080
5.751917,-3.726496,-5.631588,-3.535989,-4.195122,0.314532,0.685468,-1.905092,0.190507,-0.468626
5.761921,-3.873895,-3.443461,-2.486687,-2.788800,0.315762,0.684238,0.430434,1.387208,1.085095
5.771924,-4.017465,-5.265397,-4.747658,-4.913597,0.320508,0.679492,-1.247932,-0.730193,-0.896132
5.781927,-4.149185,-5.106609,-5.358627,-5.272900,0.340161,0.659839,-0.957424,-1.209441,-1.123715
5.791931,-4.302820,-5.525884,-3.998336,-4.524502,0.344452,0.655548,-1.223063,0.304485,-0.221682
5.801934,-4.438992,-6.038344,-6.590684,-6.396014,0.352446,0.647554,-1.599352,-2.151692,-1.957022
5.811937,-4.569814,-1.382657,-4.915301,-3.729226,0.335747,0.664253,3.187157,-0.345487,0.840588
5.821941,-4.706603,-2.709595,-4.412557,-3.837323,0.337785,0.662215,1.997009,0.294046,0.869281
5.831944,-4.833628,-1.953076,-5.157570,-4.169931,0.308204,0.691796,2.880551,-0.323942,0.663697
5.841947,-4.926338,-6.760680,-6.778479,-6.773137,0.300105,0.699895,-1.834343,-1.852141,-1.846800
5.851951,-5.016134,-4.909253,-3.103120,-3.696513,0.328543,0.671457,0.106881,1.913014,1.319621
5.861954,-5.102027,-7.042289,-4.977782,-5.678796,0.339555,0.660445,-1.940261,0.124246,-0.576768
5.871957,-5.194640,-6.238182,-3.477257,-4.478177,0.362531,0.637469,-1.043542,1.717383,0.716462
5.881961,-5.299814,-6.677005,-5.611858,-5.992316,0.357189,0.642811,-1.377190,-0.312044,-0.692502
5.891964,-5.392323,-3.532947,-6.448338,-5.439033,0.346199,0.653801,1.859376,-1.056014,-0.046709
5.901967,-5.497489,-6.091833,-5.174472,-5.498523,0.353243,0.646757,-0.594345,0.323017,-0.001034
5.911971,-5.601370,-3.998801,-5.860315,-5.221892,0.342959,0.657041,1.602569,-0.258945,0.379479
5.921974,-5.712209,-4.806028,-7.125523,-6.319601,0.347456,0.652544,0.906181,-1.413314,-0.607392
5.931977,-5.815641,-2.360183,-4.051900,-3.468274,0.344990,0.655010,3.455458,1.763741,2.347367
5.941981,-5.913862,-8.133028,-6.660586,-7.165792,0.343107,0.656893,-2.219166,-0.746724,-1.251930
5.951984,-5.996323,-4.107473,-8.204643,-6.804268,0.341791,0.658209,1.888850,-2.208320,-0.807945
5.961987,-6.086269,-4.366608,-4.492470,-4.448589,0.348642,0.651358,1.719661,1.593799,1.637680
5.971991,-6.180084,-7.640152,-6.785242,-7.084120,0.349602,0.650398,-1.460068,-0.605158,-0.904036
5.981994,-6.288392,-4.777692,-7.017781,-6.240334,0.347061,0.652939,1.510700,-0.729389,0.048059
5.991997,-6.403148,-5.898931,-8.521614,-7.611910,0.346860,0.653140,0.504217,-2.118465,-1.208761
6.002001,-6.512016,-6.853230,-4.422886,-5.309335,0.364742,0.635258,-0.341214,2.089130,1.202680
6.012004,-6.609310,-7.845213,-8.156687,-8.044751,0.359376,0.640624,-1.235903,-1.547377,-1.435441
6.022007,-6.720243,-7.798907,-6.650103,-7.053184,0.350870,0.649130,-1.078664,0.070139,-0.332941
6.032011,-6.817909,-3.743191,-5.722765,-5.049496,0.340108,0.659892,3.074718,1.095144,1.768413
6.042014,-6.895046,-6.894022,-6.388985,-6.578157,0.374570,0.625430,0.001024,0.506060,0.316889
6.052017,-6.965827,-5.792632,-7.037412,-6.586510,0.362234,0.637766,1.173195,-0.071585,0.379317
6.062021,-7.008314,-8.194663,-9.050313,-8.742995,0.359163,0.640837,-1.186349,-2.041999,-1.734681
6.072024,-7.062323,-8.232102,-8.033993,-8.106025,0.363596,0.636404,-1.169779,-0.971670,-1.043702
6.082027,-7.134894,-5.511917,-6.909534,-6.418049,0.351659,0.648341,1.622977,0.225360,0.716845
6.092031,-7.234001,-9.258365,-8.178610,-8.554673,0.348286,0.651714,-2.024364,-0.944609,-1.320673
6.102034,-7.310468,-7.933289,-7.066437,-7.361018,0.339828,0.660172,-0.622821,0.244031,-0.050549
6.112037,-7.376968,-7.325927,-6.558876,-6.826562,0.348981,0.651019,0.051041,0.818092,0.550406
6.122041,-7.444168,-7.277109,-6.289164,-6.630856,0.345861,0.654139,0.167059,1.155003,0.813312
6.132044,-7.507034,-7.775674,-8.978449,-8.569797,0.339758,0.660242,-0.268640,-1.471415,-1.062763
6.142047,-7.586657,-6.992927,-4.950682,-5.687314,0.360697,0.639303,0.593730,2.635975,1.899343
6.152051,-7.629434,-6.590151,-6.708459,-6.664790,0.369111,0.630889,1.039284,0.920975,0.964644
6.162054,-7.670188,-6.568231,-7.672245,-7.276626,0.358346,0.641654,1.101956,-0.002057,0.393561
6.172057,-7.709219,-9.187924,-6.401775,-7.405170,0.360137,0.639863,-1.478706,1.307444,0.304049
6.182061,-7.737285,-8.163518,-4.898796,-6.200893,0.398839,0.601161,-0.426233,2.838489,1.536392
6.192064,-7.758080,-5.965936,-9.484544,-8.142429,0.381433,0.618567,1.792144,-1.726464,-0.384349
6.202067,-7.775475,-6.433505,-8.045791,-7.453757,0.367201,0.632799,1.341971,-0.270315,0.321718
6.212071,-7.804693,-9.863982,-10.658811,-10.365794,0.368654,0.631346,-2.059289,-2.854118,-2.561101
6.222074,-7.826780,-7.299560,-7.595598,-7.481587,0.385125,0.614875,0.527220,0.231182,0.345194
6.232077,-7.820593,-10.787931,-7.382120,-8.652017,0.372862,0.627138,-2.967338,0.438473,-0.831424
6.242081,-7.794236,-7.723834,-7.841231,-7.797056,0.376285,0.623715,0.070402,-0.046995,-0.002820
6.252084,-7.744035,-4.897384,-8.529475,-7.279613,0.344116,0.655884,2.846651,-0.785440,0.464422
6.262087,-7.701602,-9.123441,-10.161020,-9.813701,0.334740,0.665260,-1.421839,-2.459417,-2.112099
6.272091,-7.674098,-8.925583,-7.225858,-7.807053,0.341935,0.658065,-1.251485,0.448240,-0.132955
6.282094,-7.648536,-6.502492,-5.902015,-6.112811,0.351047,0.648953,1.146045,1.746521,1.535726
6.292097,-7.622190,-9.936392,-8.331412,-8.892936,0.349864,0.650136,-2.314202,-0.709222,-1.270746
6.302101,-7.579483,-8.528615,-7.051411,-7.582496,0.359521,0.640479,-0.949133,0.528072,-0.003013
6.312104,-7.562248,-6.667586,-9.444021,-8.423631,0.367518,0.632482,0.894662,-1.881773,-0.861382
6.322107,-7.522105,-8.473534,-6.973449,-7.554248,0.387178,0.612822,-0.951429,0.548656,-0.032144
6.332111,-7.484412,-7.838367,-7.956471,-7.907959,0.410757,0.589243,-0.353955,-0.472059,-0.423547
6.342114,-7.453197,-6.336919,-8.368099,-7.564538,0.395613,0.604387,1.116279,-0.914902,-0.111340
6.352117,-7.437227,-6.804908,-8.349663,-7.778738,0.369590,0.630410,0.632319,-0.912436,-0.341511
6.362121,-7.446112,-7.045884,-7.918445,-7.606329,0.357701,0.642299,0.400228,-0.472334,-0.160218
6.372124,-7.442631,-7.951314,-6.983711,-7.317729,0.345202,0.654798,-0.508683,0.458920,0.124901
6.382127,-7.438057,-6.882965,-9.012653,-8.303891,0.332801,0.667199,0.555092,-1.574596,-0.865834
6.392131,-7.452842,-7.638441,-7.929380,-7.828910,0.345331,0.654669,-0.185599,-0.476538,-0.376068
6.402134,-7.487023,-6.800315,-7.536789,-7.288821,0.336696,0.663304,0.686708,-0.049766,0.198202
6.412137,-7.526173,-8.271571,-8.845020,-8.647718,0.344062,0.655938,-0.745398,-1.318847,-1.121545
6.422141,-7.540209,-7.814063,-5.384211,-6.299329,0.376615,0.623385,-0.273853,2.155998,1.240880
6.432144,-7.558112,-9.043048,-8.582306,-8.762278,0.390614,0.609386,-1.484937,-1.024195,-1.204167
6.442147,-7.598525,-7.651036,-8.401849,-8.114647,0.382522,0.617478,-0.052511,-0.803324,-0.516122
6.452151,-7.642544,-8.859045,-8.816513,-8.833756,0.405400,0.594600,-1.216501,-1.173970,-1.191212
6.462154,-7.690565,-9.361635,-5.532389,-7.200632,0.435658,0.564342,-1.671070,2.158176,0.489933
6.472157,-7.778944,-7.390952,-7.115458,-7.234887,0.433507,0.566493,0.387992,0.663486,0.544057
6.482161,-7.867960,-7.548851,-8.991871,-8.350662,0.444352,0.555648,0.319110,-1.123910,-0.482701
6.492164,-7.960263,-6.785952,-6.632785,-6.699512,0.435651,0.564349,1.174311,1.327478,1.260750
6.502167,-8.041938,-8.688626,-7.801099,-8.185624,0.433254,0.566746,-0.646688,0.240838,-0.143686
6.512171,-8.095715,-7.483635,-7.787011,-7.655960,0.431976,0.568024,0.612079,0.308704,0.439755
6.522174,-8.132486,-7.306289,-8.545858,-8.021301,0.423177,0.576823,0.826196,-0.413373,0.111185
6.532177,-8.173217,-7.506056,-9.072516,-8.385293,0.438710,0.561290,0.667161,-0.899299,-0.212077
6.542181,-8.230464,-9.468944,-7.825144,-8.551895,0.442116,0.557884,-1.238481,0.405319,-0.321432
6.552184,-8.248996,-8.024951,-8.903101,-8.508794,0.449020,0.550980,0.224045,-0.654105,-0.259798
6.562187,-8.266603,-7.720393,-6.086496,-6.797448,0.435127,0.564873,0.546210,2.180107,1.469155
6.572191,-8.283966,-8.273198,-9.807115,-9.115283,0.451023,0.548977,0.010768,-1.523149,-0.831317
6.582194,-8.301656,-11.431372,-6.458268,-8.489409,0.408425,0.591575,-3.129716,1.843388,-0.187753
6.592197,-8.316339,-8.075605,-8.449922,-8.292976,0.419287,0.580713,0.240734,-0.133583,0.023364
6.602201,-8.333159,-5.014362,-7.974256,-6.701504,0.429999,0.570001,3.318797,0.358903,1.631655
6.612204,-8.358549,-8.898608,-7.358760,-8.012113,0.424297,0.575703,-0.540059,0.999789,0.346437
6.622207,-8.392092,-9.484208,-9.148391,-9.291329,0.425643,0.574357,-1.092116,-0.756299,-0.899237
6.632211,-8.426059,-7.866036,-7.388961,-7.586130,0.413286,0.586714,0.560023,1.037098,0.839929
6.642214,-8.468110,-7.999542,-11.717162,-10.112021,0.431766,0.568234,0.468567,-3.249053,-1.643911
6.652217,-8.520769,-6.731666,-9.384756,-8.279520,0.416584,0.583416,1.789103,-0.863987,0.241249
6.662221,-8.571726,-10.458528,-9.680601,-10.011357,0.425175,0.574825,-1.886802,-1.108875,-1.439631
6.672224,-8.626406,-7.529336,-10.130613,-9.090363,0.399900,0.600100,1.097070,-1.504207,-0.463957
6.682227,-8.658417,-7.772784,-8.916362,-8.496730,0.366946,0.633054,0.885633,-0.257946,0.161686
6.692231,-8.730128,-8.943348,-8.267228,-8.527373,0.384763,0.615237,-0.213220,0.462900,0.202754
6.702234,-8.785323,-8.277292,-7.942131,-8.075252,0.397184,0.602816,0.508031,0.843192,0.710071
6.712237,-8.821717,-7.277530,-8.532665,-8.051233,0.383570,0.616430,1.544186,0.289052,0.770483
6.722241,-8.889138,-7.580665,-9.687971,-8.896326,0.375667,0.624333,1.308473,-0.798832,-0.007188
6.732244,-8.961565,-10.676094,-8.518746,-9.325146,0.373792,0.626208,-1.714529,0.442820,-0.363581
6.742247,-9.039419,-7.809182,-8.890276,-8.491778,0.368607,0.631393,1.230237,0.149143,0.547642
6.752251,-9.138230,-9.235263,-8.014963,-8.503983,0.400737,0.599263,-0.097033,1.123267,0.634248
6.762254,-9.248511,-9.139199,-8.316187,-8.646813,0.401727,0.598273,0.109311,0.932324,0.601697
6.772257,-9.375229,-9.265434,-9.338657,-9.309859,0.393293,0.606707,0.109795,0.036572,0.065370
6.782261,-9.475410,-9.700775,-10.552114,-10.224417,0.384919,0.615081,-0.225364,-1.076704,-0.749007
6.792264,-9.561356,-7.773794,-10.344896,-9.394940,0.369474,0.630526,1.787561,-0.783540,0.166416
6.802267,-9.628056,-9.753633,-10.287803,-10.094649,0.361596,0.638404,-0.125577,-0.659747,-0.466593
6.812271,-9.683798,-11.363117,-10.062117,-10.544210,0.370555,0.629445,-1.679319,-0.378320,-0.860412
6.822274,-9.756364,-10.346659,-9.434703,-9.769846,0.367499,0.632501,-0.590295,0.321661,-0.013482
6.832277,-9.836653,-9.568611,-8.978443,-9.197735,0.371575,0.628425,0.268042,0.858209,0.638918
6.842281,-9.909440,-8.065618,-9.970783,-9.265882,0.369995,0.630005,1.843822,-0.061342,0.643558
6.852284,-10.000414,-9.095772,-9.981064,-9.651585,0.372171,0.627829,0.904642,0.019350,0.348830
6.862287,-10.080511,-11.356314,-9.908544,-10.458972,0.380190,0.619810,-1.275803,0.171968,-0.378460
6.872291,-10.164053,-6.436268,-10.783139,-9.279932,0.345814,0.654186,3.727785,-0.619086,0.884121
6.882294,-10.253050,-9.855887,-11.363521,-10.840682,0.346794,0.653206,0.397163,-1.110471,-0.587632
6.892297,-10.331204,-8.418118,-12.437730,-11.085721,0.336353,0.663647,1.913086,-2.106525,-0.754516
6.902301,-10.402539,-10.630110,-11.236718,-11.032338,0.336923,0.663077,-0.227572,-0.834179,-0.629799
6.912304,-10.479145,-9.679106,-9.911370,-9.833666,0.334551,0.665449,0.800039,0.567775,0.645479
6.922307,-10.538208,-9.279005,-11.381701,-10.726919,0.311401,0.688599,1.259203,-0.843494,-0.188712
6.932311,-10.613368,-8.786076,-10.898737,-10.264809,0.300061,0.699939,1.827292,-0.285368,0.348559
6.942314,-10.679140,-9.093087,-10.119422,-9.813758,0.297821,0.702179,1.586052,0.559718,0.865381
6.952317,-10.735883,-9.427588,-10.111056,-9.910599,0.293294,0.706706,1.308296,0.624827,0.825284
6.962321,-10.797156,-11.269786,-12.092596,-11.866540,0.274736,0.725264,-0.472630,-1.295439,-1.069384
6.972324,-10.853415,-11.711034,-9.656943,-10.234349,0.281101,0.718899,-0.857619,1.196471,0.619065
6.982327,-10.928327,-10.429416,-9.575507,-9.822085,0.288764,0.711236,0.498911,1.352820,1.106242
6.992331,-10.989230,-9.589538,-12.345050,-11.571985,0.280552,0.719448,1.399692,-1.355820,-0.582756
7.002334,-11.052784,-11.386865,-12.041388,-11.860403,0.276514,0.723486,-0.334081,-0.988604,-0.807619
7.012337,-11.124052,-9.526294,-9.694743,-9.647498,0.280470,0.719530,1.597758,1.429309,1.476554
7.022341,-11.179442,-9.000517,-11.355666,-10.706268,0.275735,0.724265,2.178925,-0.176224,0.473174
7.032344,-11.245287,-12.619768,-13.909020,-13.547774,0.280198,0.719802,-1.374481,-2.663734,-2.302487
7.042347,-11.332127,-12.587508,-13.011744,-12.894763,0.275745,0.724255,-1.255381,-1.679618,-1.562636
7.052351,-11.442142,-11.652705,-11.741386,-11.716931,0.275756,0.724244,-0.210563,-0.299244,-0.274789
7.062354,-11.542848,-11.081429,-12.938499,-12.450919,0.262553,0.737447,0.461419,-1.395651,-0.908071
7.072357,-11.662558,-12.449409,-12.158667,-12.234613,0.261217,0.738783,-0.786851,-0.496109,-0.572055
7.082361,-11.755707,-9.727403,-11.716832,-11.227286,0.246073,0.753927,2.028304,0.038875,0.528421
7.092364,-11.879899,-11.243799,-10.125193,-10.411354,0.255819,0.744181,0.636100,1.754706,1.468545
7.102367,-11.978395,-11.919225,-12.326940,-12.218359,0.266317,0.733683,0.059171,-0.348545,-0.239963
7.112371,-12.073530,-14.227394,-10.786480,-11.711356,0.268788,0.731212,-2.153864,1.287050,0.362174
7.122374,-12.169924,-14.143648,-10.455412,-11.491218,0.280841,0.719159,-1.973724,1.714512,0.678706
7.132377,-12.274300,-11.852786,-10.553129,-10.921530,0.283460,0.716540,0.421514,1.721172,1.352770
7.142381,-12.372480,-15.571374,-12.030775,-13.044701,0.286371,0.713629,-3.198893,0.341706,-0.672220
7.152384,-12.471028,-10.952072,-14.826975,-13.697118,0.291583,0.708417,1.518956,-2.355947,-1.226090
7.162387,-12.552830,-12.790060,-11.999840,-12.232997,0.295053,0.704947,-0.237231,0.552990,0.319833
7.172391,-12.632754,-7.768115,-11.374674,-10.376783,0.276688,0.723312,4.864639,1.258080,2.255971
7.182394,-12.710264,-9.248390,-12.807545,-11.865233,0.264757,0.735243,3.461874,-0.097281,0.845031
7.192397,-12.793073,-13.065247,-10.699573,-11.348655,0.274375,0.725625,-0.272174,2.093501,1.444419
7.202401,-12.876571,-13.036077,-11.844771,-12.172960,0.275487,0.724513,-0.159506,1.031800,0.703611
7.212404,-12.955285,-11.461913,-12.273357,-12.049037,0.276445,0.723555,1.493372,0.681928,0.906248
7.222407,-13.059494,-10.504735,-11.755837,-11.407548,0.278385,0.721615,2.554759,1.303657,1.651945
7.232411,-13.183717,-15.640761,-12.783673,-13.571911,0.275888,0.724112,-2.457044,0.400044,-0.388194
7.242414,-13.296543,-15.976106,-16.287915,-16.197204,0.290920,0.709080,-2.679563,-2.991373,-2.900661
7.252417,-13.406580,-14.339632,-14.005547,-14.101108,0.286039,0.713961,-0.933052,-0.598967,-0.694528
7.262421,-13.519157,-12.645050,-12.082555,-12.242179,0.283778,0.716222,0.874106,1.436602,1.276978
7.272424,-13.631232,-12.885922,-14.600342,-14.116193,0.282398,0.717602,0.745310,-0.969110,-0.484961
7.282427,-13.737869,-12.133212,-14.006036,-13.482909,0.279325,0.720675,1.604657,-0.268167,0.254960
7.292431,-13.852390,-15.651936,-15.106193,-15.264354,0.289807,0.710193,-1.799546,-1.253804,-1.411964
7.302434,-13.978356,-17.452572,-11.837649,-13.549299,0.304839,0.695161,-3.474216,2.140707,0.429057
7.312437,-14.101132,-12.814111,-12.083341,-12.309365,0.309295,0.690705,1.287021,2.017791,1.791768
7.322441,-14.238339,-15.480633,-15.298981,-15.355647,0.311945,0.688055,-1.242294,-1.060643,-1.117308
7.332444,-14.369147,-17.396879,-14.192389,-15.201253,0.314828,0.685172,-3.027732,0.176758,-0.832106
7.342447,-14.525232,-14.307636,-15.341825,-15.009768,0.321080,0.678920,0.217596,-0.816593,-0.484535
7.352451,-14.665568,-13.475804,-13.927634,-13.782522,0.321167,0.678833,1.189764,0.737934,0.883046
7.362454,-14.798534,-14.981620,-14.186914,-14.443731,0.323160,0.676840,-0.183086,0.611620,0.354803
7.372457,-14.927394,-15.614167,-13.953347,-14.534242,0.349764,0.650236,-0.686773,0.974047,0.393152
7.382461,-15.041256,-15.280299,-14.642954,-14.871133,0.358016,0.641984,-0.239043,0.398302,0.170122
7.392464,-15.129908,-15.685782,-11.607420,-13.096514,0.365121,0.634879,-0.555874,3.522487,2.033394
7.402467,-15.203167,-17.225237,-16.436675,-16.723589,0.363844,0.636156,-2.022071,-1.233509,-1.520422
7.412471,-15.303892,-16.375913,-17.356616,-16.986536,0.377362,0.622638,-1.072021,-2.052724,-1.682644
7.422474,-15.423610,-14.641690,-15.895318,-15.428729,0.372191,0.627809,0.781920,-0.471708,-0.005119
7.432477,-15.552461,-15.069943,-17.434047,-16.535493,0.380082,0.619918,0.482518,-1.881586,-0.983032
7.442481,-15.680662,-15.428573,-17.471617,-16.673870,0.390470,0.609530,0.252090,-1.790955,-0.993208
7.452484,-15.800843,-17.293565,-17.002420,-17.115326,0.387800,0.612200,-1.492723,-1.201578,-1.314484
7.462487,-15.931669,-16.203924,-17.038296,-16.715739,0.386586,0.613414,-0.272255,-1.106627,-0.784070
7.472491,-16.059432,-19.325029,-17.204974,-18.017039,0.383040,0.616960,-3.265598,-1.145542,-1.957608
7.482494,-16.198270,-15.930555,-15.576407,-15.712331,0.383806,0.616194,0.267715,0.621863,0.485939
7.492497,-16.346003,-14.202717,-16.953430,-15.921670,0.375088,0.624912,2.143287,-0.607427,0.424333
7.502501,-16.514541,-18.725739,-16.729958,-17.448210,0.359885,0.640115,-2.211198,-0.215417,-0.933669
7.512504,-16.696590,-17.575482,-15.623511,-16.311739,0.352581,0.647419,-0.878892,1.073079,0.384851
7.522508,-16.898550,-16.404890,-17.818137,-17.320225,0.352318,0.647682,0.493660,-0.919587,-0.421675
7.532511,-17.114745,-15.235481,-17.432200,-16.681280,0.341837,0.658163,1.879264,-0.317455,0.433465
7.542514,-17.314702,-17.987039,-16.875790,-17.243170,0.330600,0.669400,-0.672337,0.438912,0.071533
7.552518,-17.528501,-18.566876,-19.858382,-19.418521,0.340580,0.659420,-1.038375,-2.329881,-1.890020
7.562521,-17.702386,-20.655771,-20.564273,-20.594497,0.330329,0.669671,-2.953385,-2.861887,-2.892111
7.572524,-17.868524,-17.713367,-17.453183,-17.538729,0.328790,0.671210,0.155157,0.415341,0.329795
7.582528,-18.031557,-14.968443,-17.441140,-16.637354,0.325064,0.674936,3.063114,0.590417,1.394203
7.592531,-18.207139,-17.791101,-15.730075,-16.412060,0.330896,0.669104,0.416038,2.477064,1.795079
7.602534,-18.371865,-18.405284,-18.182151,-18.255034,0.326635,0.673365,-0.033418,0.189714,0.116831
7.612538,-18.544897,-18.061773,-17.561209,-17.732261,0.341717,0.658283,0.483123,0.983688,0.812636
7.622541,-18.715752,-18.732390,-18.950319,-18.871954,0.359591,0.640409,-0.016638,-0.234567,-0.156202
7.632544,-18.847864,-20.067386,-18.491192,-19.052199,0.355926,0.644074,-1.219522,0.356673,-0.204335
7.642548,-18.981153,-17.746233,-16.980445,-17.273534,0.382729,0.617271,1.234920,2.000708,1.707619
7.652551,-19.096937,-18.758294,-21.645728,-20.561199,0.375603,0.624397,0.338642,-2.548791,-1.464263
7.662554,-19.223036,-19.196616,-18.726696,-18.904339,0.378027,0.621973,0.026420,0.496340,0.318697
7.672558,-19.349408,-20.812457,-16.786704,-18.275049,0.369706,0.630294,-1.463049,2.562704,1.074359
7.682561,-19.448965,-17.493703,-19.110524,-18.515429,0.368065,0.631935,1.955262,0.338441,0.933537
7.692564,-19.557728,-18.560674,-17.577040,-17.944458,0.373532,0.626468,0.997054,1.980688,1.613269
7.702568,-19.639086,-20.468467,-20.394141,-20.422204,0.377566,0.622434,-0.829381,-0.755055,-0.783118
7.712571,-19.709665,-18.206928,-19.748122,-19.160008,0.381597,0.618403,1.502737,-0.038457,0.549657
7.722574,-19.788541,-20.534897,-19.748311,-20.045825,0.378234,0.621766,-0.746356,0.040230,-0.257284
7.732578,-19.857772,-21.030777,-22.518881,-21.910996,0.408496,0.591504,-1.173005,-2.661109,-2.053224
7.742581,-19.912277,-21.051831,-21.314090,-21.209108,0.400301,0.599699,-1.139555,-1.401813,-1.296831
7.752584,-19.957345,-22.613948,-21.273595,-21.797639,0.390975,0.609025,-2.656603,-1.316250,-1.840294
7.762588,-20.025877,-19.318563,-19.039397,-19.149285,0.393630,0.606370,0.707314,0.986479,0.876591
7.772591,-20.105178,-22.851896,-19.058595,-20.457708,0.368838,0.631162,-2.746717,1.046584,-0.352530
7.782594,-20.188034,-22.030700,-19.799190,-20.594042,0.356195,0.643805,-1.842666,0.388844,-0.406008
7.792598,-20.271841,-23.385223,-19.282917,-20.685717,0.341954,0.658046,-3.113382,0.988923,-0.413876
7.802601,-20.346170,-20.475274,-20.543149,-20.518456,0.363805,0.636195,-0.129105,-0.196979,-0.172286
7.812604,-20.417684,-20.643165,-18.975366,-19.573690,0.358750,0.641250,-0.225481,1.442318,0.843995
7.822608,-20.509086,-20.999131,-20.498540,-20.677451,0.357400,0.642600,-0.490044,0.010546,-0.168365
7.832611,-20.594602,-22.158469,-20.525165,-21.129785,0.370182,0.629818,-1.563867,0.069437,-0.535183
7.842614,-20.670789,-22.429139,-20.989500,-21.507327,0.359692,0.640308,-1.758351,-0.318711,-0.836538
7.852618,-20.738426,-20.041871,-19.917085,-19.961473,0.355716,0.644284,0.696555,0.821341,0.776952
7.862621,-20.789716,-21.615544,-21.295154,-21.409151,0.355807,0.644193,-0.825828,-0.505439,-0.619435
7.872624,-20.828394,-20.353857,-19.656677,-19.905464,0.356848,0.643152,0.474537,1.171718,0.922930
7.882628,-20.860108,-22.187981,-22.218687,-22.207652,0.359378,0.640622,-1.327873,-1.358579,-1.347544
7.892631,-20.892811,-20.621217,-22.211510,-21.650414,0.352825,0.647175,0.271594,-1.318700,-0.757604
7.902634,-20.950362,-18.995445,-20.125450,-19.723265,0.355915,0.644085,1.954917,0.824912,1.227097
7.912638,-21.001355,-20.122106,-21.107608,-20.761788,0.350907,0.649093,0.879249,-0.106253,0.239567
7.922641,-21.049130,-21.667750,-21.593799,-21.619409,0.346301,0.653699,-0.618621,-0.544670,-0.570279
7.932644,-21.092735,-20.706937,-20.024666,-20.253684,0.335670,0.664330,0.385798,1.068069,0.839051
7.942648,-21.155405,-21.516403,-21.884119,-21.763138,0.329007,0.670993,-0.360998,-0.728714,-0.607732
7.952651,-21.234165,-21.222345,-21.474407,-21.391117,0.330435,0.669565,0.011820,-0.240242,-0.156951
7.962654,-21.296971,-21.785387,-19.617897,-20.324789,0.326134,0.673866,-0.488417,1.679074,0.972182
7.972658,-21.360244,-21.606747,-19.513273,-20.217716,0.336495,0.663505,-0.246503,1.846971,1.142528
7.982661,-21.413168,-21.095028,-19.526290,-20.050166,0.333947,0.666053,0.318140,1.886878,1.363003
7.992664,-21.465562,-22.955600,-21.804113,-22.180454,0.326831,0.673169,-1.490038,-0.338551,-0.714892
8.002668,-21.517404,-23.041222,-20.040561,-21.019968,0.326397,0.673603,-1.523818,1.476843,0.497436
8.012671,-21.555069,-23.604438,-22.693812,-22.989666,0.324891,0.675109,-2.049369,-1.138743,-1.434597
8.022674,-21.600398,-23.933915,-22.688682,-23.084286,0.317695,0.682305,-2.333517,-1.088283,-1.483888
8.032678,-21.644196,-23.369785,-24.464743,-24.106036,0.327599,0.672401,-1.725590,-2.820547,-2.461840
8.042681,-21.694839,-21.321866,-19.687398,-20.225494,0.329218,0.670782,0.372973,2.007442,1.469345
8.052684,-21.751899,-22.923857,-22.788675,-22.832128,0.321442,0.678558,-1.171957,-1.036776,-1.080229
8.062688,-21.813483,-20.842392,-21.965322,-21.609309,0.317039,0.682961,0.971091,-0.151839,0.204174
8.072691,-21.871611,-21.585427,-22.964000,-22.520694,0.321569,0.678431,0.286184,-1.092389,-0.649082
8.082694,-21.936804,-24.622002,-21.102606,-22.195977,0.310670,0.689330,-2.685198,0.834198,-0.259173
8.092698,-21.983031,-20.699564,-22.433791,-21.895604,0.310333,0.689667,1.283467,-0.450760,0.087427
8.102701,-22.042584,-20.491938,-23.608364,-22.610836,0.320087,0.679913,1.550646,-1.565780,-0.568252
8.112704,-22.104821,-23.227722,-21.574826,-22.097893,0.316455,0.683545,-1.122901,0.529995,0.006928
8.122708,-22.173530,-21.141905,-23.894006,-22.995701,0.326407,0.673593,1.031625,-1.720476,-0.822171
8.132711,-22.220397,-23.070361,-23.225283,-23.173701,0.332959,0.667041,-0.849965,-1.004887,-0.953304
8.142714,-22.264221,-21.649488,-24.792488,-23.691799,0.350203,0.649797,0.614733,-2.528267,-1.427578
8.152718,-22.292480,-23.687556,-24.001230,-23.897397,0.331023,0.668977,-1.395075,-1.708750,-1.604916
8.162721,-22.342966,-24.497509,-22.128731,-22.896593,0.324159,0.675841,-2.154543,0.214235,-0.553627
8.172724,-22.389346,-22.395010,-24.746789,-23.937023,0.344321,0.655679,-0.005664,-2.357443,-1.547677
8.182728,-22.422288,-22.005875,-24.199663,-23.424108,0.353523,0.646477,0.416413,-1.777375,-1.001820
8.192731,-22.453930,-22.414998,-22.456772,-22.441844,0.357359,0.642641,0.038932,-0.002843,0.012086
8.202734,-22.469526,-23.576676,-23.121855,-23.282898,0.354082,0.645918,-1.107150,-0.652328,-0.813372
8.212738,-22.492851,-22.390358,-20.102407,-20.924596,0.359356,0.640644,0.102493,2.390444,1.568255
8.222741,-22.494989,-21.355261,-20.294313,-20.685714,0.368916,0.631084,1.139728,2.200676,1.809275
8.232744,-22.462639,-21.760747,-23.504146,-22.878757,0.358718,0.641282,0.701891,-1.041507,-0.416118
8.242748,-22.435796,-21.359369,-21.767231,-21.621299,0.357798,0.642202,1.076427,0.668565,0.814497
8.252751,-22.415689,-22.584742,-21.516550,-21.903298,0.362058,0.637942,-0.169052,0.899139,0.512392
8.262754,-22.373822,-19.746680,-23.090797,-21.841758,0.373503,0.626497,2.627142,-0.716975,0.532064
8.272758,-22.308346,-23.169596,-24.102995,-23.731746,0.397739,0.602261,-0.861250,-1.794650,-1.423400
8.282761,-22.250843,-20.583047,-22.265601,-21.563389,0.417349,0.582651,1.667795,-0.014758,0.687454
8.292764,-22.199757,-19.457021,-22.407172,-21.117326,0.437214,0.562786,2.742736,-0.207415,1.082431
8.302768,-22.153001,-20.428294,-22.675918,-21.727694,0.421878,0.578122,1.724707,-0.522917,0.425307
8.312771,-22.126505,-21.393502,-21.595725,-21.512372,0.412182,0.587818,0.733003,0.530780,0.614133
8.322774,-22.113842,-21.836053,-23.014717,-22.539135,0.403493,0.596507,0.277789,-0.900876,-0.425293
8.332778,-22.116266,-19.458456,-23.498663,-22.001945,0.370456,0.629544,2.657810,-1.382397,0.114321
8.342781,-22.130202,-23.127541,-21.999303,-22.417555,0.370713,0.629287,-0.997339,0.130900,-0.287353
8.352784,-22.144631,-22.429249,-21.681467,-21.963563,0.377244,0.622756,-0.284618,0.463164,0.181068
8.362788,-22.155518,-21.547841,-23.567492,-22.826266,0.367007,0.632993,0.607677,-1.411974,-0.670748
8.372791,-22.143125,-19.049186,-21.029416,-20.327445,0.354490,0.645510,3.093939,1.113709,1.815680
8.382794,-22.145732,-20.305178,-24.270310,-22.925628,0.339127,0.660873,1.840554,-2.124577,-0.779895
8.392798,-22.133570,-22.281291,-22.827306,-22.640184,0.342704,0.657296,-0.147721,-0.693736,-0.506614
8.402801,-22.124641,-21.252310,-22.434252,-22.021756,0.348998,0.651002,0.872331,-0.309610,0.102885
8.412804,-22.116473,-21.666720,-22.879941,-22.452958,0.351942,0.648058,0.449753,-0.763468,-0.336485
8.422808,-22.098198,-21.758199,-22.776271,-22.421748,0.348230,0.651770,0.339999,-0.678073,-0.323549
8.432811,-22.096801,-19.190340,-19.851512,-19.617809,0.353467,0.646533,2.906461,2.245289,2.478992
8.442814,-22.089670,-22.675713,-23.110731,-22.957487,0.352271,0.647729,-0.586043,-1.021061,-0.867817
8.452818,-22.080057,-18.161869,-19.150591,-18.791685,0.363001,0.636999,3.918188,2.929466,3.288373
8.462821,-22.063077,-19.282271,-21.538525,-20.769656,0.340772,0.659228,2.780806,0.524552,1.293421
8.472824,-22.041793,-18.833594,-21.931326,-20.957479,0.314374,0.685626,3.208199,0.110466,1.084314
8.482828,-21.983721,-21.072780,-21.412233,-21.310489,0.299730,0.700270,0.910942,0.571488,0.673233
8.492831,-21.935333,-20.521448,-18.899419,-19.405784,0.312180,0.687820,1.413885,3.035913,2.529549
8.502834,-21.895005,-22.372492,-23.087317,-22.879603,0.290580,0.709420,-0.477487,-1.192312,-0.984598
8.512838,-21.864106,-20.945414,-23.208608,-22.564062,0.284795,0.715205,0.918692,-1.344502,-0.699956
8.522841,-21.841601,-19.361988,-22.747440,-21.817510,0.274684,0.725316,2.479613,-0.905839,0.024090
8.532844,-21.828701,-18.112031,-21.790129,-20.818644,0.264127,0.735873,3.716670,0.038572,1.010057
8.542848,-21.797992,-21.652707,-23.868917,-23.319454,0.247929,0.752071,0.145285,-2.070925,-1.521462
8.552851,-21.746037,-20.454831,-21.719230,-21.409261,0.245151,0.754849,1.291206,0.026807,0.336776
8.562854,-21.702747,-20.056786,-19.670490,-19.768391,0.253436,0.746564,1.645961,2.032257,1.934355
8.572858,-21.672028,-21.859358,-21.490340,-21.584846,0.256103,0.743897,-0.187329,0.181689,0.087182
8.582861,-21.634300,-18.807477,-21.985523,-21.225752,0.239069,0.760931,2.826823,-0.351223,0.408549
8.592864,-21.604931,-20.717673,-22.346724,-21.955225,0.240323,0.759677,0.887259,-0.741793,-0.350294
8.602868,-21.566127,-19.852523,-20.487913,-20.330413,0.247879,0.752121,1.713603,1.078214,1.235714
8.612871,-21.524356,-20.162147,-22.515356,-21.954351,0.238400,0.761600,1.362210,-0.990999,-0.429995
8.622874,-21.505405,-20.615834,-19.289730,-19.622966,0.251290,0.748710,0.889571,2.215675,1.882439
8.632878,-21.463280,-19.366824,-19.143248,-19.200693,0.256939,0.743061,2.096456,2.320032,2.262586
8.642881,-21.394300,-19.577246,-21.086199,-20.697565,0.257552,0.742448,1.817054,0.308101,0.696735
8.652884,-21.334650,-19.718524,-21.348468,-20.933708,0.254463,0.745537,1.616126,-0.013818,0.400943
8.662888,-21.280935,-20.166270,-20.044144,-20.074931,0.252096,0.747904,1.114665,1.236792,1.206004
8.672891,-21.223040,-18.502950,-19.909282,-19.556284,0.251006,0.748994,2.720090,1.313758,1.666755
8.682894,-21.160243,-16.405570,-22.127433,-20.754002,0.240032,0.759968,4.754673,-0.967190,0.406241
8.692898,-21.087694,-18.570171,-21.719560,-20.980075,0.234803,0.765197,2.517523,-0.631866,0.107620
8.702901,-20.985137,-17.149823,-22.571954,-21.343088,0.226639,0.773361,3.835314,-1.586817,-0.357951
8.712904,-20.885439,-20.596190,-20.394561,-20.438097,0.215919,0.784081,0.289249,0.490878,0.447342
8.722908,-20.797916,-18.153247,-19.997962,-19.619853,0.204969,0.795031,2.644669,0.799953,1.178063
8.732911,-20.731256,-19.935837,-22.351167,-21.853651,0.205983,0.794017,0.795419,-1.619911,-1.122394
8.742914,-20.675695,-20.416166,-21.221933,-21.057641,0.203895,0.796105,0.259529,-0.546239,-0.381947
8.752918,-20.620741,-19.221437,-22.237446,-21.637288,0.198991,0.801009,1.399304,-1.616705,-1.016547
8.762921,-20.538979,-16.209324,-21.617538,-20.558675,0.195788,0.804212,4.329655,-1.078560,-0.019697
8.772924,-20.465144,-16.464869,-19.803924,-19.166085,0.191024,0.808976,4.000275,0.661220,1.299060
8.782928,-20.388100,-17.414898,-21.268279,-20.542002,0.188478,0.811522,2.973203,-0.880178,-0.153901
8.792931,-20.311457,-19.968367,-20.672448,-20.537447,0.191742,0.808258,0.343090,-0.360991,-0.225990
8.802934,-20.217141,-17.835977,-22.169915,-21.340033,0.191484,0.808516,2.381164,-1.952774,-1.122892
8.812938,-20.085110,-16.923530,-19.860722,-19.308864,0.187886,0.812114,3.161580,0.224388,0.776246
8.822941,-19.961306,-16.955527,-20.014434,-19.446774,0.185576,0.814424,3.005779,-0.053128,0.514532
8.832944,-19.845091,-19.834862,-20.719842,-20.553247,0.188248,0.811752,0.010229,-0.874751,-0.708156
8.842948,-19.713446,-18.239558,-19.940263,-19.624363,0.185746,0.814254,1.473888,-0.226817,0.089083
8.852951,-19.571836,-16.825143,-19.355482,-18.893061,0.182751,0.817249,2.746693,0.216354,0.678775
8.862954,-19.402809,-15.722118,-20.380650,-19.553726,0.177507,0.822493,3.680691,-0.977842,-0.150918
8.872958,-19.225360,-19.609853,-20.996875,-20.751149,0.177161,0.822839,-0.384493,-1.771515,-1.525789
8.882961,-19.053656,-16.353699,-16.886967,-16.786592,0.188226,0.811774,2.699958,2.166689,2.267064
8.892964,-18.873436,-15.682274,-19.633363,-18.907065,0.183822,0.816178,3.191162,-0.759927,-0.033629
8.902968,-18.676945,-14.392494,-18.793058,-18.000060,0.180204,0.819796,4.284451,-0.116112,0.676886
8.912971,-18.468541,-14.385776,-17.255533,-16.730092,0.183096,0.816904,4.082765,1.213008,1.738449
8.922974,-18.252944,-14.302164,-14.018077,-14.077831,0.210335,0.789665,3.950780,4.234866,4.175113
8.932978,-18.021778,-16.111321,-19.515161,-18.824434,0.202926,0.797074,1.910457,-1.493384,-0.802656
8.942981,-17.773535,-17.491725,-17.233742,-17.286925,0.206150,0.793850,0.281810,0.539793,0.486609
8.952984,-17.505056,-14.917377,-18.354118,-17.681433,0.195733,0.804267,2.587678,-0.849063,-0.176378
8.962988,-17.227383,-12.514233,-17.873931,-16.851648,0.190735,0.809265,4.713150,-0.646548,0.375735
8.972991,-16.952772,-11.618443,-17.817027,-16.661414,0.186432,0.813568,5.334329,-0.864254,0.291358
8.982994,-16.676510,-12.333095,-18.027296,-17.007186,0.179149,0.820851,4.343416,-1.350786,-0.330675
8.992998,-16.382703,-12.427655,-16.432253,-15.777114,0.163597,0.836403,3.955048,-0.049550,0.605590
9.003001,-16.101738,-12.187797,-17.871141,-16.967299,0.159033,0.840967,3.913941,-1.769403,-0.865562
9.013004,-15.815804,-13.272056,-14.679635,-14.445281,0.166495,0.833505,2.543748,1.136169,1.370523
9.023008,-15.536342,-12.320061,-15.470339,-14.935037,0.169922,0.830078,3.216281,0.066004,0.601305
9.033011,-15.257008,-9.308588,-14.750086,-13.816035,0.171653,0.828347,5.948420,0.506922,1.440974
9.043014,-14.959056,-12.894632,-15.518483,-15.068975,0.171316,0.828684,2.064424,-0.559426,-0.109919
9.053018,-14.658834,-8.724960,-15.099478,-14.038387,0.166458,0.833542,5.933874,-0.440645,0.620446
9.063021,-14.358515,-11.296407,-14.013438,-13.575156,0.161309,0.838691,3.062108,0.345077,0.783359
9.073024,-14.079194,-8.512451,-15.476055,-14.405500,0.153736,0.846264,5.566743,-1.396861,-0.326305
9.083028,-13.789239,-12.287421,-14.218828,-13.916480,0.156543,0.843457,1.501818,-0.429589,-0.127241
9.093031,-13.490181,-8.965840,-14.521717,-13.666872,0.153863,0.846137,4.524341,-1.031536,-0.176691
9.103034,-13.159273,-10.585498,-14.227955,-13.683954,0.149350,0.850650,2.573775,-1.068683,-0.524681
9.113038,-12.833643,-11.244169,-15.365449,-14.753832,0.148405,0.851595,1.589474,-2.531806,-1.920189
9.123041,-12.505377,-8.431756,-10.898185,-10.534788,0.147337,0.852663,4.073620,1.607192,1.970588
9.133044,-12.174026,-6.880555,-12.997873,-12.177587,0.134092,0.865908,5.293472,-0.823847,-0.003560
9.143048,-11.819677,-9.274380,-10.423626,-10.263654,0.139198,0.860802,2.545297,1.396051,1.556024
9.153051,-11.467466,-9.869836,-10.184915,-10.139542,0.144005,0.855995,1.597630,1.282551,1.327924
9.163054,-11.111774,-7.369942,-12.654973,-11.945076,0.134322,0.865678,3.741832,-1.543200,-0.833302
9.173058,-10.747675,-6.965784,-12.053768,-11.415326,0.125480,0.874520,3.781890,-1.306093,-0.667651
9.183061,-10.381505,-5.612537,-7.308901,-7.066774,0.142733,0.857267,4.768968,3.072604,3.314731
9.193064,-10.022763,-4.618438,-7.921652,-7.431004,0.148537,0.851463,5.404325,2.101111,2.591759
9.203068,-9.661828,-5.737573,-9.699650,-9.099463,0.151483,0.848517,3.924255,-0.037822,0.562365
9.213071,-9.285510,-2.455433,-8.976663,-8.047673,0.142456,0.857544,6.830078,0.308848,1.237838
9.223074,-8.925343,-4.508723,-9.682359,-8.984256,0.134935,0.865065,4.416620,-0.757016,-0.058913
9.233078,-8.563901,-4.969829,-8.045078,-7.627267,0.135862,0.864138,3.594073,0.518823,0.936634
9.243081,-8.213685,-6.483878,-9.074303,-8.729677,0.133038,0.866962,1.729806,-0.860618,-0.515992
9.253084,-7.846242,-4.059630,-10.285067,-9.459472,0.132616,0.867384,3.786613,-2.438825,-1.613229
9.263088,-7.502383,-3.792917,-9.088250,-8.380324,0.133689,0.866311,3.709466,-1.585867,-0.877941
9.273091,-7.167595,-1.479646,-7.142284,-6.404802,0.130237,0.869763,5.687949,0.025311,0.762793
9.283094,-6.827819,-1.853157,-8.185099,-7.368381,0.128984,0.871016,4.974662,-1.357281,-0.540562
9.293098,-6.465239,-3.919911,-6.545972,-6.210409,0.127782,0.872218,2.545328,-0.080733,0.254830
9.303101,-6.104370,-1.498163,-7.393964,-6.646125,0.126842,0.873158,4.606208,-1.289593,-0.541755
9.313104,-5.752552,-0.363984,-6.691376,-5.906871,0.123985,0.876015,5.388568,-0.938825,-0.154320
9.323108,-5.373219,1.333544,-4.349421,-3.641640,0.124544,0.875456,6.706763,1.023798,1.731579
9.333111,-5.016366,0.763051,-4.719389,-4.042627,0.123442,0.876558,5.779416,0.296977,0.973739
9.343114,-4.693208,0.929667,-4.704805,-4.019582,0.121613,0.878387,5.622875,-0.011597,0.673626
9.353118,-4.364096,0.241083,-3.309340,-2.874785,0.122395,0.877605,4.605179,1.054757,1.489311
9.363121,-4.043174,1.087789,-3.466443,-2.903138,0.123688,0.876312,5.130963,0.576730,1.140035
9.373124,-3.738211,2.717986,-2.002335,-1.411594,0.125149,0.874851,6.456197,1.735876,2.326617
9.383128,-3.423234,-0.807015,-3.975065,-3.601866,0.117801,0.882199,2.616219,-0.551831,-0.178632
9.393131,-3.105229,1.019441,-3.620791,-3.075301,0.117557,0.882443,4.124670,-0.515562,0.029928
9.403134,-2.796321,0.727100,-4.357653,-3.757269,0.118075,0.881925,3.523421,-1.561331,-0.960948
9.413138,-2.507236,2.777212,-3.022013,-2.356370,0.114781,0.885219,5.284449,-0.514777,0.150866
9.423141,-2.205642,4.388855,-1.047919,-0.519605,0.097174,0.902826,6.594497,1.157724,1.686038
9.433144,-1.894899,1.992248,-0.334914,-0.105385,0.098631,0.901369,3.887147,1.559985,1.789514
9.443148,-1.586264,-0.355667,-0.433898,-0.426309,0.097014,0.902986,1.230597,1.152366,1.159956
9.453151,-1.250547,2.980620,-3.403578,-2.767338,0.099658,0.900342,4.231167,-2.153030,-1.516791
9.463154,-0.931553,5.321601,0.368221,0.865673,0.100427,0.899573,6.253154,1.299774,1.797226
9.473158,-0.636080,5.086753,-2.842302,-2.019232,0.103804,0.896196,5.722833,-2.206222,-1.383153
9.483161,-0.351576,5.240536,0.726165,1.197803,0.104475,0.895525,5.592112,1.077741,1.549379
9.493164,-0.068325,4.494962,-0.509667,0.012115,0.104260,0.895740,4.563288,-0.441341,0.080441
9.503168,0.218009,3.316185,1.061049,1.296453,0.104386,0.895614,3.098176,0.843040,1.078444
9.513171,0.500152,6.323261,-1.098786,-0.333997,0.103043,0.896957,5.823109,-1.598938,-0.834149
9.523174,0.787012,4.619202,2.192413,2.443775,0.103578,0.896422,3.832189,1.405401,1.656763
9.533178,1.054525,9.447727,-0.703444,0.354653,0.104234,0.895766,8.393202,-1.757970,-0.699872
9.543181,1.343160,7.349422,0.541014,1.247316,0.103740,0.896260,6.006262,-0.802146,-0.095844
9.553184,1.629985,5.942959,0.432271,1.014356,0.105628,0.894372,4.312974,-1.197714,-0.615629
9.563188,1.932995,6.233309,-0.172146,0.514431,0.107186,0.892814,4.300313,-2.105142,-1.418565
9.573191,2.240541,7.351961,2.353974,2.888642,0.106977,0.893023,5.111420,0.113433,0.648101
9.583194,2.554323,7.479351,4.721630,5.022532,0.109113,0.890887,4.925028,2.167307,2.468209
9.593198,2.876024,9.869000,6.076310,6.507377,0.113657,0.886343,6.992976,3.200286,3.631353
9.603201,3.203796,8.834591,3.320383,3.939835,0.112337,0.887663,5.630795,0.116587,0.736039
9.613204,3.540555,7.827723,4.880572,5.202089,0.109094,0.890906,4.287168,1.340018,1.661534
9.623208,3.896577,12.150298,4.175090,5.018783,0.105789,0.894211,8.253721,0.278514,1.122206
9.633211,4.254835,9.780302,4.853494,5.373745,0.105596,0.894404,5.525468,0.598660,1.118910
9.643214,4.623011,11.261220,4.212433,4.940725,0.103322,0.896678,6.638209,-0.410578,0.317714
9.653218,4.989105,9.595160,5.223197,5.668018,0.101744,0.898256,4.606055,0.234092,0.678913
9.663221,5.376068,11.472581,6.021043,6.567173,0.100179,0.899821,6.096513,0.644974,1.191105
9.673224,5.752112,11.804061,5.057960,5.723198,0.098611,0.901389,6.051949,-0.694152,-0.028914
9.683228,6.154418,8.938673,6.061425,6.329492,0.093168,0.906832,2.784255,-0.092993,0.175074
9.693231,6.555317,15.230403,6.485200,7.259604,0.088552,0.911448,8.675087,-0.070116,0.704287
9.703234,6.933952,14.555537,7.925636,8.509935,0.088131,0.911869,7.621585,0.991684,1.575983
9.713238,7.313751,12.437022,6.034513,6.605768,0.089224,0.910776,5.123271,-1.279239,-0.707984
9.723241,7.682576,11.781679,7.620725,7.991922,0.089210,0.910790,4.099104,-0.061851,0.309347
9.733244,8.063272,14.370568,10.357679,10.725075,0.091554,0.908446,6.307296,2.294407,2.661803
9.743248,8.433417,14.382862,9.830290,10.250127,0.092220,0.907780,5.949445,1.396872,1.816710
9.753251,8.796130,15.182476,10.415145,10.851398,0.091509,0.908491,6.386346,1.619015,2.055268
9.763254,9.129774,15.303428,9.159092,9.714310,0.090363,0.909637,6.173654,0.029318,0.584536
9.773258,9.455966,16.135060,9.841163,10.408918,0.090207,0.909793,6.679094,0.385197,0.952952
9.783261,9.745147,17.869283,10.947831,11.568227,0.089634,0.910366,8.124136,1.202683,1.823079
9.793264,10.009992,16.848769,11.882299,12.331139,0.090374,0.909626,6.838777,1.872307,2.321148
9.803268,10.285713,14.731297,7.943789,8.577261,0.093329,0.906671,4.445584,-2.341923,-1.708452
9.813271,10.572670,18.670026,8.994140,9.899239,0.093542,0.906458,8.097356,-1.578530,-0.673430
9.823274,10.865434,19.413313,12.436767,13.089529,0.093565,0.906435,8.547878,1.571333,2.224095
9.833278,11.143109,21.991595,10.810841,11.833913,0.091503,0.908497,10.848486,-0.332267,0.690804
9.843281,11.419512,15.888117,10.613447,11.098925,0.092039,0.907961,4.468605,-0.806065,-0.320587
9.853284,11.695309,18.246923,10.190315,10.929555,0.091756,0.908244,6.551614,-1.504993,-0.765753
9.863288,11.953178,15.050766,11.287158,11.630941,0.091344,0.908656,3.097588,-0.666020,-0.322237
9.873291,12.233083,19.316987,10.550240,11.344843,0.090638,0.909362,7.083904,-1.682843,-0.888240
9.883294,12.525588,17.990913,15.034901,15.309483,0.092889,0.907111,5.465325,2.509313,2.783895
9.893298,12.814194,22.020433,12.787271,13.633444,0.091645,0.908355,9.206239,-0.026923,0.819250
9.903301,13.102626,18.295219,13.033085,13.509815,0.090596,0.909404,5.192593,-0.069541,0.407189
9.913304,13.393607,17.247792,14.099299,14.384741,0.090660,0.909340,3.854185,0.705692,0.991134
9.923308,13.653380,19.367889,14.808194,15.220322,0.090385,0.909615,5.714509,1.154814,1.566942
9.933311,13.908925,17.400543,15.043991,15.252056,0.088292,0.911708,3.491618,1.135066,1.343131
9.943314,14.153730,21.768674,15.442077,15.988921,0.086436,0.913564,7.614943,1.288346,1.835191
9.953318,14.383021,17.807136,13.626006,13.986224,0.086153,0.913847,3.424115,-0.757015,-0.396797
9.963321,14.607637,21.205507,14.250197,14.844812,0.085491,0.914509,6.597870,-0.357440,0.237175
9.973324,14.858769,18.330680,15.781607,15.995730,0.084000,0.916000,3.471911,0.922838,1.136961
9.983328,15.119011,21.260638,14.486144,15.056271,0.084158,0.915842,6.141627,-0.632867,-0.062740
9.993331,15.370165,24.490751,15.364037,16.124807,0.083356,0.916644,9.120586,-0.006128,0.754642
10.003334,15.629406,22.859341,16.107922,16.665181,0.082540,0.917460,7.229935,0.478517,1.035776
10.013338,15.909118,21.336286,16.851340,17.216431,0.081404,0.918596,5.427168,0.942222,1.307313
10.023341,16.202140,22.911188,14.068923,14.811395,0.083969,0.916031,6.709048,-2.133217,-1.390745
10.033344,16.495471,23.311794,17.353166,17.845320,0.082595,0.917405,6.816323,0.857695,1.349848
10.043348,16.778511,24.310199,16.498042,17.135869,0.081645,0.918355,7.531688,-0.280469,0.357358
10.053351,17.071459,21.877358,17.920408,18.236264,0.079823,0.920177,4.805900,0.848949,1.164805
10.063354,17.369723,25.148206,18.302041,18.815110,0.074943,0.925057,7.778483,0.932318,1.445388
10.073358,17.680818,20.547307,19.610316,19.681283,0.075739,0.924261,2.866489,1.929498,2.000465
10.083361,18.000818,24.012513,19.624963,19.956748,0.075620,0.924380,6.011695,1.624144,1.955930
10.093364,18.335922,24.593478,19.951808,20.292610,0.073422,0.926578,6.257556,1.615886,1.956688
10.103368,18.662327,26.635729,20.394732,20.853294,0.073476,0.926524,7.973402,1.732404,2.190967
10.113371,19.007840,26.098643,19.357495,19.848915,0.072899,0.927101,7.090802,0.349655,0.841075
10.123374,19.355627,24.337583,19.394249,19.757888,0.073561,0.926439,4.981956,0.038622,0.402261
10.133378,19.733846,25.380102,20.781227,21.120633,0.073802,0.926198,5.646256,1.047380,1.386787
10.143381,20.100971,27.556182,20.979468,21.461314,0.073265,0.926735,7.455211,0.878497,1.360342
10.153384,20.493402,27.565436,20.122522,20.665533,0.072957,0.927043,7.072034,-0.370879,0.172131
10.163388,20.888016,27.243410,21.373804,21.801784,0.072915,0.927085,6.355394,0.485788,0.913768
10.173391,21.272070,27.808344,21.229954,21.704121,0.072079,0.927921,6.536274,-0.042116,0.432051
10.183394,21.648097,29.983319,20.623378,21.291763,0.071409,0.928591,8.335222,-1.024719,-0.356335
10.193398,22.018567,28.566443,23.567120,23.934060,0.073398,0.926602,6.547876,1.548553,1.915493
10.203401,22.394659,29.620382,22.460898,22.984696,0.073161,0.926839,7.225723,0.066239,0.590037
10.213404,22.777841,33.424050,25.236291,25.841497,0.073916,0.926084,10.646209,2.458450,3.063656
10.223408,23.151651,28.440876,21.201060,21.742963,0.074850,0.925150,5.289225,-1.950591,-1.408688
10.233411,23.524348,28.204778,22.856214,23.244711,0.072636,0.927364,4.680430,-0.668135,-0.279637
10.243414,23.928434,32.595457,23.967601,24.578596,0.070817,0.929183,8.667023,0.039167,0.650162
10.253418,24.357625,30.864744,25.722482,26.085573,0.070609,0.929391,6.507119,1.364857,1.727948
10.263421,24.792502,31.873674,25.271866,25.738714,0.070715,0.929285,7.081172,0.479363,0.946212
10.273424,25.227080,31.647319,25.599647,26.027377,0.070726,0.929274,6.420239,0.372567,0.800297
10.283428,25.662589,32.898307,24.309872,24.908060,0.069650,0.930350,7.235718,-1.352717,-0.754529
10.293431,26.106429,36.163100,24.718100,25.469464,0.065650,0.934350,10.056670,-1.388330,-0.636965
10.303434,26.534041,35.429541,26.921046,27.466615,0.064121,0.935879,8.895500,0.387006,0.932575
10.313438,26.956936,35.976024,25.320009,25.998555,0.063677,0.936323,9.019088,-1.636927,-0.958381
10.323441,27.353957,32.988813,26.715703,27.107397,0.062440,0.937560,5.634857,-0.638253,-0.246559
10.333444,27.756172,33.822083,28.357272,28.715543,0.065560,0.934440,6.065912,0.601101,0.959372
10.343448,28.167290,31.734759,26.988501,27.298476,0.065309,0.934691,3.567469,-1.178789,-0.868814
10.353451,28.570338,35.215799,30.496766,30.823205,0.069175,0.930825,6.645461,1.926427,2.252866
10.363454,28.996191,38.324222,30.464914,31.020540,0.070697,0.929303,9.328031,1.468724,2.024350
10.373458,29.402805,38.104646,27.517101,28.256975,0.069882,0.930118,8.701841,-1.885704,-1.145830
10.383461,29.786640,37.414236,28.667794,29.240324,0.065459,0.934541,7.627596,-1.118845,-0.546316
10.393464,30.173074,38.132935,27.430141,28.150183,0.067276,0.932724,7.959861,-2.742933,-2.022891
10.403468,30.574442,37.567869,29.635332,30.165721,0.066863,0.933137,6.993428,-0.939110,-0.408720
10.413471,31.000266,39.367605,31.919932,32.423912,0.067670,0.932330,8.367339,0.919666,1.423647
10.423474,31.418355,40.660818,30.921681,31.563772,0.065929,0.934071,9.242463,-0.496674,0.145417
10.433478,31.851788,37.555048,32.404745,32.742218,0.065525,0.934475,5.703260,0.552957,0.890430
10.443481,32.283777,40.893783,30.456976,31.125797,0.064083,0.935917,8.610007,-1.826801,-1.157980
10.453484,32.712312,42.304944,33.669882,34.230956,0.064976,0.935024,9.592632,0.957570,1.518644
10.463488,33.153245,40.758019,32.487114,33.023875,0.064898,0.935102,7.604774,-0.666131,-0.129370
10.473491,33.603081,42.915002,33.617685,34.210610,0.063774,0.936226,9.311920,0.014604,0.607529
10.483494,34.028372,46.544668,33.916922,34.706936,0.062562,0.937438,12.516296,-0.111449,0.678564
10.493498,34.474960,42.646205,32.949101,33.560240,0.063023,0.936977,8.171245,-1.525858,-0.914719
10.503501,34.941356,43.892521,33.557655,34.204180,0.062558,0.937442,8.951165,-1.383701,-0.737176
10.513505,35.397436,42.684999,36.558789,36.952346,0.064242,0.935758,7.287563,1.161353,1.554911
10.523508,35.858541,44.558511,36.337331,36.859024,0.063457,0.936543,8.699970,0.478791,1.000483
10.533511,36.326134,45.478080,37.586193,38.101946,0.065352,0.934648,9.151946,1.260059,1.775812
10.543515,36.796702,45.583949,37.186292,37.742294,0.066209,0.933791,8.787247,0.389590,0.945592
10.553518,37.258074,44.256959,37.429663,37.880930,0.066097,0.933903,6.998885,0.171589,0.622856
10.563521,37.708450,46.579865,35.637237,36.357631,0.065834,0.934166,8.871416,-2.071213,-1.350818
10.573525,38.157541,48.946152,37.833101,38.537254,0.063363,0.936637,10.788612,-0.324440,0.379713
10.583528,38.623325,47.925041,38.590464,39.169517,0.062033,0.937967,9.301716,-0.032861,0.546193
10.593531,39.096331,49.201519,41.440060,41.940267,0.064448,0.935552,10.105188,2.343729,2.843936
10.603535,39.562832,47.902966,40.387180,40.865288,0.063614,0.936386,8.340134,0.824348,1.302455
10.613538,40.039976,49.893923,41.883249,42.407288,0.065418,0.934582,9.853947,1.843273,2.367312
10.623541,40.473437,49.654881,41.190482,41.743360,0.065318,0.934682,9.181444,0.717045,1.269923
10.633545,40.923263,48.292883,40.069699,40.595516,0.063943,0.936057,7.369621,-0.853564,-0.327746
10.643548,41.346093,50.653306,41.486642,42.063148,0.062892,0.937108,9.307213,0.140549,0.717055
10.653551,41.762641,49.137973,42.046110,42.492476,0.062941,0.937059,7.375331,0.283468,0.729835
10.663555,42.161561,50.108562,41.034575,41.601020,0.062425,0.937575,7.947001,-1.126987,-0.560541
10.673558,42.540263,51.754022,42.078998,42.678516,0.061965,0.938035,9.213758,-0.461265,0.138253
10.683561,42.935620,52.344697,42.688700,43.286497,0.061909,0.938091,9.409077,-0.246920,0.350877
10.693565,43.323171,50.535978,45.249915,45.574532,0.061410,0.938590,7.212807,1.926744,2.251362
10.703568,43.715144,54.326223,41.218255,42.045577,0.063116,0.936884,10.611079,-2.496889,-1.669567
10.713571,44.105629,54.027184,45.552611,46.064377,0.060388,0.939612,9.921555,1.446982,1.958747
10.723575,44.502489,52.542387,43.378335,43.930413,0.060244,0.939756,8.039897,-1.124154,-0.572076
10.733578,44.899708,51.723766,43.253213,43.770532,0.061073,0.938927,6.824058,-1.646495,-1.129176
10.743581,45.276887,54.223410,46.692818,47.157647,0.061725,0.938275,8.946523,1.415931,1.880760
10.753585,45.668256,54.196665,46.546534,47.006839,0.060170,0.939830,8.528409,0.878278,1.338583
10.763588,46.051436,55.451916,47.556859,48.029535,0.059870,0.940130,9.400480,1.505422,1.978099
10.773591,46.410501,55.130040,47.371343,47.830841,0.059224,0.940776,8.719539,0.960842,1.420340
10.783595,46.762426,53.048899,49.234240,49.464425,0.060342,0.939658,6.286474,2.471814,2.702000
10.793598,47.136158,55.884742,47.806627,48.297579,0.060776,0.939224,8.748583,0.670469,1.161421
10.803601,47.521897,56.428017,47.334124,47.887604,0.060863,0.939137,8.906120,-0.187773,0.365707
10.813605,47.901634,58.250119,48.313145,48.917040,0.060773,0.939227,10.348485,0.411512,1.015407
10.823608,48.275373,56.659511,49.767535,50.186623,0.060808,0.939192,8.384139,1.492163,1.911250
10.833611,48.643539,60.626434,47.708289,48.496372,0.061006,0.938994,11.982895,-0.935250,-0.147167
10.843615,49.042121,55.672988,48.259855,48.719254,0.061971,0.938029,6.630867,-0.782266,-0.322867
10.853618,49.445634,60.944158,49.074882,49.785110,0.059838,0.940162,11.498524,-0.370752,0.339476
10.863621,49.854791,59.083530,47.329292,48.063068,0.062427,0.937573,9.228739,-2.525499,-1.791723
10.873625,50.278584,61.166624,50.444279,51.104627,0.061586,0.938414,10.888040,0.165694,0.826042
10.883628,50.705112,60.456921,48.441757,49.207805,0.063757,0.936243,9.751809,-2.263354,-1.497306
10.893631,51.126900,62.501785,51.190572,51.875433,0.060547,0.939453,11.374885,0.063671,0.748533
10.903635,51.544900,60.662854,52.583248,53.069232,0.060150,0.939850,9.117954,1.038348,1.524332
10.913638,51.960990,60.045501,51.388738,51.909270,0.060130,0.939870,8.084511,-0.572252,-0.051719
10.923641,52.375689,64.272332,54.388228,54.988688,0.060750,0.939250,11.896643,2.012539,2.612999
10.933645,52.800473,62.429583,51.047872,51.750673,0.061748,0.938252,9.629110,-1.752601,-1.049801
10.943648,53.225187,63.390301,54.654700,55.183546,0.060539,0.939461,10.165114,1.429513,1.958359
10.953651,53.660041,65.378390,54.470206,55.127560,0.060262,0.939738,11.718349,0.810164,1.467518
10.963655,54.092815,62.444548,52.033575,52.670293,0.061158,0.938842,8.351733,-2.059240,-1.422521
10.973658,54.525903,65.352249,57.778856,58.269385,0.064770,0.935230,10.826347,3.252953,3.743482
10.983661,54.928151,64.009864,54.851657,55.450416,0.065380,0.934620,9.081713,-0.076494,0.522265
10.993665,55.343340,65.145086,54.290359,54.985088,0.064002,0.935998,9.801746,-1.052981,-0.358251
11.003668,55.762896,65.871314,54.074391,54.817052,0.062954,0.937046,10.108418,-1.688505,-0.945843
11.013671,56.196582,63.912805,55.932561,56.432518,0.062649,0.937351,7.716222,-0.264022,0.235935
11.023675,56.585958,65.350813,56.433070,56.990570,0.062516,0.937484,8.764855,-0.152888,0.404612
11.033678,57.005880,68.932155,57.129055,57.859582,0.061893,0.938107,11.926275,0.123175,0.853701
11.043681,57.422869,68.618377,57.065514,57.775770,0.061479,0.938521,11.195508,-0.357355,0.352900
11.053685,57.855647,67.594463,58.615517,59.168976,0.061640,0.938360,9.738817,0.759870,1.313329
11.063688,58.271960,68.435977,57.806804,58.436113,0.059206,0.940794,10.164016,-0.465156,0.164153
11.073691,58.696633,68.021155,56.374676,57.073410,0.059995,0.940005,9.324523,-2.321957,-1.623222
11.083695,59.104654,70.871971,58.925421,59.636477,0.059520,0.940480,11.767317,-0.179234,0.531822
11.093698,59.502504,68.900971,56.661530,57.391696,0.059657,0.940343,9.398468,-2.840973,-2.110808
11.103701,59.928268,69.941583,60.352792,60.926735,0.059856,0.940144,10.013315,0.424525,0.998467
11.113705,60.350320,71.701472,59.175160,59.909927,0.058658,0.941342,11.351152,-1.175160,-0.440393
11.123708,60.774790,69.207395,60.970822,61.455033,0.058788,0.941212,8.432605,0.196032,0.680243
11.133711,61.211461,73.114862,62.788351,63.406743,0.059884,0.940116,11.903401,1.576890,2.195282
11.143715,61.654695,68.890775,60.516196,61.017648,0.059878,0.940122,7.236080,-1.138498,-0.637047
11.153718,62.099298,74.042089,63.372806,64.019442,0.060607,0.939393,11.942791,1.273508,1.920143
11.163721,62.548487,71.454356,62.028419,62.595350,0.060146,0.939854,8.905870,-0.520067,0.046863
11.173725,63.032828,72.100218,65.136662,65.574174,0.062829,0.937171,9.067390,2.103834,2.541346
11.183728,63.515337,70.078315,63.077154,63.517423,0.062885,0.937115,6.562978,-0.438183,0.002086
11.193731,63.999897,72.682253,62.991305,63.583329,0.061090,0.938910,8.682356,-1.008592,-0.416568
11.203735,64.499248,72.270641,65.323934,65.744969,0.060609,0.939391,7.771394,0.824686,1.245721
11.213738,65.014182,73.400372,64.491235,65.023866,0.059785,0.940215,8.386189,-0.522948,0.009684
11.223741,65.545893,74.604140,64.536153,65.133732,0.059354,0.940646,9.058248,-1.009739,-0.412161
11.233745,66.086121,76.753577,65.512713,66.167575,0.058257,0.941743,10.667457,-0.573408,0.081454
11.243748,66.608123,76.116853,66.554595,67.106798,0.057748,0.942252,9.508729,-0.053528,0.498675
11.253751,67.153583,76.778978,68.764199,69.242969,0.059736,0.940264,9.625395,1.610616,2.089385
11.263755,67.680757,75.167913,65.359852,65.938578,0.059005,0.940995,7.487156,-2.320905,-1.742179
11.273758,68.211416,75.987275,68.239113,68.695395,0.058889,0.941111,7.775859,0.027697,0.483979
11.283761,68.729700,80.491332,69.479584,70.099517,0.056297,0.943703,11.761633,0.749884,1.369817
11.293765,69.245984,77.173283,69.478123,69.910572,0.056198,0.943802,7.927299,0.232138,0.664588
11.303768,69.766168,81.247136,71.338006,71.909711,0.057695,0.942305,11.480968,1.571838,2.143543
11.313771,70.290132,78.888751,70.200918,70.700344,0.057486,0.942514,8.598619,-0.089214,0.410212
11.323775,70.819377,79.752574,70.597915,71.106137,0.055515,0.944485,8.933198,-0.221462,0.286761
11.333778,71.371769,81.873637,72.082564,72.635229,0.056446,0.943554,10.501869,0.710795,1.263460
11.343781,71.929859,82.700573,72.049035,72.649757,0.056398,0.943602,10.770715,0.119177,0.719899
11.353785,72.483170,81.146383,72.014680,72.532100,0.056662,0.943338,8.663213,-0.468490,0.048930
11.363788,73.049836,81.263458,73.669209,74.100032,0.056730,0.943270,8.213622,0.619373,1.050196
11.373791,73.633211,82.311872,72.850177,73.385647,0.056593,0.943407,8.678661,-0.783034,-0.247564
11.383795,74.197005,83.433039,73.463593,74.021511,0.055963,0.944037,9.236033,-0.733413,-0.175494
11.393798,74.768633,84.801240,74.135040,74.731453,0.055916,0.944084,10.032608,-0.633593,-0.037179
11.403801,75.349635,84.018187,76.973318,77.376550,0.057238,0.942762,8.668552,1.623683,2.026915
11.413805,75.925011,85.482103,72.059791,72.856869,0.059385,0.940615,9.557092,-3.865220,-3.068142
11.423808,76.519872,87.572730,76.994591,77.602978,0.057514,0.942486,11.052857,0.474719,1.083106
11.433811,77.111293,86.245130,77.152419,77.679175,0.057932,0.942068,9.133837,0.041126,0.567883
11.443815,77.703414,86.699322,75.686370,76.304606,0.056137,0.943863,8.995907,-2.017045,-1.398808
11.453818,78.291755,84.508372,78.663428,78.993111,0.056405,0.943595,6.216617,0.371672,0.701356
11.463821,78.879154,83.394597,79.450056,79.676861,0.057498,0.942502,4.515443,0.570902,0.797707
11.473825,79.448933,88.459590,80.156500,80.585359,0.051651,0.948349,9.010657,0.707567,1.136426
11.483828,79.995972,88.248384,76.813778,77.415596,0.052631,0.947369,8.252412,-3.182194,-2.580376
11.493831,80.565834,88.154864,82.205501,82.535250,0.055426,0.944574,7.589030,1.639667,1.969415
11.503835,81.121852,89.814907,80.236568,80.768861,0.055573,0.944427,8.693055,-0.885284,-0.352992
11.513838,81.661888,89.865596,82.485769,82.901530,0.056338,0.943662,8.203709,0.823881,1.239643
11.523841,82.168542,92.121082,83.057831,83.571427,0.056668,0.943332,9.952540,0.889289,1.402885
11.533845,82.664599,91.021190,81.612562,82.144344,0.056521,0.943479,8.356591,-1.052037,-0.520255
11.543848,83.139817,90.213412,83.932369,84.292995,0.057415,0.942585,7.073595,0.792552,1.153178
11.553851,83.638715,93.284499,83.176123,83.740524,0.055835,0.944165,9.645784,-0.462592,0.101809
11.563855,84.151762,91.953156,81.666110,82.256294,0.057372,0.942628,7.801394,-2.485653,-1.895468
11.573858,84.653462,93.536912,86.054752,86.490745,0.058271,0.941729,8.883451,1.401290,1.837284
11.583861,85.187944,92.532028,84.257890,84.744305,0.058787,0.941213,7.344085,-0.930054,-0.443639
11.593865,85.736084,92.788099,84.710691,85.177315,0.057769,0.942231,7.052016,-1.025392,-0.558768
11.603868,86.278255,94.397818,85.794576,86.289763,0.057558,0.942442,8.119563,-0.483679,0.011508
11.613871,86.781850,94.760959,87.108534,87.554076,0.058222,0.941778,7.979109,0.326684,0.772226
11.623875,87.318803,95.964965,87.250078,87.756225,0.058078,0.941922,8.646162,-0.068724,0.437423
11.633878,87.833838,95.323846,88.491518,88.884428,0.057507,0.942493,7.490008,0.657680,1.050590
11.643881,88.323162,93.428154,86.715775,87.105700,0.058091,0.941909,5.104992,-1.607387,-1.217462
11.653885,88.826846,96.003772,87.935982,88.402853,0.057869,0.942131,7.176926,-0.890864,-0.423992
11.663888,89.366119,98.349488,89.226922,89.754607,0.057844,0.942156,8.983370,-0.139196,0.388488
11.673891,89.925077,97.238210,92.202542,92.494953,0.058068,0.941932,7.313133,2.277465,2.569876
11.683895,89.508624,96.864801,89.372049,89.811006,0.058584,0.941416,7.356177,-0.136575,0.302382
11.693898,88.952379,98.124251,90.254646,90.716772,0.058723,0.941277,9.171872,1.302267,1.764393
11.703901,88.410047,95.000950,88.456314,88.857196,0.061254,0.938746,6.590903,0.046266,0.447149
11.713905,87.880184,93.191398,87.299794,87.697257,0.067463,0.932537,5.311213,-0.580390,-0.182927
11.723908,87.355599,94.706626,87.059530,87.629190,0.074494,0.925506,7.351027,-0.296069,0.273591
11.733911,86.833626,93.665894,86.631522,87.216472,0.083156,0.916844,6.832268,-0.202104,0.382846
11.743915,86.311758,92.387472,87.036133,87.518598,0.090158,0.909842,6.075714,0.724375,1.206839
11.753918,85.779624,93.008195,87.429158,87.965764,0.096183,0.903817,7.228571,1.649534,2.186140
11.763921,85.244345,93.439797,85.675962,86.489151,0.104741,0.895259,8.195452,0.431617,1.244806
11.773925,84.684741,92.095558,86.109235,86.789675,0.113666,0.886334,7.410816,1.424493,2.104934
11.783928,84.124782,91.976558,82.967034,84.182987,0.134963,0.865037,7.851776,-1.157748,0.058205
11.793931,83.551114,93.629085,83.053557,84.667573,0.152618,0.847382,10.077971,-0.497557,1.116459
11.803935,82.962039,89.772135,82.092876,83.405978,0.170993,0.829007,6.810096,-0.869163,0.443939
11.813938,82.376841,90.085334,82.754174,84.093505,0.182690,0.817310,7.708493,0.377334,1.716664
11.823941,81.813693,88.307398,81.382943,82.738367,0.195744,0.804256,6.493705,-0.430750,0.924673
11.833945,81.265446,87.219987,82.141174,83.176929,0.203936,0.796064,5.954541,0.875728,1.911483
11.843948,80.694739,87.008013,79.577537,81.196863,0.217930,0.782070,6.313274,-1.117202,0.502124
11.853951,80.110328,86.549381,80.161965,81.603813,0.225733,0.774267,6.439053,0.051637,1.493485
11.863955,79.541198,87.204157,80.365427,81.960739,0.233276,0.766724,7.662960,0.824229,2.419542
11.873958,78.958468,89.572383,76.480105,79.743113,0.249231,0.750769,10.613915,-2.478363,0.784644
11.883961,78.373535,84.356326,80.919492,81.766486,0.246446,0.753554,5.982791,2.545958,3.392951
11.893965,77.798022,84.196495,77.458240,79.144352,0.250230,0.749770,6.398473,-0.339782,1.346330
11.903968,77.209135,84.104417,74.779087,77.242719,0.264187,0.735813,6.895282,-2.430048,0.033584
11.913971,76.623006,84.173226,76.812719,78.686617,0.254588,0.745412,7.550220,0.189713,2.063611
11.923975,76.018040,83.336443,76.058172,77.917391,0.255448,0.744552,7.318403,0.040132,1.899352
11.933978,75.405263,84.221038,75.306989,77.588769,0.255976,0.744024,8.815776,-0.098273,2.183506
11.943981,74.798508,78.015107,75.987937,76.480859,0.243158,0.756842,3.216599,1.189429,1.682352
11.953985,74.169071,77.411419,75.066005,75.628406,0.239788,0.760212,3.242348,0.896934,1.459335
11.963988,73.547501,79.592981,73.904952,75.282521,0.242187,0.757813,6.045480,0.357451,1.735020
11.973991,72.926879,81.328682,73.467066,75.361435,0.240964,0.759036,8.401803,0.540187,2.434555
11.983995,72.315786,76.689722,72.190556,73.201349,0.224662,0.775338,4.373936,-0.125230,0.885563
11.993998,71.709274,73.886788,73.839863,73.850188,0.220043,0.779957,2.177515,2.130589,2.140915
12.004001,71.124437,78.636724,69.349401,71.354784,0.215927,0.784073,7.512288,-1.775035,0.230347
12.014005,70.542647,77.530207,70.710229,72.157423,0.212199,0.787801,6.987559,0.167582,1.614775
12.024008,69.955581,74.908897,70.033610,71.041908,0.206818,0.793182,4.953316,0.078030,1.086327
12.034011,69.371523,74.448397,70.347459,71.139984,0.193254,0.806746,5.076875,0.975936,1.768461
12.044015,68.796782,73.863906,67.784158,68.939637,0.190054,0.809946,5.067124,-1.012625,0.142855
12.054018,68.223924,74.878022,66.131517,67.719061,0.181506,0.818494,6.654097,-2.092407,-0.504863
12.064021,67.652821,73.168197,67.841008,68.680217,0.157533,0.842467,5.515377,0.188188,1.027397
12.074025,67.072330,74.234830,67.409806,68.432842,0.149895,0.850105,7.162501,0.337477,1.360512
12.084028,66.483056,68.589076,68.270575,68.312978,0.133132,0.866868,2.106020,1.787519,1.829922
12.094031,65.873922,70.943159,64.349487,65.134559,0.119064,0.880936,5.069237,-1.524434,-0.739363
12.104035,65.292250,69.924239,66.677882,67.019964,0.105374,0.894626,4.631989,1.385633,1.727715
12.114038,64.693083,70.596197,67.533980,67.835166,0.098355,0.901645,5.903114,2.840897,3.142083
12.124041,64.084721,69.531830,63.631403,64.166413,0.090673,0.909327,5.447109,-0.453318,0.081692
12.134045,63.466799,70.884301,61.917668,62.707566,0.088093,0.911907,7.417501,-1.549131,-0.759233
12.144048,62.863537,66.261823,62.375168,62.682140,0.078981,0.921019,3.398286,-0.488369,-0.181397
12.154051,62.257058,68.479141,62.273864,62.730829,0.073641,0.926359,6.222083,0.016806,0.473771
12.164055,61.670507,68.628413,62.347053,62.801426,0.072337,0.927663,6.957906,0.676545,1.130919
12.174058,61.075028,69.946955,60.365354,61.039190,0.070326,0.929674,8.871928,-0.709674,-0.035838
12.184061,60.484924,65.815787,62.351162,62.601069,0.072131,0.927869,5.330863,1.866238,2.116145
12.194065,59.883470,66.390225,58.546031,59.118797,0.073018,0.926982,6.506755,-1.337439,-0.764673
12.204068,59.315396,62.596224,57.228350,57.632407,0.075273,0.924727,3.280828,-2.087046,-1.682990
12.214071,58.730645,61.095888,60.058697,60.138000,0.076459,0.923541,2.365243,1.328053,1.407355
12.224075,58.151710,65.338604,55.422165,56.203639,0.078806,0.921194,7.186894,-2.729545,-1.948071
12.234078,57.583440,63.461387,57.338484,57.820503,0.078724,0.921276,5.877947,-0.244956,0.237063
12.244081,57.022513,64.643125,60.763731,61.096658,0.085819,0.914181,7.620612,3.741217,4.074145
12.254085,56.459929,60.219223,56.445477,56.766986,0.085196,0.914804,3.759294,-0.014452,0.307057
12.264088,55.896523,62.462329,54.551602,55.230442,0.085813,0.914187,6.565806,-1.344921,-0.666081
12.274091,55.334901,63.890636,55.266024,55.988956,0.083822,0.916178,8.555735,-0.068877,0.654055
12.284095,54.772197,61.120819,54.711236,55.247842,0.083719,0.916281,6.348622,-0.060961,0.475646
12.294098,54.225076,60.325567,54.417856,54.920352,0.085058,0.914942,6.100491,0.192780,0.695276
12.304101,53.712208,59.377216,54.506924,54.924436,0.085726,0.914274,5.665008,0.794716,1.212228
12.314105,53.192003,56.454410,51.945070,52.335797,0.086648,0.913352,3.262407,-1.246933,-0.856206
12.324108,52.652291,60.270935,54.677349,55.175709,0.089095,0.910905,7.618644,2.025058,2.523417
12.334111,52.112335,56.747888,52.406472,52.792703,0.088964,0.911036,4.635553,0.294137,0.680368
12.344115,51.612154,57.887274,52.484307,52.967713,0.089471,0.910529,6.275120,0.872153,1.355559
12.354118,51.100918,54.241317,50.347139,50.697608,0.089998,0.910002,3.140398,-0.753779,-0.403310
12.364121,50.615292,54.297607,52.158950,52.356433,0.092340,0.907660,3.682316,1.543659,1.741141
12.374125,50.155802,57.726494,49.847339,50.569589,0.091666,0.908334,7.570691,-0.308463,0.413787
12.384128,49.688928,54.552590,50.021991,50.420639,0.087990,0.912010,4.863662,0.333063,0.731711
12.394131,49.231522,56.762606,48.111794,48.867789,0.087390,0.912610,7.531084,-1.119727,-0.363732
12.404135,48.799456,53.999836,47.603139,48.151796,0.085772,0.914228,5.200380,-1.196318,-0.647660
12.414138,48.362568,50.884003,49.188415,49.338516,0.088525,0.911475,2.521434,0.825846,0.975948
12.424141,47.923501,54.512438,47.391172,48.022328,0.088630,0.911370,6.588938,-0.532328,0.098828
12.434145,47.476585,51.809138,46.451998,46.935264,0.090210,0.909790,4.332553,-1.024588,-0.541322
12.444148,47.015343,53.247323,46.243523,46.860597,0.088106,0.911894,6.231980,-0.771820,-0.154746
12.454151,46.545284,51.733602,47.384027,47.770809,0.088924,0.911076,5.188318,0.838744,1.225525
12.464155,46.057805,48.860185,45.302960,45.620057,0.089142,0.910858,2.802380,-0.754845,-0.437749
12.474158,45.571813,50.901868,45.430628,45.924062,0.090187,0.909813,5.330054,-0.141186,0.352249
12.484161,45.075244,53.419746,45.093277,45.834507,0.089021,0.910979,8.344502,0.018033,0.759263
12.494165,44.583174,50.339376,42.282355,42.967238,0.085004,0.914996,5.756202,-2.300819,-1.615936
12.504168,44.068750,48.965751,42.303398,42.870865,0.085175,0.914825,4.897001,-1.765352,-1.197885
12.514171,43.560318,50.123166,43.963852,44.495872,0.086377,0.913623,6.562848,0.403533,0.935554
12.524175,43.065406,48.297797,42.180971,42.706829,0.085969,0.914031,5.232391,-0.884435,-0.358577
12.534178,42.541578,47.738822,43.809648,44.153073,0.087404,0.912596,5.197244,1.268070,1.611495
12.544181,42.024408,45.236468,43.184576,43.369514,0.090130,0.909870,3.212061,1.160169,1.345106
12.554185,41.526687,46.693513,42.389690,42.783595,0.091524,0.908476,5.166826,0.863002,1.256908
12.564188,41.011818,47.347592,43.195544,43.591465,0.095356,0.904644,6.335774,2.183726,2.579648
12.574191,40.523066,44.018137,40.423359,40.768286,0.095952,0.904048,3.495071,-0.099707,0.245220
12.584195,40.041578,46.894041,40.820236,41.378648,0.091938,0.908062,6.852463,0.778658,1.337070
12.594198,39.550477,44.095192,38.849196,39.332220,0.092075,0.907925,4.544715,-0.701281,-0.218257
12.604201,39.059522,42.376697,42.002366,42.038054,0.095339,0.904661,3.317175,2.942844,2.978532
12.614205,38.577924,44.689756,40.958284,41.293297,0.089780,0.910220,6.111833,2.380360,2.715373
12.624208,38.098429,42.250177,38.112685,38.484813,0.089941,0.910059,4.151748,0.014257,0.386385
12.634211,37.627974,43.315741,38.091878,38.567374,0.091024,0.908976,5.687767,0.463903,0.939400
12.644215,37.144650,41.222063,38.775807,39.001736,0.092357,0.907643,4.077412,1.631157,1.857086
12.654218,36.664834,41.056700,36.488266,36.910586,0.092443,0.907557,4.391866,-0.176567,0.245753
12.664221,36.164771,41.353271,35.376822,35.926136,0.091913,0.908087,5.188501,-0.787949,-0.238635
12.674225,35.664039,40.515101,36.712827,37.071914,0.094440,0.905560,4.851061,1.048788,1.407874
12.684228,35.150751,36.538724,35.244878,35.361726,0.090310,0.909690,1.387973,0.094127,0.210974
12.694231,34.627457,37.293417,34.847050,35.071236,0.091641,0.908359,2.665960,0.219593,0.443780
12.704235,34.123750,39.832246,33.122624,33.736785,0.091534,0.908466,5.708496,-1.001126,-0.386965
12.714238,33.637420,37.720152,31.576214,32.141421,0.091994,0.908006,4.082732,-2.061207,-1.495999
12.724241,33.161200,36.623095,33.444571,33.733297,0.090837,0.909163,3.461895,0.283371,0.572097
12.734245,32.669548,34.845734,33.755503,33.856355,0.092505,0.907495,2.176186,1.085954,1.186806
12.744248,32.174133,34.735131,31.903165,32.140219,0.083707,0.916293,2.560998,-0.270968,-0.033914
12.754251,31.697906,32.812365,33.421621,33.369400,0.085712,0.914288,1.114459,1.723715,1.671495
12.764255,31.224756,35.186548,30.380057,30.797456,0.086841,0.913159,3.961791,-0.844700,-0.427300
12.774258,30.787343,33.969954,29.521698,29.920855,0.089733,0.910267,3.182611,-1.265645,-0.866488
12.784261,30.356704,32.953645,30.276028,30.519272,0.090844,0.909156,2.596941,-0.080676,0.162568
12.794265,29.929808,33.841001,29.830697,30.197220,0.091395,0.908605,3.911193,-0.099111,0.267412
12.804268,29.499128,34.025017,30.423091,30.753797,0.091814,0.908186,4.525889,0.923962,1.254669
12.814271,29.071313,36.157598,28.141358,28.860263,0.089681,0.910319,7.086285,-0.929955,-0.211050
12.824275,28.642067,30.287285,30.283780,30.284098,0.090896,0.909104,1.645218,1.641713,1.642032
12.834278,28.224300,33.842971,30.584601,30.891015,0.094039,0.905961,5.618670,2.360300,2.666715
12.844281,27.821720,33.127526,27.774747,28.274019,0.093273,0.906727,5.305806,-0.046973,0.452299
12.854285,27.408155,30.052225,28.907808,29.017039,0.095448,0.904552,2.644070,1.499653,1.608884
12.864288,26.975449,31.059567,25.707652,26.211759,0.094192,0.905808,4.084118,-1.267796,-0.763689
12.874291,26.516065,29.575434,27.806330,27.978302,0.097208,0.902792,3.059370,1.290266,1.462237
12.884295,26.065219,30.056127,27.321951,27.590723,0.098301,0.901699,3.990907,1.256732,1.525504
12.894298,25.598725,31.541351,26.634850,27.121336,0.099151,0.900849,5.942626,1.036125,1.522610
12.904301,25.100871,29.654765,25.082195,25.535283,0.099088,0.900912,4.553894,-0.018676,0.434413
12.914305,24.609840,28.984793,21.064742,21.898281,0.105244,0.894756,4.374953,-3.545099,-2.711559
12.924308,24.157187,27.090319,23.387115,23.782805,0.106851,0.893149,2.933131,-0.770073,-0.374382
12.934311,23.705348,25.024414,22.954249,23.176926,0.107565,0.892435,1.319066,-0.751099,-0.528422
12.944315,23.266991,26.465994,22.093085,22.568688,0.108761,0.891239,3.199003,-1.173906,-0.698302
12.954318,22.830737,28.118910,22.977428,23.531525,0.107770,0.892230,5.288173,0.146692,0.700789
12.964321,22.393872,23.547937,21.891116,22.070529,0.108288,0.891712,1.154064,-0.502756,-0.323343
12.974325,21.971668,23.800405,20.982133,21.290489,0.109413,0.890587,1.828737,-0.989534,-0.681178
12.984328,21.545953,25.113281,20.275393,20.817017,0.111955,0.888045,3.567328,-1.270560,-0.728936
12.994331,21.125101,22.992601,20.266486,20.566100,0.109905,0.890095,1.867499,-0.858616,-0.559001
13.004335,20.709916,22.832168,22.055715,22.142932,0.112327,0.887673,2.122252,1.345799,1.433016
13.014338,20.285541,22.927735,19.492311,19.883369,0.113831,0.886169,2.642194,-0.793230,-0.402172
13.024341,19.876894,21.072615,19.258968,19.466348,0.114344,0.885656,1.195721,-0.617926,-0.410546
13.034345,19.466441,21.215960,18.918403,19.182461,0.114930,0.885070,1.749520,-0.548037,-0.283980
13.044348,19.045472,23.277871,19.452264,19.892097,0.114971,0.885029,4.232399,0.406792,0.846626
13.054351,18.633392,19.816150,19.180892,19.255857,0.118007,0.881993,1.182758,0.547499,0.622464
13.064355,18.208660,18.922220,14.555072,15.082703,0.120818,0.879182,0.713560,-3.653588,-3.125957
13.074358,17.785200,19.917086,19.011163,19.125011,0.125671,0.874329,2.131886,1.225962,1.339811
13.084361,17.362451,21.503862,19.086092,19.406106,0.132359,0.867641,4.141412,1.723642,2.043656
13.094365,16.956835,19.671485,15.696611,16.223186,0.132476,0.867524,2.714651,-1.260224,-0.733649
13.104368,16.559151,18.838868,15.392393,15.825402,0.125638,0.874362,2.279717,-1.166758,-0.733748
13.114371,16.161886,19.171568,15.621582,16.055097,0.122117,0.877883,3.009682,-0.540304,-0.106790
13.124375,15.777683,16.068821,14.870478,15.018290,0.123347,0.876653,0.291138,-0.907205,-0.759393
13.134378,15.415102,19.033414,15.683814,16.103017,0.125150,0.874850,3.618313,0.268712,0.687915
13.144381,15.061612,18.479574,12.725782,13.427944,0.122035,0.877965,3.417962,-2.335830,-1.633668
13.154385,14.708985,16.904387,13.367472,13.801169,0.122620,0.877380,2.195402,-1.341513,-0.907816
13.164388,14.337386,18.622192,16.184422,16.502134,0.130329,0.869671,4.284807,1.847037,2.164748
13.174391,13.950553,15.001784,12.836689,13.118443,0.130135,0.869865,1.051231,-1.113864,-0.832110
13.184395,13.559915,17.960809,15.052029,15.439932,0.133356,0.866644,4.400894,1.492114,1.880017
13.194398,13.160916,16.068242,13.587322,13.920458,0.134279,0.865721,2.907326,0.426406,0.759542
13.204401,12.759911,14.897222,10.588790,11.178758,0.136933,0.863067,2.137312,-2.171121,-1.581153
13.214405,12.360557,14.939442,13.122952,13.375384,0.138967,0.861033,2.578885,0.762395,1.014827
13.224408,11.969947,14.384301,11.828747,12.185779,0.139708,0.860292,2.414354,-0.141201,0.215831
13.234411,11.579061,15.951292,11.032501,11.701686,0.136047,0.863953,4.372230,-0.546560,0.122624
13.244415,11.196255,12.089597,11.490203,11.573117,0.138329,0.861671,0.893343,0.293949,0.376862
13.254418,10.815181,12.146318,11.384741,11.489030,0.136938,0.863062,1.331138,0.569560,0.673849
13.264421,10.405237,14.401163,11.254347,11.691089,0.138789,0.861211,3.995926,0.849110,1.285852
13.274425,9.982023,11.496747,11.395927,11.410405,0.143609,0.856391,1.514724,1.413903,1.428382
13.284428,9.557494,13.282876,10.047257,10.511859,0.143590,0.856410,3.725382,0.489763,0.954364
13.294431,9.115669,14.005960,7.464908,8.393948,0.142032,0.857968,4.890291,-1.650761,-0.721721
13.304435,8.683727,10.388726,8.115352,8.437766,0.141822,0.858178,1.705000,-0.568375,-0.245961
13.314438,8.275609,11.571900,11.807267,11.769760,0.159358,0.840642,3.296291,3.531658,3.494150
13.324441,7.886589,8.396854,8.755979,8.699699,0.156713,0.843287,0.510264,0.869389,0.813110
13.334445,7.495146,10.834604,10.338291,10.416252,0.157081,0.842919,3.339458,2.843145,2.921106
13.344448,7.126846,9.599895,8.801367,8.930482,0.161691,0.838309,2.473049,1.674521,1.803636
13.354451,6.761513,9.611539,7.051676,7.448415,0.154984,0.845016,2.850026,0.290162,0.686901
13.364455,6.391855,7.530520,6.753543,6.876641,0.158431,0.841569,1.138665,0.361688,0.484786
13.374458,6.013734,5.595688,5.969838,5.912117,0.154274,0.845726,-0.418047,-0.043896,-0.101618
13.384461,5.631833,8.426845,3.546468,4.292760,0.152917,0.847083,2.795012,-2.085366,-1.339073
13.394465,5.244873,4.156458,5.266530,5.096571,0.153107,0.846893,-1.088416,0.021657,-0.148303
13.404468,4.861243,6.358462,6.314053,6.320987,0.156132,0.843868,1.497218,1.452809,1.459743
13.414471,4.480790,7.832362,3.761222,4.397193,0.156215,0.843785,3.351572,-0.719568,-0.083597
13.424475,4.101142,6.295343,4.595486,4.863740,0.157810,0.842190,2.194201,0.494344,0.762598
13.434478,3.728808,8.524232,4.750717,5.337884,0.155602,0.844398,4.795424,1.021909,1.609076
13.444481,3.375079,6.752207,2.283462,2.986907,0.157414,0.842586,3.377129,-1.091617,-0.388171
13.454485,3.036300,3.861472,2.494736,2.715633,0.161624,0.838376,0.825172,-0.541563,-0.320667
13.464488,2.675925,4.489470,1.454431,1.947808,0.162560,0.837440,1.813545,-1.221494,-0.728117
13.474491,2.277962,3.946036,1.291363,1.726172,0.163790,0.836210,1.668074,-0.986599,-0.551790
13.484495,1.894810,1.227230,0.349684,0.497042,0.167920,0.832080,-0.667580,-1.545126,-1.397768
13.494498,1.491921,1.753563,0.411383,0.638864,0.169487,0.830513,0.261642,-1.080538,-0.853057
13.504502,1.086466,1.884121,2.789813,2.635036,0.170893,0.829107,0.797655,1.703347,1.548570
13.514505,0.664271,-0.784709,-0.434302,-0.495236,0.173897,0.826103,-1.448980,-1.098572,-1.159507
13.524508,0.215890,1.859037,0.367641,0.628059,0.174614,0.825386,1.643147,0.151751,0.412169
13.534512,-0.223472,0.941382,-0.826915,-0.516135,0.175751,0.824249,1.164854,-0.603443,-0.292662
13.544515,-0.650568,-1.654892,0.764071,0.323330,0.182202,0.817798,-1.004324,1.414639,0.973899
13.554518,-1.085458,0.992434,0.487937,0.580528,0.183531,0.816469,2.077891,1.573395,1.665985
13.564522,-1.558343,0.953593,-0.521459,-0.261037,0.176551,0.823449,2.511936,1.036884,1.297306
13.574525,-2.038476,-0.293242,-1.671115,-1.430433,0.174676,0.825324,1.745234,0.367361,0.608043
13.584528,-2.511772,-1.626637,-2.789044,-2.587308,0.173550,0.826450,0.885135,-0.277271,-0.075535
13.594532,-3.006305,-0.781349,-4.436555,-3.790906,0.176638,0.823362,2.224956,-1.430250,-0.784600
13.604535,-3.497099,-1.172420,-1.164864,-1.166236,0.181505,0.818495,2.324678,2.332235,2.330863
13.614538,-3.987140,-2.255132,-4.898748,-4.410248,0.184785,0.815215,1.732008,-0.911608,-0.423108
13.624542,-4.467513,-4.466973,-3.671137,-3.820166,0.187261,0.812739,0.000540,0.796376,0.647347
13.634545,-4.945130,-3.326216,-3.673652,-3.607309,0.190948,0.809052,1.618915,1.271479,1.337821
13.644548,-5.436389,-2.472599,-6.102725,-5.419031,0.188339,0.811661,2.963790,-0.666337,0.017358
13.654552,-5.908716,-5.666536,-4.663101,-4.854348,0.190592,0.809408,0.242180,1.245615,1.054368
13.664555,-6.382477,-2.131889,-5.465421,-4.845098,0.186086,0.813914,4.250588,0.917056,1.537379
13.674558,-6.855700,-6.573912,-4.782143,-5.123078,0.190278,0.809722,0.281788,2.073557,1.732622
13.684562,-7.341975,-6.256575,-7.905191,-7.585834,0.193712,0.806288,1.085400,-0.563216,-0.243859
13.694565,-7.833927,-7.839311,-9.376964,-9.067951,0.200964,0.799036,-0.005384,-1.543037,-1.234024
13.704568,-8.338167,-7.033361,-8.944755,-8.565347,0.198498,0.801502,1.304806,-0.606588,-0.227180
13.714572,-8.843993,-10.520871,-8.593369,-8.981119,0.201167,0.798833,-1.676878,0.250624,-0.137126
13.724575,-9.323131,-9.239184,-9.253276,-9.250400,0.204131,0.795869,0.083947,0.069855,0.072732
13.734578,-9.821890,-10.590507,-10.294016,-10.356503,0.210756,0.789244,-0.768617,-0.472125,-0.534613
13.744582,-10.343855,-9.304727,-12.634892,-11.912367,0.216964,0.783036,1.039128,-2.291037,-1.568512
13.754585,-10.842708,-8.548362,-10.278129,-9.904829,0.215809,0.784191,2.294347,0.564580,0.937879
13.764588,-11.343704,-9.605464,-8.976890,-9.118461,0.225225,0.774775,1.738240,2.366813,2.225243
13.774592,-11.853733,-14.675436,-11.296632,-12.060381,0.226041,0.773959,-2.821703,0.557101,-0.206648
13.784595,-12.347144,-8.581698,-11.616181,-10.935842,0.224203,0.775797,3.765446,0.730963,1.411302
13.794598,-12.848652,-11.736836,-12.161718,-12.064806,0.228091,0.771909,1.111816,0.686934,0.783846
13.804602,-13.321767,-13.851064,-12.845311,-13.076400,0.229766,0.770234,-0.529297,0.476456,0.245368
13.814605,-13.783767,-12.946069,-12.665768,-12.728169,0.222621,0.777379,0.837699,1.117999,1.055598
13.824608,-14.252162,-13.419315,-13.777713,-13.697694,0.223269,0.776731,0.832847,0.474448,0.554468
13.834612,-14.687260,-15.152416,-15.062473,-15.082298,0.220420,0.779580,-0.465156,-0.375213,-0.395038
13.844615,-15.130574,-14.332027,-16.085761,-15.697767,0.221239,0.778761,0.798547,-0.955187,-0.567193
13.854618,-15.561870,-16.004851,-15.860638,-15.893315,0.226587,0.773413,-0.442981,-0.298768,-0.331445
13.864622,-15.987813,-16.159574,-15.610858,-15.736793,0.229509,0.770491,-0.171760,0.376955,0.251020
13.874625,-16.393379,-17.021460,-16.772679,-16.830613,0.232871,0.767129,-0.628081,-0.379300,-0.437233
13.884628,-16.774711,-18.555825,-16.397505,-16.906229,0.235704,0.764296,-1.781114,0.377206,-0.131518
13.894632,-17.154800,-16.601597,-16.627820,-16.621558,0.238791,0.761209,0.553203,0.526980,0.533242
13.904635,-17.545430,-16.366478,-16.545615,-16.502931,0.238276,0.761724,1.178952,0.999815,1.042499
13.914638,-17.928380,-16.888496,-16.389026,-16.513043,0.248297,0.751703,1.039884,1.539354,1.415337
13.924642,-18.320729,-16.856728,-18.227120,-17.887737,0.247654,0.752346,1.464002,0.093609,0.432992
13.934645,-18.682093,-17.994914,-20.251425,-19.671473,0.257013,0.742987,0.687179,-1.569332,-0.989380
13.944648,-19.040686,-19.672550,-19.454811,-19.513004,0.267259,0.732741,-0.631864,-0.414125,-0.472318
13.954652,-19.404042,-18.010767,-19.351167,-18.995739,0.265165,0.734835,1.393275,0.052875,0.408303
13.964655,-19.763900,-21.699842,-21.966823,-21.894169,0.272130,0.727870,-1.935942,-2.202923,-2.130269
13.974658,-20.143246,-21.427364,-18.476849,-19.343818,0.293837,0.706163,-1.284117,1.666397,0.799428
13.984662,-20.536408,-21.949263,-20.365554,-20.840629,0.299976,0.700024,-1.412855,0.170853,-0.304221
13.994665,-20.910777,-19.290693,-20.453153,-20.109053,0.296010,0.703990,1.620084,0.457623,0.801724
14.004668,-21.294250,-19.880067,-19.655618,-19.721957,0.295563,0.704437,1.414183,1.638632,1.572293
14.014672,-21.692660,-20.961703,-22.448832,-22.016992,0.290385,0.709615,0.730958,-0.756171,-0.324331
14.024675,-22.082224,-20.474329,-21.393374,-21.125564,0.291401,0.708599,1.607895,0.688850,0.956661
14.034678,-22.453223,-23.772147,-22.585060,-22.941771,0.300492,0.699508,-1.318924,-0.131837,-0.488547
14.044682,-22.812696,-22.289803,-23.033600,-22.818396,0.289331,0.710669,0.522893,-0.220904,-0.005701
14.054685,-23.156509,-23.344271,-24.083140,-23.873014,0.284389,0.715611,-0.187762,-0.926631,-0.716505
14.064688,-23.510986,-22.240663,-21.512262,-21.729676,0.298481,0.701519,1.270323,1.998724,1.781310
14.074692,-23.886082,-24.058918,-24.336682,-24.252919,0.301561,0.698439,-0.172836,-0.450600,-0.366837
14.084695,-24.237907,-24.815321,-23.398550,-23.842944,0.313667,0.686333,-0.577414,0.839357,0.394963
14.094698,-24.593869,-23.782506,-26.843878,-25.873629,0.316933,0.683067,0.811363,-2.250009,-1.279760
14.104702,-24.952881,-23.638628,-23.536895,-23.568739,0.313016,0.686984,1.314254,1.415986,1.384142
14.114705,-25.291253,-26.293771,-24.028600,-24.795842,0.338713,0.661287,-1.002518,1.262653,0.495411
14.124708,-25.620604,-25.712218,-25.503683,-25.573371,0.334178,0.665822,-0.091614,0.116921,0.047233
14.134712,-25.942459,-27.530120,-26.214790,-26.657917,0.336894,0.663106,-1.587661,-0.272331,-0.715458
14.144715,-26.231194,-29.978286,-25.751194,-27.341857,0.376302,0.623698,-3.747092,0.480000,-1.110663
14.154718,-26.529005,-26.228316,-23.782456,-24.743533,0.392940,0.607060,0.300689,2.746549,1.785472
14.164722,-26.812303,-25.898945,-28.928187,-27.686176,0.410007,0.589993,0.913358,-2.115884,-0.873873
14.174725,-27.094179,-26.701078,-26.155746,-26.368022,0.389261,0.610739,0.393100,0.938433,0.726156
14.184728,-27.371462,-30.295804,-28.465402,-29.181303,0.391117,0.608883,-2.924343,-1.093941,-1.809841
14.194732,-27.625263,-28.151537,-27.649165,-27.839931,0.379730,0.620270,-0.526274,-0.023902,-0.214668
14.204735,-27.870940,-31.198461,-28.168396,-29.245859,0.355591,0.644409,-3.327522,-0.297456,-1.374919
14.214738,-28.108051,-26.053499,-28.622032,-27.686567,0.364202,0.635798,2.054552,-0.513982,0.421483
14.224742,-28.328599,-29.957681,-28.341158,-28.918245,0.356993,0.643007,-1.629082,-0.012558,-0.589646
14.234745,-28.554181,-26.671076,-29.915187,-28.742056,0.361619,0.638381,1.883105,-1.361005,-0.187875
14.244748,-28.791900,-27.373096,-27.556884,-27.493378,0.345541,0.654459,1.418804,1.235017,1.298523
14.254752,-29.044816,-30.395702,-31.197788,-30.919180,0.347354,0.652646,-1.350886,-2.152972,-1.874364
14.264755,-29.326721,-31.025899,-28.679004,-29.468981,0.336605,0.663395,-1.699177,0.647717,-0.142259
14.274758,-29.577220,-29.051664,-29.969063,-29.642745,0.355699,0.644301,0.525555,-0.391843,-0.065525
14.284762,-29.843765,-31.110251,-31.248875,-31.199613,0.355369,0.644631,-1.266486,-1.405110,-1.355847
14.294765,-30.113096,-29.959369,-29.870236,-29.901776,0.353846,0.646154,0.153727,0.242860,0.211321
14.304768,-30.386041,-31.110283,-32.254382,-31.839443,0.362678,0.637322,-0.724241,-1.868341,-1.453402
14.314772,-30.653829,-33.325566,-30.606172,-31.556389,0.349422,0.650578,-2.671738,0.047657,-0.902560
14.324775,-30.908845,-34.254547,-32.616297,-33.170152,0.338077,0.661923,-3.345702,-1.707452,-2.261307
14.334778,-31.150444,-30.810418,-30.596917,-30.669317,0.339107,0.660893,0.340026,0.553527,0.481127
14.344782,-31.400306,-32.242642,-32.509535,-32.420660,0.332997,0.667003,-0.842337,-1.109229,-1.020354
14.354785,-31.652175,-32.481810,-32.193368,-32.289344,0.332739,0.667261,-0.829635,-0.541193,-0.637169
14.364788,-31.899301,-30.855506,-31.546562,-31.314814,0.335353,0.664647,1.043796,0.352739,0.584487
14.374792,-32.149664,-30.389501,-33.076715,-32.166461,0.338735,0.661265,1.760163,-0.927051,-0.016797
14.384795,-32.375416,-32.784233,-32.444973,-32.563288,0.348744,0.651256,-0.408817,-0.069557,-0.187872
14.394798,-32.593352,-33.104250,-34.409948,-33.948738,0.353228,0.646772,-0.510898,-1.816597,-1.355387
14.404802,-32.799828,-32.049614,-32.042777,-32.045200,0.354447,0.645553,0.750215,0.757051,0.754628
14.414805,-32.995949,-35.031352,-30.878052,-32.334561,0.350687,0.649313,-2.035403,2.117897,0.661387
14.424808,-33.174075,-32.839345,-29.823424,-30.909689,0.360177,0.639823,0.334730,3.350651,2.264386
14.434812,-33.349129,-32.521300,-33.239727,-32.986060,0.353087,0.646913,0.827829,0.109402,0.363069
14.444815,-33.543286,-32.522941,-32.597441,-32.571027,0.354550,0.645450,1.020345,0.945845,0.972259
14.454818,-33.731059,-36.636188,-35.867810,-36.136875,0.350173,0.649827,-2.905129,-2.136751,-2.405816
14.464822,-33.928227,-35.070260,-32.124946,-33.146276,0.346764,0.653236,-1.142033,1.803281,0.781951
14.474825,-34.132930,-35.450325,-33.201456,-33.977642,0.345145,0.654855,-1.317395,0.931474,0.155289
14.484828,-34.328429,-34.178598,-34.909149,-34.653375,0.350111,0.649889,0.149830,-0.580720,-0.324946
14.494832,-34.504961,-33.783845,-33.020344,-33.286021,0.347972,0.652028,0.721117,1.484617,1.218940
14.504835,-34.680822,-32.435757,-34.986193,-34.108629,0.344084,0.655916,2.245066,-0.305371,0.572193
14.514838,-34.851699,-35.594147,-35.401329,-35.466989,0.340529,0.659471,-0.742448,-0.549630,-0.615290
14.524842,-34.996700,-35.743059,-34.426298,-34.869435,0.336535,0.663465,-0.746359,0.570402,0.127266
14.534845,-35.137800,-33.413292,-36.413826,-35.377009,0.345544,0.654456,1.724508,-1.276025,-0.239209
14.544848,-35.239593,-34.794728,-34.013644,-34.283624,0.345648,0.654352,0.444865,1.225950,0.955969
14.554852,-35.332700,-33.431223,-36.599888,-35.489976,0.350277,0.649723,1.901477,-1.267188,-0.157276
14.564855,-35.452032,-35.018940,-36.712097,-36.114544,0.352922,0.647078,0.433092,-1.260066,-0.662512
14.574858,-35.559825,-37.295500,-36.651452,-36.876792,0.349881,0.650119,-1.735675,-1.091628,-1.316967
14.584862,-35.661685,-37.661377,-34.750285,-35.754500,0.344962,0.655038,-1.999693,0.911400,-0.092816
14.594865,-35.743995,-38.071263,-36.484125,-37.004901,0.328123,0.671877,-2.327268,-0.740130,-1.260906
14.604868,-35.816042,-34.822965,-37.433637,-36.561603,0.334027,0.665973,0.993078,-1.617595,-0.745561
14.614872,-35.890023,-34.107128,-36.616839,-35.761087,0.340976,0.659024,1.782895,-0.726816,0.128936
14.624875,-35.982220,-33.208177,-36.020671,-35.047644,0.345966,0.654034,2.774043,-0.038451,0.934575
14.634878,-36.077368,-34.812710,-37.494535,-36.531121,0.359238,0.640762,1.264658,-1.417167,-0.453754
14.644882,-36.185083,-34.440825,-37.567100,-36.454264,0.355962,0.644038,1.744258,-1.382017,-0.269181
14.654885,-36.301291,-37.171315,-33.767735,-35.005149,0.363562,0.636438,-0.870024,2.533556,1.296142
14.664888,-36.408438,-38.143061,-37.441116,-37.703793,0.374212,0.625788,-1.734624,-1.032678,-1.295355
14.674892,-36.490321,-35.215203,-36.877972,-36.265053,0.368613,0.631387,1.275119,-0.387651,0.225268
14.684895,-36.566122,-35.939600,-37.006806,-36.626016,0.356811,0.643189,0.626521,-0.440684,-0.059894
14.694898,-36.659708,-36.498542,-37.165336,-36.931006,0.351427,0.648573,0.161167,-0.505628,-0.271298
14.704902,-36.746439,-36.165381,-36.000823,-36.057779,0.346115,0.653885,0.581057,0.745616,0.688660
14.714905,-36.815046,-36.330268,-35.677275,-35.923348,0.376839,0.623161,0.484778,1.137772,0.891698
14.724908,-36.892663,-34.966938,-37.259809,-36.449465,0.353419,0.646581,1.925725,-0.367145,0.443198
14.734912,-36.972135,-35.029657,-38.455909,-37.221818,0.360187,0.639813,1.942478,-1.483774,-0.249683
14.744915,-37.051228,-36.234898,-35.521900,-35.788579,0.374025,0.625975,0.816331,1.529328,1.262649
14.754918,-37.141936,-35.873232,-37.256346,-36.743746,0.370613,0.629387,1.268704,-0.114409,0.398191
14.764922,-37.222739,-36.451645,-35.146353,-35.632579,0.372503,0.627497,0.771094,2.076386,1.590160
14.774925,-37.305194,-37.996949,-39.999897,-39.245987,0.376400,0.623600,-0.691755,-2.694703,-1.940793
14.784928,-37.381191,-36.246344,-37.146707,-36.809615,0.374396,0.625604,1.134847,0.234484,0.571576
14.794932,-37.470349,-39.562091,-35.168021,-36.938602,0.402948,0.597052,-2.091743,2.302328,0.531747
14.804935,-37.565890,-35.985053,-37.989807,-37.192995,0.397461,0.602539,1.580837,-0.423917,0.372895
14.814938,-37.650404,-39.442189,-37.920996,-38.510812,0.387733,0.612267,-1.791784,-0.270592,-0.860408
14.824942,-37.740342,-37.311637,-37.385728,-37.357242,0.384478,0.615522,0.428705,0.354614,0.383100
14.834945,-37.804196,-39.071926,-38.474751,-38.703721,0.383422,0.616578,-1.267731,-0.670555,-0.899526
14.844948,-37.873916,-37.043832,-38.248402,-37.792383,0.378574,0.621426,0.830083,-0.374486,0.081533
14.854952,-37.940126,-37.991014,-38.345505,-38.212284,0.375809,0.624191,-0.050888,-0.405378,-0.272157
14.864955,-37.992216,-40.384350,-38.745121,-39.373189,0.383148,0.616852,-2.392134,-0.752905,-1.380973
14.874958,-38.065476,-37.434427,-36.590849,-36.938513,0.412130,0.587870,0.631049,1.474628,1.126964
14.884962,-38.165003,-39.031884,-37.611709,-38.206208,0.418610,0.581390,-0.866881,0.553294,-0.041206
14.894965,-38.287215,-36.965495,-37.986461,-37.561242,0.416487,0.583513,1.321720,0.300754,0.725973
14.904968,-38.390244,-38.388255,-37.419958,-37.830849,0.424343,0.575657,0.001989,0.970285,0.559395
14.914972,-38.501344,-37.908213,-38.818571,-38.463526,0.390006,0.609994,0.593131,-0.317227,0.037818
14.924975,-38.573850,-40.010203,-39.502894,-39.681827,0.352710,0.647290,-1.436353,-0.929045,-1.107977
14.934978,-38.654674,-39.538672,-39.377823,-39.435173,0.356542,0.643458,-0.883998,-0.723149,-0.780499
14.944982,-38.732568,-39.420526,-38.730429,-38.976474,0.356538,0.643462,-0.687958,0.002140,-0.243906
14.954985,-38.787175,-37.502121,-40.058229,-39.177230,0.344664,0.655336,1.285054,-1.271054,-0.390055
14.964988,-38.811581,-36.295516,-39.411894,-38.454568,0.307192,0.692808,2.516066,-0.600313,0.357014
14.974992,-38.805016,-40.012774,-39.424356,-39.599776,0.298121,0.701879,-1.207758,-0.619340,-0.794760
14.984995,-38.780339,-37.165066,-36.230871,-36.524328,0.314128,0.685872,1.615272,2.549467,2.256010
14.994998,-38.740349,-41.994866,-42.068927,-42.045803,0.312235,0.687765,-3.254516,-3.328578,-3.305453
15.005002,-38.691552,-40.482837,-38.907096,-39.425545,0.329019,0.670981,-1.791284,-0.215544,-0.733992
15.015005,-38.631178,-40.069345,-36.560345,-37.801452,0.353692,0.646308,-1.438168,2.070833,0.829726
15.025008,-38.579191,-40.607954,-38.432978,-39.208588,0.356606,0.643394,-2.028763,0.146213,-0.629397
15.035012,-38.539582,-40.914965,-37.635481,-38.909712,0.388546,0.611454,-2.375383,0.904101,-0.370130
15.045015,-38.500102,-37.880604,-38.380311,-38.193912,0.373017,0.626983,0.619498,0.119792,0.306190
15.055018,-38.463255,-38.784356,-39.264055,-39.078598,0.386611,0.613389,-0.321102,-0.800800,-0.615343
15.065022,-38.433279,-37.864171,-41.123578,-39.885726,0.379778,0.620222,0.569108,-2.690299,-1.452447
15.075025,-38.392917,-37.357208,-38.146371,-37.852165,0.372807,0.627193,1.035709,0.246547,0.540752
15.085028,-38.338307,-37.939882,-39.269035,-38.799570,0.353206,0.646794,0.398425,-0.930728,-0.461263
15.095032,-38.282480,-37.295835,-39.242882,-38.580650,0.340121,0.659879,0.986645,-0.960402,-0.298170
15.105035,-38.204601,-38.308900,-38.803386,-38.632577,0.345428,0.654572,-0.104298,-0.598785,-0.427976
15.115038,-38.144004,-39.924494,-36.050170,-37.568003,0.391767,0.608233,-1.780490,2.093834,0.576000
15.125042,-38.086432,-36.499711,-35.200627,-35.760741,0.431161,0.568839,1.586721,2.885805,2.325691
15.135045,-38.039729,-38.923397,-37.779079,-38.281619,0.439161,0.560839,-0.883668,0.260650,-0.241890
15.145048,-38.021116,-39.424511,-38.578837,-38.935174,0.421365,0.578635,-1.403394,-0.557721,-0.914058
15.155052,-38.003781,-38.270658,-39.416453,-38.922583,0.431028,0.568972,-0.266877,-1.412672,-0.918802
15.165055,-37.988307,-39.357523,-37.426059,-38.257254,0.430345,0.569655,-1.369216,0.562248,-0.268947
15.175058,-37.950162,-38.576308,-35.810675,-36.973812,0.420568,0.579432,-0.626146,2.139487,0.976350
15.185062,-37.902631,-37.386550,-38.199440,-37.861291,0.415983,0.584017,0.516081,-0.296808,0.041340
15.195065,-37.870558,-37.348046,-40.725353,-39.269501,0.431069,0.568931,0.522513,-2.854795,-1.398943
15.205068,-37.810738,-39.157483,-37.006678,-37.917778,0.423609,0.576391,-1.346745,0.804060,-0.107040
15.215072,-37.732722,-38.464280,-36.550242,-37.350779,0.418245,0.581755,-0.731558,1.182480,0.381943
15.225075,-37.646130,-36.034631,-39.549145,-38.064068,0.422556,0.577444,1.611500,-1.903015,-0.417937
15.235078,-37.563109,-36.818509,-37.351328,-37.130936,0.413635,0.586365,0.744600,0.211781,0.432174
15.245082,-37.494646,-34.382048,-36.953175,-35.893069,0.412312,0.587688,3.112598,0.541471,1.601577
15.255085,-37.431903,-35.661710,-37.519631,-36.748618,0.414987,0.585013,1.770192,-0.087729,0.683285
15.265088,-37.352954,-35.636514,-38.301879,-37.176903,0.422072,0.577928,1.716440,-0.948925,0.176050
15.275092,-37.245893,-39.327696,-36.026769,-37.334373,0.396132,0.603868,-2.081803,1.219125,-0.088479
15.285095,-37.115899,-35.970108,-37.599955,-36.944922,0.401899,0.598101,1.145791,-0.484056,0.170977
15.295098,-36.993497,-37.073157,-38.775720,-38.069374,0.414872,0.585128,-0.079660,-1.782223,-1.075877
15.305102,-36.888134,-37.714607,-39.347504,-38.646765,0.429139,0.570861,-0.826473,-2.459369,-1.758630
15.315105,-36.780869,-36.528846,-35.267850,-35.818641,0.436790,0.563210,0.252023,1.513019,0.962228
15.325108,-36.700345,-35.282527,-35.960348,-35.665554,0.434914,0.565086,1.417817,0.739997,1.034791
15.335112,-36.615134,-35.863887,-36.509566,-36.233218,0.427996,0.572004,0.751247,0.105568,0.381916
15.345115,-36.532308,-37.850019,-37.060637,-37.410722,0.443493,0.556507,-1.317711,-0.528330,-0.878415
15.355118,-36.456638,-35.342949,-37.091436,-36.329441,0.435802,0.564198,1.113688,-0.634798,0.127196
15.365122,-36.405040,-37.361421,-37.695924,-37.553596,0.425491,0.574509,-0.956381,-1.290884,-1.148556
15.375125,-36.345841,-36.020816,-36.863588,-36.516003,0.412430,0.587570,0.325025,-0.517747,-0.170163
15.385128,-36.294751,-36.749776,-38.838855,-38.010457,0.396537,0.603463,-0.455025,-2.544105,-1.715707
15.395132,-36.261312,-36.589611,-37.144588,-36.920720,0.403382,0.596618,-0.328299,-0.883276,-0.659409
15.405135,-36.271023,-35.121659,-36.644148,-36.054069,0.387575,0.612425,1.149364,-0.373125,0.216955
15.415138,-36.281128,-37.841419,-35.549272,-36.477260,0.404855,0.595145,-1.560291,0.731856,-0.196132
15.425142,-36.264629,-33.346837,-36.312541,-35.178362,0.382432,0.617568,2.917793,-0.047912,1.086267
15.435145,-36.223245,-38.954874,-35.269337,-36.713998,0.391981,0.608019,-2.731629,0.953908,-0.490753
15.445148,-36.188799,-37.085300,-34.569837,-35.585500,0.403768,0.596232,-0.896502,1.618962,0.603299
15.455152,-36.163455,-35.608138,-34.893651,-35.197768,0.425644,0.574356,0.555318,1.269804,0.965687
15.465155,-36.131131,-35.254660,-35.566519,-35.426934,0.447589,0.552411,0.876471,0.564612,0.704197
15.475158,-36.113847,-36.264560,-36.099612,-36.173758,0.449513,0.550487,-0.150714,0.014235,-0.059911
15.485162,-36.092070,-36.178156,-37.269016,-36.794089,0.435370,0.564630,-0.086086,-1.176946,-0.702019
15.495165,-36.058846,-35.443021,-35.170914,-35.288295,0.431380,0.568620,0.615825,0.887933,0.770551
15.505168,-36.007285,-36.353889,-33.991588,-35.037239,0.442641,0.557359,-0.346604,2.015697,0.970045
15.515172,-35.957329,-33.867557,-35.546801,-34.871566,0.402106,0.597894,2.089772,0.410527,1.085762
15.525175,-35.910528,-34.651504,-33.609817,-34.030087,0.403452,0.596548,1.259024,2.300711,1.880440
15.535178,-35.876990,-34.567753,-37.707676,-36.509152,0.381705,0.618295,1.309237,-1.830686,-0.632163
15.545182,-35.855922,-37.305157,-37.240918,-37.265679,0.385449,0.614551,-1.449235,-1.384996,-1.409757
15.555185,-35.838294,-35.957377,-34.812052,-35.262225,0.393053,0.606947,-0.119083,1.026242,0.576069
15.565188,-35.815191,-36.265890,-35.498042,-35.807892,0.403530,0.596470,-0.450699,0.317148,0.007299
15.575192,-35.778430,-37.286832,-34.201891,-35.507493,0.423218,0.576782,-1.508402,1.576539,0.270937
15.585195,-35.753790,-35.213544,-35.772356,-35.533580,0.427292,0.572708,0.540246,-0.018566,0.220210
15.595198,-35.706809,-36.513278,-36.748380,-36.645207,0.438842,0.561158,-0.806469,-1.041571,-0.938398
15.605202,-35.663989,-34.680883,-35.920301,-35.382618,0.433819,0.566181,0.983106,-0.256312,0.281371
15.615205,-35.621575,-37.226863,-37.460796,-37.364681,0.410867,0.589133,-1.605287,-1.839221,-1.743105
15.625208,-35.590454,-33.011893,-36.944763,-35.479842,0.372481,0.627519,2.578561,-1.354309,0.110612
15.635212,-35.595759,-36.940258,-34.428827,-35.377063,0.377568,0.622432,-1.344499,1.166933,0.218696
15.645215,-35.587793,-35.258840,-34.540448,-34.813489,0.380072,0.619928,0.328954,1.047345,0.774304
15.655218,-35.568790,-34.381001,-35.133185,-34.848161,0.378928,0.621072,1.187789,0.435605,0.720629
15.665222,-35.554045,-36.410006,-37.619338,-37.165204,0.375525,0.624475,-0.855961,-2.065293,-1.611159
15.675225,-35.538324,-34.259622,-35.968409,-35.367978,0.351378,0.648622,1.278703,-0.430084,0.170347
15.685228,-35.514896,-37.358672,-36.984896,-37.118502,0.357450,0.642550,-1.843775,-1.470000,-1.603606
15.695232,-35.514953,-33.336777,-34.103113,-33.832568,0.353037,0.646963,2.178177,1.411840,1.682385
15.705235,-35.522946,-35.501722,-36.223412,-35.973541,0.346231,0.653769,0.021224,-0.700467,-0.450595
15.715238,-35.519009,-36.413626,-36.821906,-36.682743,0.340850,0.659150,-0.894617,-1.302897,-1.163735
15.725242,-35.533893,-35.982666,-35.498138,-35.667576,0.349696,0.650304,-0.448773,0.035755,-0.133682
15.735245,-35.544345,-34.330966,-36.312530,-35.630384,0.344247,0.655753,1.213379,-0.768185,-0.086039
15.745248,-35.575125,-36.451808,-33.794632,-34.788876,0.374173,0.625827,-0.876683,1.780493,0.786249
15.755252,-35.598846,-36.722883,-36.480619,-36.574045,0.385637,0.614363,-1.124037,-0.881773,-0.975199
15.765255,-35.623055,-35.955360,-37.302129,-36.768537,0.396202,0.603798,-0.332305,-1.679074,-1.145482
15.775258,-35.671442,-37.436885,-38.254938,-37.936496,0.389269,0.610731,-1.765443,-2.583496,-2.265054
15.785262,-35.702262,-32.971446,-35.739205,-34.694297,0.377529,0.622471,2.730816,-0.036944,1.007965
15.795265,-35.744038,-36.593630,-36.418354,-36.484700,0.378521,0.621479,-0.849592,-0.674316,-0.740662
15.805268,-35.797885,-34.550460,-37.512571,-36.437117,0.363070,0.636930,1.247425,-1.714686,-0.639232
15.815272,-35.848616,-35.534411,-34.421544,-34.827290,0.364595,0.635405,0.314205,1.427072,1.021326
15.825275,-35.882015,-37.358817,-35.081321,-35.938630,0.376426,0.623574,-1.476801,0.800694,-0.056614
15.835278,-35.930586,-35.939518,-35.964447,-35.954989,0.379379,0.620621,-0.008932,-0.033861,-0.024404
15.845282,-35.978133,-34.802129,-34.340942,-34.517165,0.382108,0.617892,1.176004,1.637191,1.460968
15.855285,-36.019154,-36.301546,-35.224111,-35.650456,0.395704,0.604296,-0.282392,0.795043,0.368698
15.865288,-36.049696,-34.260026,-37.037123,-35.976275,0.381999,0.618001,1.789669,-0.987427,0.073421
15.875292,-36.077530,-34.545257,-37.324594,-36.285274,0.373945,0.626055,1.532273,-1.247064,-0.207744
15.885295,-36.110814,-34.732441,-35.129236,-34.983017,0.368500,0.631500,1.378372,0.981578,1.127797
15.895298,-36.156445,-36.845930,-35.680805,-36.113804,0.371633,0.628367,-0.689485,0.475640,0.042641
15.905302,-36.200693,-37.820456,-35.996995,-36.693785,0.382125,0.617875,-1.619764,0.203697,-0.493093
15.915305,-36.260934,-37.181315,-37.276731,-37.241080,0.373637,0.626363,-0.920381,-1.015797,-0.980146
15.925308,-36.364875,-36.070514,-35.635338,-35.808446,0.397788,0.602212,0.294361,0.729537,0.556429
15.935312,-36.462060,-35.643380,-37.368659,-36.710965,0.381210,0.618790,0.818680,-0.906599,-0.248905
15.945315,-36.545491,-39.802849,-36.667875,-37.830437,0.370836,0.629164,-3.257357,-0.122384,-1.284946
15.955318,-36.664200,-36.676370,-34.927867,-35.588847,0.378026,0.621974,-0.012170,1.736333,1.075353
15.965322,-36.797817,-36.560683,-37.590818,-37.202182,0.377267,0.622733,0.237134,-0.793001,-0.404365
15.975325,-36.921880,-37.338196,-38.809467,-38.253540,0.377855,0.622145,-0.416316,-1.887587,-1.331660
15.985328,-37.014832,-35.077921,-38.277888,-37.107520,0.365744,0.634256,1.936911,-1.263057,-0.092688
15.995332,-37.107286,-36.474616,-35.914127,-36.120459,0.368129,0.631871,0.632670,1.193159,0.986827
16.005335,-37.210475,-35.245187,-36.904798,-36.329046,0.346920,0.653080,1.965288,0.305677,0.881430
16.015338,-37.316202,-37.640142,-37.470854,-37.531148,0.356162,0.643838,-0.323941,-0.154653,-0.214947
16.025342,-37.401093,-35.994877,-38.012006,-37.326867,0.339660,0.660340,1.406216,-0.610913,0.074226
16.035345,-37.495505,-35.042905,-36.913073,-36.282522,0.337163,0.662837,2.452600,0.582432,1.212983
16.045348,-37.601715,-35.634175,-38.620641,-37.647712,0.325779,0.674221,1.967540,-1.018926,-0.045997
16.055352,-37.714955,-39.353167,-37.348156,-37.994329,0.322279,0.677721,-1.638212,0.366799,-0.279374
16.065355,-37.842267,-38.222782,-38.719773,-38.560883,0.319704,0.680296,-0.380514,-0.877505,-0.718616
16.075358,-37.967486,-38.485233,-39.044677,-38.871307,0.309896,0.690104,-0.517747,-1.077191,-0.903821
16.085362,-38.068083,-37.334201,-38.833068,-38.369927,0.308994,0.691006,0.733882,-0.764985,-0.301844
16.095365,-38.163633,-37.134103,-38.614122,-38.163157,0.304702,0.695298,1.029530,-0.450489,0.000476
16.105368,-38.262777,-39.521116,-38.321373,-38.692572,0.309399,0.690601,-1.258339,-0.058596,-0.429795
16.115372,-38.366100,-38.264343,-38.083553,-38.138994,0.306657,0.693343,0.101758,0.282547,0.227107
16.125375,-38.492665,-41.522556,-42.918703,-42.451683,0.334506,0.665494,-3.029891,-4.426038,-3.959019
16.135378,-38.605729,-36.442812,-39.574910,-38.580850,0.317378,0.682622,2.162918,-0.969181,0.024879
16.145382,-38.719735,-39.488297,-39.189619,-39.283591,0.314626,0.685374,-0.768561,-0.469884,-0.563856
16.155385,-38.836220,-38.752425,-37.030146,-37.593140,0.326889,0.673111,0.083796,1.806074,1.243081
16.165388,-38.904576,-39.369051,-40.200579,-39.931904,0.323110,0.676890,-0.464475,-1.296003,-1.027328
16.175392,-38.968314,-37.249272,-38.772958,-38.282206,0.322082,0.677918,1.719041,0.195356,0.686108
16.185395,-39.043201,-43.299460,-37.249164,-39.253246,0.331237,0.668763,-4.256260,1.794036,-0.210046
16.195398,-39.124333,-39.149249,-40.699895,-40.185771,0.331555,0.668445,-0.024916,-1.575562,-1.061438
16.205402,-39.188077,-39.346805,-38.715307,-38.927333,0.335751,0.664249,-0.158728,0.472770,0.260744
16.215405,-39.249994,-39.930449,-40.212720,-40.118249,0.334682,0.665318,-0.680455,-0.962726,-0.868255
16.225408,-39.333361,-36.744022,-39.938922,-38.922842,0.318032,0.681968,2.589340,-0.605560,0.410519
16.235412,-39.402774,-40.733768,-40.366507,-40.485381,0.323679,0.676321,-1.330994,-0.963733,-1.082608
16.245415,-39.482069,-38.324375,-40.360298,-39.737742,0.305786,0.694214,1.157694,-0.878229,-0.255673
16.255418,-39.533107,-38.998728,-36.266812,-37.175526,0.332629,0.667371,0.534379,3.266295,2.357581
16.265422,-39.567841,-37.675563,-38.554494,-38.264399,0.330054,0.669946,1.892279,1.013347,1.303442
16.275425,-39.609217,-40.610000,-38.287131,-39.071451,0.337651,0.662349,-1.000784,1.322085,0.537765
16.285428,-39.631294,-40.730747,-39.040901,-39.647809,0.359150,0.640850,-1.099453,0.590392,-0.016515
16.295432,-39.652309,-38.008204,-41.579817,-40.347604,0.345002,0.654998,1.644105,-1.927508,-0.695295
16.305435,-39.660490,-39.022508,-39.186541,-39.128903,0.351380,0.648620,0.637982,0.473950,0.531587
16.315438,-39.661384,-41.978790,-38.373869,-39.677802,0.361709,0.638291,-2.317406,1.287516,-0.016418
16.325442,-39.674972,-40.483930,-40.699051,-40.622844,0.354252,0.645748,-0.808958,-1.024079,-0.947872
16.335445,-39.698186,-39.118612,-38.539794,-38.748176,0.360014,0.639986,0.579574,1.158392,0.950010
16.345448,-39.705904,-38.449257,-38.860700,-38.716034,0.351606,0.648394,1.256646,0.845203,0.989869
16.355452,-39.718628,-40.737474,-37.496180,-38.689246,0.368083,0.631917,-1.018846,2.222448,1.029382
16.365455,-39.737381,-44.108765,-40.238721,-41.742645,0.388606,0.611394,-4.371384,-0.501340,-2.005263
16.375458,-39.770424,-38.985589,-41.087557,-40.265468,0.391105,0.608895,0.784835,-1.317133,-0.495044
16.385462,-39.797047,-41.627528,-40.231000,-40.786027,0.397434,0.602566,-1.830481,-0.433954,-0.988981
16.395465,-39.792678,-42.818686,-38.069993,-39.902751,0.385950,0.614050,-3.026008,1.722685,-0.110073
16.405468,-39.804331,-44.052820,-41.998418,-42.787118,0.383907,0.616093,-4.248489,-2.194087,-2.982787
16.415472,-39.815598,-38.594627,-42.297649,-40.826085,0.397395,0.602605,1.220971,-2.482051,-1.010487
16.425475,-39.805659,-39.612733,-39.698384,-39.665013,0.389619,0.610381,0.192926,0.107274,0.140646
16.435478,-39.796934,-40.135419,-40.328041,-40.253138,0.388858,0.611142,-0.338485,-0.531107,-0.456204
16.445482,-39.781441,-37.697905,-39.772168,-39.002767,0.370927,0.629073,2.083537,0.009273,0.778674
16.455485,-39.781915,-38.825928,-38.647541,-38.710645,0.353744,0.646256,0.955987,1.134374,1.071271
16.465488,-39.775964,-37.351514,-40.439047,-39.401877,0.335922,0.664078,2.424450,-0.663083,0.374087
16.475492,-39.772831,-41.861935,-42.020438,-41.966166,0.342403,0.657597,-2.089103,-2.247607,-2.193335
16.485495,-39.754919,-39.806745,-37.301542,-38.253827,0.380123,0.619877,-0.051826,2.453378,1.501092
16.495498,-39.719232,-42.144302,-40.915906,-41.378750,0.376787,0.623213,-2.425070,-1.196674,-1.659517
16.505502,-39.644773,-39.988847,-40.915618,-40.565036,0.378283,0.621717,-0.344073,-1.270845,-0.920263
16.515505,-39.561768,-39.934692,-38.237304,-38.875220,0.375822,0.624178,-0.372924,1.324464,0.686548
16.525509,-39.474043,-38.534122,-39.935430,-39.414938,0.371433,0.628567,0.939920,-0.461387,0.059105
16.535512,-39.383577,-39.315231,-39.459645,-39.406534,0.367770,0.632230,0.068346,-0.076068,-0.022957
16.545515,-39.298589,-38.363479,-38.719241,-38.590026,0.363207,0.636793,0.935111,0.579348,0.708564
16.555519,-39.208694,-38.153534,-37.908395,-37.998856,0.369021,0.630979,1.055160,1.300300,1.209838
16.565522,-39.123410,-35.891017,-39.523563,-38.186895,0.367970,0.632030,3.232393,-0.400153,0.936515
16.575525,-39.035770,-39.508715,-37.211828,-38.051403,0.365527,0.634473,-0.472945,1.823942,0.984368
16.585529,-38.928541,-40.340075,-41.491501,-41.064525,0.370823,0.629177,-1.411534,-2.562960,-2.135984
16.595532,-38.836625,-38.467499,-37.924880,-38.125332,0.369417,0.630583,0.369125,0.911745,0.711292
16.605535,-38.727794,-39.931214,-39.735227,-39.808099,0.371819,0.628181,-1.203420,-1.007433,-1.080305
16.615539,-38.599424,-36.376483,-36.952698,-36.737127,0.374115,0.625885,2.222941,1.646726,1.862296
16.625542,-38.473082,-38.897909,-38.302628,-38.514122,0.355283,0.644717,-0.424827,0.170453,-0.041040
16.635545,-38.378820,-39.227185,-39.186307,-39.200691,0.351887,0.648113,-0.848365,-0.807486,-0.821871
16.645549,-38.293865,-39.000838,-37.498455,-38.027092,0.351866,0.648134,-0.706974,0.795409,0.266772
16.655552,-38.189624,-37.111998,-37.117798,-37.115751,0.352924,0.647076,1.077626,1.071826,1.073873
16.665555,-38.085935,-38.322555,-37.315662,-37.667617,0.349546,0.650454,-0.236620,0.770273,0.418318
16.675559,-37.997442,-38.959942,-39.233078,-39.137344,0.350499,0.649501,-0.962500,-1.235635,-1.139902
16.685562,-37.916699,-35.418671,-38.497519,-37.343012,0.374980,0.625020,2.498028,-0.580821,0.573686
16.695565,-37.823507,-39.107762,-37.828394,-38.294573,0.364382,0.635618,-1.284255,-0.004887,-0.471066
16.705569,-37.722301,-37.668952,-37.771812,-37.734151,0.366144,0.633856,0.053349,-0.049512,-0.011850
16.715572,-37.624881,-36.646422,-36.725187,-36.696279,0.367012,0.632988,0.978459,0.899695,0.928602
16.725575,-37.533159,-39.980161,-39.951040,-39.961704,0.366192,0.633808,-2.447003,-2.417881,-2.428545
16.735579,-37.447496,-36.727105,-37.046303,-36.928388,0.369410,0.630590,0.720391,0.401192,0.519108
16.745582,-37.375841,-38.958502,-37.723818,-38.168639,0.360271,0.639729,-1.582662,-0.347978,-0.792798
16.755585,-37.280098,-36.045924,-38.286299,-37.478964,0.360357,0.639643,1.234174,-1.006201,-0.198866
16.765589,-37.189382,-38.633358,-38.080366,-38.278467,0.358234,0.641766,-1.443977,-0.890984,-1.089085
16.775592,-37.080589,-36.041436,-37.338035,-36.863014,0.366359,0.633641,1.039154,-0.257445,0.217576
16.785595,-36.949195,-35.290446,-41.270497,-38.952013,0.387703,0.612297,1.658750,-4.321302,-2.002818
16.795599,-36.803089,-35.510934,-37.644636,-36.794126,0.398608,0.601392,1.292155,-0.841547,0.008963
16.805602,-36.663749,-36.286774,-37.714727,-37.149421,0.395886,0.604114,0.376975,-1.050978,-0.485672
16.815605,-36.518632,-36.865584,-35.879292,-36.258040,0.384012,0.615988,-0.346951,0.639340,0.260593
16.825609,-36.374168,-37.238798,-37.340800,-37.301612,0.384185,0.615815,-0.864629,-0.966632,-0.927444
16.835612,-36.243549,-34.036997,-36.501685,-35.597702,0.366774,0.633226,2.206552,-0.258137,0.645847
16.845615,-36.108325,-37.157568,-34.257593,-35.405120,0.395702,0.604298,-1.049243,1.850732,0.703206
16.855619,-35.991058,-37.546657,-34.797836,-35.849602,0.382624,0.617376,-1.555599,1.193222,0.141456
16.865622,-35.856210,-34.858156,-34.773484,-34.805402,0.376954,0.623046,0.998053,1.082726,1.050808
16.875625,-35.728600,-36.922806,-36.328447,-36.560960,0.391199,0.608801,-1.194205,-0.599847,-0.832359
16.885629,-35.598229,-37.023324,-34.946590,-35.768392,0.395718,0.604282,-1.425095,0.651639,-0.170163
16.895632,-35.463869,-37.629276,-35.744546,-36.450213,0.374413,0.625587,-2.165406,-0.280677,-0.986344
16.905635,-35.333661,-36.058026,-35.568973,-35.754338,0.379028,0.620972,-0.724365,-0.235312,-0.420676
16.915639,-35.194914,-35.318986,-34.703291,-34.948470,0.398214,0.601786,-0.124073,0.491622,0.246444
16.925642,-35.063567,-34.698930,-35.779960,-35.356951,0.391301,0.608699,0.364638,-0.716392,-0.293384
16.935645,-34.919414,-33.492455,-33.127810,-33.272862,0.397789,0.602211,1.426959,1.791604,1.646552
16.945649,-34.795739,-34.005392,-34.987895,-34.588368,0.406642,0.593358,0.790347,-0.192156,0.207371
16.955652,-34.670415,-34.956723,-33.928382,-34.350067,0.410063,0.589937,-0.286308,0.742033,0.320348
16.965655,-34.516258,-34.813551,-32.769537,-33.678746,0.444815,0.555185,-0.297294,1.746721,0.837512
16.975659,-34.377414,-33.612178,-33.139430,-33.348091,0.441380,0.558620,0.765236,1.237985,1.029323
16.985662,-34.249014,-32.340159,-35.939717,-34.469243,0.408515,0.591485,1.908855,-1.690703,-0.220229
16.995665,-34.113163,-33.923691,-33.579288,-33.720139,0.408971,0.591029,0.189471,0.533875,0.393024
17.005669,-33.974889,-34.678585,-32.954026,-33.686519,0.424742,0.575258,-0.703696,1.020863,0.288370
17.015672,-33.831632,-35.320931,-32.761397,-33.851926,0.426065,0.573935,-1.489299,1.070236,-0.020294
17.025675,-33.681324,-35.849132,-35.017278,-35.380811,0.437016,0.562984,-2.167808,-1.335954,-1.699487
17.035679,-33.521796,-32.522392,-34.310239,-33.546207,0.427347,0.572653,0.999405,-0.788442,-0.024411
17.045682,-33.345942,-32.478974,-32.152472,-32.293346,0.431465,0.568535,0.866968,1.193470,1.052596
17.055685,-33.164292,-32.298246,-34.078404,-33.339590,0.415027,0.584973,0.866045,-0.914112,-0.175298
17.065689,-32.986624,-33.179613,-33.346259,-33.272613,0.441931,0.558069,-0.192989,-0.359635,-0.285989
17.075692,-32.799223,-30.688820,-30.908172,-30.814832,0.425524,0.574476,2.110402,1.891051,1.984390
17.085695,-32.583698,-33.309876,-32.641057,-32.929437,0.431178,0.568822,-0.726178,-0.057359,-0.345739
17.095699,-32.370594,-30.937690,-33.242723,-32.301272,0.408433,0.591567,1.432904,-0.872129,0.069322
17.105702,-32.172534,-32.230648,-33.225675,-32.824831,0.402848,0.597152,-0.058114,-1.053141,-0.652297
17.115705,-31.958264,-32.870790,-31.559001,-32.102705,0.414475,0.585525,-0.912526,0.399263,-0.144441
17.125709,-31.746228,-30.857433,-33.346006,-32.360552,0.395991,0.604009,0.888795,-1.599778,-0.614324
17.135712,-31.567206,-30.952752,-31.864010,-31.508675,0.389939,0.610061,0.614454,-0.296803,0.058532
17.145715,-31.375832,-30.840372,-30.975955,-30.924662,0.378316,0.621684,0.535459,0.399877,0.451170
17.155719,-31.192869,-31.070952,-29.633889,-30.192161,0.388481,0.611519,0.121918,1.558980,1.000708
17.165722,-31.011631,-31.068471,-30.210573,-30.540245,0.384279,0.615721,-0.056840,0.801058,0.471386
17.175725,-30.825775,-27.243217,-31.682654,-30.122639,0.351399,0.648601,3.582558,-0.856878,0.703136
17.185729,-30.637434,-28.861049,-29.223331,-29.087270,0.375567,0.624433,1.776385,1.414103,1.550164
17.195732,-30.438828,-29.354587,-30.798246,-30.277424,0.360765,0.639235,1.084240,-0.359418,0.161403
17.205735,-30.247151,-30.079452,-31.729994,-31.142069,0.356201,0.643799,0.167699,-1.482844,-0.894918
17.215739,-30.048160,-28.537425,-30.254610,-29.660979,0.345700,0.654300,1.510736,-0.206450,0.387182
17.225742,-29.853461,-29.076469,-28.127658,-28.463111,0.353550,0.646450,0.776992,1.725803,1.390351
17.235745,-29.648070,-29.608763,-29.449782,-29.506280,0.355377,0.644623,0.039307,0.198288,0.141790
17.245749,-29.433858,-29.889205,-29.418832,-29.584390,0.351973,0.648027,-0.455346,0.015026,-0.150532
17.255752,-29.234107,-29.355483,-27.269453,-28.066996,0.382326,0.617674,-0.121376,1.964654,1.167111
17.265755,-29.018465,-33.774104,-30.736091,-31.882620,0.377394,0.622606,-4.755639,-1.717626,-2.864155
17.275759,-28.811294,-28.495393,-30.354013,-29.650034,0.378764,0.621236,0.315901,-1.542719,-0.838740
17.285762,-28.592417,-29.325131,-30.531432,-30.069034,0.383319,0.616681,-0.732714,-1.939016,-1.476618
17.295765,-28.368468,-25.979463,-27.921290,-27.178967,0.382281,0.617719,2.389005,0.447178,1.189501
17.305769,-28.117394,-28.088378,-27.917602,-27.984540,0.391965,0.608035,0.029016,0.199792,0.132854
17.315772,-27.870174,-29.653619,-26.018890,-27.432164,0.388825,0.611175,-1.783445,1.851284,0.438010
17.325775,-27.628688,-27.703509,-27.336518,-27.478301,0.386339,0.613661,-0.074820,0.292170,0.150387
17.335779,-27.387977,-28.957159,-27.872966,-28.278483,0.374027,0.625973,-1.569182,-0.484989,-0.890506
17.345782,-27.152295,-26.442184,-27.150141,-26.876325,0.386769,0.613231,0.710111,0.002154,0.275970
17.355785,-26.905085,-26.468664,-26.763836,-26.646362,0.397985,0.602015,0.436421,0.141249,0.258723
17.365789,-26.682614,-25.245855,-28.688728,-27.387801,0.377861,0.622139,1.436759,-2.006114,-0.705187
17.375792,-26.476393,-27.662716,-23.223995,-25.105082,0.423790,0.576210,-1.186323,3.252398,1.371311
17.385795,-26.286602,-26.235590,-25.662757,-25.901018,0.415934,0.584066,0.051012,0.623845,0.385584
17.395799,-26.082936,-28.130469,-25.830926,-26.797344,0.420265,0.579735,-2.047533,0.252010,-0.714408
17.405802,-25.854018,-24.801776,-25.115821,-24.985526,0.414891,0.585109,1.052242,0.738197,0.868491
17.415805,-25.627124,-24.848817,-24.775831,-24.805805,0.410673,0.589327,0.778307,0.851293,0.821320
17.425809,-25.403217,-24.659509,-25.571881,-25.197728,0.410089,0.589911,0.743708,-0.168664,0.205489
17.435812,-25.178706,-25.176278,-25.936196,-25.632757,0.399304,0.600696,0.002429,-0.757489,-0.454051
17.445815,-24.937217,-24.315058,-24.217876,-24.257393,0.406629,0.593371,0.622159,0.719341,0.679824
17.455819,-24.710121,-22.303612,-24.247268,-23.504407,0.382198,0.617802,2.406509,0.462853,1.205714
17.465822,-24.479903,-24.907544,-25.451771,-25.254206,0.363020,0.636980,-0.427641,-0.971868,-0.774303
17.475825,-24.235518,-24.027550,-22.532675,-23.082920,0.368088,0.631912,0.207968,1.702843,1.152598
17.485829,-23.984105,-25.613295,-23.632083,-24.419046,0.397213,0.602787,-1.629189,0.352022,-0.434941
17.495832,-23.730351,-25.032743,-22.854568,-23.727026,0.400545,0.599455,-1.302391,0.875783,0.003326
17.505835,-23.462090,-23.315370,-21.791784,-22.404051,0.401859,0.598141,0.146720,1.670305,1.058039
17.515839,-23.234913,-21.579012,-23.208646,-22.596407,0.375691,0.624309,1.655900,0.026267,0.638506
17.525842,-22.998022,-23.382443,-22.617680,-22.908644,0.380463,0.619537,-0.384421,0.380342,0.089378
17.535845,-22.771416,-23.125291,-21.799384,-22.328336,0.398936,0.601064,-0.353875,0.972033,0.443081
17.545849,-22.572723,-23.183051,-23.442557,-23.340397,0.393672,0.606328,-0.610328,-0.869833,-0.767673
17.555852,-22.366760,-23.168895,-22.301898,-22.644240,0.394860,0.605140,-0.802135,0.064862,-0.277480
17.565855,-22.140603,-21.698146,-21.989945,-21.874657,0.395093,0.604907,0.442457,0.150658,0.265946
17.575859,-21.916960,-24.162847,-23.064231,-23.484327,0.382387,0.617613,-2.245886,-1.147270,-1.567366
17.585862,-21.679472,-19.758063,-18.898308,-19.230470,0.386345,0.613655,1.921409,2.781164,2.449002
17.595865,-21.418274,-22.416408,-23.107027,-22.840729,0.385593,0.614407,-0.998133,-1.688752,-1.422455
17.605869,-21.137876,-20.055020,-22.695600,-21.650958,0.395611,0.604389,1.082855,-1.557725,-0.513083
17.615872,-20.833438,-22.738436,-19.256366,-20.603392,0.386846,0.613154,-1.904998,1.577072,0.230046
17.625875,-20.518477,-19.515217,-19.662558,-19.607902,0.370947,0.629053,1.003260,0.855920,0.910575
17.635879,-20.203015,-19.195098,-21.434173,-20.590019,0.377010,0.622990,1.007917,-1.231158,-0.387004
17.645882,-19.912213,-19.335910,-19.183466,-19.240700,0.375438,0.624562,0.576303,0.728747,0.671514
17.655885,-19.625684,-21.117327,-17.864264,-19.057090,0.366678,0.633322,-1.491643,1.761421,0.568594
17.665889,-19.352377,-18.978054,-19.388692,-19.236859,0.369751,0.630249,0.374322,-0.036316,0.115518
17.675892,-19.047052,-20.821636,-15.928464,-17.654468,0.352737,0.647263,-1.774584,3.118587,1.392584
17.685895,-18.744975,-19.124120,-20.813850,-20.199309,0.363692,0.636308,-0.379145,-2.068874,-1.454333
17.695899,-18.441655,-16.897536,-17.609067,-17.353391,0.359333,0.640667,1.544120,0.832588,1.088265
17.705902,-18.130670,-16.935617,-16.730836,-16.802595,0.350417,0.649583,1.195053,1.399834,1.328075
17.715905,-17.819652,-17.796878,-16.750039,-17.110513,0.344345,0.655655,0.022774,1.069613,0.709139
17.725909,-17.483831,-18.946040,-17.729057,-18.141060,0.338544,0.661456,-1.462210,-0.245227,-0.657229
17.735912,-17.158021,-16.189639,-17.506550,-17.055285,0.342670,0.657330,0.968382,-0.348530,0.102736
17.745915,-16.829943,-16.800871,-16.296969,-16.469730,0.342846,0.657154,0.029072,0.532974,0.360213
17.755919,-16.513659,-19.994132,-15.534753,-16.971292,0.322139,0.677861,-3.480473,0.978905,-0.457633
17.765922,-16.217807,-15.043862,-15.494839,-15.339367,0.344745,0.655255,1.173945,0.722968,0.878440
17.775925,-15.931724,-15.968073,-14.683655,-15.110223,0.332110,0.667890,-0.036349,1.248069,0.821501
17.785929,-15.646768,-13.843092,-16.869412,-15.867006,0.331229,0.668771,1.803677,-1.222644,-0.220238
17.795932,-15.368822,-17.011728,-15.642148,-16.085230,0.323516,0.676484,-1.642906,-0.273325,-0.716407
17.805935,-15.101819,-19.866874,-16.229838,-17.330182,0.302539,0.697461,-4.765056,-1.128019,-2.228364
17.815939,-14.856444,-14.437818,-15.319779,-15.043921,0.312778,0.687222,0.418626,-0.463335,-0.187477
17.825942,-14.612806,-14.175460,-13.394541,-13.638754,0.312726,0.687274,0.437346,1.218265,0.974051
17.835945,-14.392226,-16.928234,-14.262645,-15.080046,0.306649,0.693351,-2.536007,0.129581,-0.687820
17.845949,-14.160687,-15.628436,-11.032456,-12.424797,0.302947,0.697053,-1.467749,3.128231,1.735890
17.855952,-13.928374,-9.795547,-13.696286,-12.526174,0.299972,0.700028,4.132827,0.232088,1.402200
17.865955,-13.718389,-14.176805,-13.646759,-13.798140,0.285600,0.714400,-0.458416,0.071630,-0.079751
17.875959,-13.513462,-12.417024,-13.386043,-13.109974,0.284895,0.715105,1.096438,0.127420,0.403488
17.885962,-13.320228,-14.296217,-14.085598,-14.146093,0.287225,0.712775,-0.975990,-0.765370,-0.825865
17.895965,-13.122592,-16.258046,-13.191996,-14.059121,0.282815,0.717185,-3.135454,-0.069404,-0.936529
17.905969,-12.905245,-13.160632,-11.551899,-11.999285,0.278098,0.721902,-0.255387,1.353346,0.905960
17.915972,-12.716460,-13.114866,-12.579695,-12.727693,0.276543,0.723457,-0.398407,0.136765,-0.011233
17.925975,-12.526327,-13.126144,-13.478478,-13.380086,0.279259,0.720741,-0.599817,-0.952152,-0.853759
17.935979,-12.338976,-12.510937,-13.449078,-13.183709,0.282867,0.717133,-0.171961,-1.110102,-0.844733
17.945982,-12.141930,-11.745528,-12.682173,-12.412923,0.287462,0.712538,0.396402,-0.540242,-0.270993
17.955985,-11.942080,-12.167256,-11.853444,-11.943004,0.285394,0.714606,-0.225175,0.088636,-0.000924
17.965989,-11.753910,-13.649919,-10.321606,-11.224520,0.271283,0.728717,-1.896009,1.432304,0.529390
17.975992,-11.570901,-10.841624,-13.179488,-12.510400,0.286196,0.713804,0.729277,-1.608586,-0.939498
17.985995,-11.400199,-14.324257,-11.783991,-12.501042,0.282274,0.717726,-2.924058,-0.383792,-1.100843
17.995999,-11.213699,-14.289235,-11.040527,-11.937211,0.276013,0.723987,-3.075536,0.173172,-0.723513
18.006002,-11.027251,-9.918481,-13.227698,-12.245580,0.296783,0.703217,1.108771,-2.200447,-1.218329
18.016005,-10.812659,-10.052129,-11.812977,-11.283099,0.300922,0.699078,0.760530,-1.000318,-0.470440
18.026009,-10.599406,-10.685499,-11.415272,-11.191049,0.307250,0.692750,-0.086093,-0.815866,-0.591643
18.036012,-10.397205,-12.490378,-11.352369,-11.702272,0.307469,0.692531,-2.093173,-0.955164,-1.305067
18.046015,-10.218114,-11.279981,-9.987847,-10.374361,0.299128,0.700872,-1.061866,0.230267,-0.156246
18.056019,-10.066429,-10.460549,-10.259101,-10.319755,0.301088,0.698912,-0.394120,-0.192672,-0.253325
18.066022,-9.938809,-12.332650,-10.605153,-11.110864,0.292742,0.707258,-2.393841,-0.666343,-1.172055
18.076025,-9.807438,-10.915981,-9.293883,-9.761360,0.288193,0.711807,-1.108543,0.513555,0.046078
18.086029,-9.668698,-8.690203,-7.601009,-7.914384,0.287714,0.712286,0.978496,2.067690,1.754314
18.096032,-9.553954,-7.412996,-7.586846,-7.538728,0.276777,0.723223,2.140958,1.967108,2.015226
18.106035,-9.426014,-10.055166,-11.733340,-11.273998,0.273715,0.726285,-0.629152,-2.307326,-1.847984
18.116039,-9.305575,-8.170842,-8.613088,-8.485959,0.287463,0.712537,1.134733,0.692487,0.819616
18.126042,-9.183175,-12.054265,-9.396803,-10.128134,0.275199,0.724801,-2.871090,-0.213628,-0.944959
18.136045,-9.036837,-8.047660,-8.850651,-8.640400,0.261835,0.738165,0.989177,0.186186,0.396437
18.146049,-8.877339,-10.083262,-9.355279,-9.544388,0.259772,0.740228,-1.205923,-0.477940,-0.667049
18.156052,-8.722188,-8.261170,-8.581082,-8.494420,0.270892,0.729108,0.461018,0.141106,0.227768
18.166055,-8.580715,-8.952344,-8.399026,-8.545811,0.265281,0.734719,-0.371629,0.181689,0.034904
18.176059,-8.471802,-6.491181,-9.166545,-8.403489,0.285216,0.714784,1.980621,-0.694742,0.068314
18.186062,-8.373895,-9.685548,-9.449536,-9.511936,0.264393,0.735607,-1.311653,-1.075641,-1.138041
18.196065,-8.279350,-7.337941,-8.817785,-8.421813,0.267577,0.732423,0.941409,-0.538435,-0.142463
18.206069,-8.199802,-8.619063,-7.918691,-8.105015,0.266036,0.733964,-0.419261,0.281111,0.094787
18.216072,-8.122382,-8.359840,-7.403586,-7.657908,0.265957,0.734043,-0.237458,0.718796,0.464473
18.226075,-8.043964,-8.319745,-7.019945,-7.363579,0.264375,0.735625,-0.275781,1.024019,0.680385
18.236079,-7.969076,-9.237585,-8.562104,-8.735290,0.256390,0.743610,-1.268510,-0.593028,-0.766215
18.246082,-7.904087,-7.925235,-7.563474,-7.656177,0.256255,0.743745,-0.021148,0.340613,0.247910
18.256085,-7.836699,-7.930671,-6.681696,-7.022321,0.272724,0.727276,-0.093972,1.155003,0.814377
18.266089,-7.762816,-7.400956,-6.364102,-6.643364,0.269336,0.730664,0.361860,1.398714,1.119452
18.276092,-7.705437,-7.578679,-7.776036,-7.721845,0.274583,0.725417,0.126758,-0.070599,-0.016409
18.286095,-7.627009,-6.430017,-7.892127,-7.498791,0.269019,0.730981,1.196992,-0.265118,0.128218
18.296099,-7.550216,-6.164953,-7.320867,-7.000581,0.277085,0.722915,1.385263,0.229349,0.549636
18.306102,-7.473295,-9.049230,-8.852944,-8.912193,0.301852,0.698148,-1.575935,-1.379649,-1.438898
18.316105,-7.385904,-6.082745,-7.618235,-7.153141,0.302896,0.697104,1.303159,-0.232331,0.232763
18.326109,-7.295189,-9.074694,-6.401685,-7.179892,0.291135,0.708865,-1.779505,0.893504,0.115298
18.336112,-7.190359,-6.308575,-6.420022,-6.385964,0.305603,0.694397,0.881784,0.770337,0.804395
18.346115,-7.081432,-6.151823,-7.405753,-7.002381,0.321686,0.678314,0.929608,-0.324321,0.079051
18.356119,-6.981909,-9.848884,-6.720647,-7.649466,0.296915,0.703085,-2.866975,0.261262,-0.667557
18.366122,-6.877162,-6.737693,-7.866743,-7.518561,0.308385,0.691615,0.139469,-0.989580,-0.641399
18.376125,-6.789781,-7.492525,-5.945591,-6.407291,0.298461,0.701539,-0.702744,0.844191,0.382490
18.386129,-6.700947,-7.839094,-6.794332,-7.100175,0.292739,0.707261,-1.138148,-0.093386,-0.399228
18.396132,-6.612788,-4.586510,-6.943930,-6.186723,0.321201,0.678799,2.026278,-0.331142,0.426065
18.406135,-6.527928,-7.508446,-6.961996,-7.139167,0.324222,0.675778,-0.980519,-0.434069,-0.611240
18.416139,-6.445165,-7.654730,-6.520637,-6.884034,0.320430,0.679570,-1.209565,-0.075473,-0.438870
18.426142,-6.390795,-6.277253,-6.928249,-6.718994,0.321438,0.678562,0.113542,-0.537453,-0.328199
18.436145,-6.344766,-5.316381,-5.554994,-5.480023,0.314196,0.685804,1.028385,0.789772,0.864743
18.446149,-6.297435,-6.509908,-6.771775,-6.690265,0.311265,0.688735,-0.212473,-0.474340,-0.392830
18.456152,-6.247802,-4.498246,-4.336245,-4.387053,0.313631,0.686369,1.749556,1.911557,1.860748
18.466155,-6.213682,-5.417219,-4.455430,-4.768763,0.325782,0.674218,0.796463,1.758253,1.444919
18.476159,-6.160646,-9.427963,-7.230498,-7.880985,0.296017,0.703983,-3.267317,-1.069852,-1.720339
18.486162,-6.120708,-6.914908,-6.037063,-6.307628,0.308215,0.691785,-0.794200,0.083645,-0.186920
18.496165,-6.066308,-6.909071,-6.847096,-6.867853,0.334920,0.665080,-0.842763,-0.780788,-0.801545
18.506169,-6.005609,-5.286568,-6.397586,-6.048488,0.314214,0.685786,0.719041,-0.391977,-0.042879
18.516172,-5.954725,-9.891950,-3.551812,-5.288669,0.273946,0.726054,-3.937226,2.402913,0.666056
18.526175,-5.877313,-2.053798,-6.246398,-5.092359,0.275256,0.724744,3.823515,-0.369086,0.784954
18.536179,-5.817960,-5.021421,-5.385689,-5.283771,0.279787,0.720213,0.796539,0.432271,0.534189
18.546182,-5.744939,-5.521623,-5.095353,-5.216330,0.283803,0.716197,0.223315,0.649586,0.528609
18.556185,-5.657055,-3.884703,-6.857810,-5.971678,0.298049,0.701951,1.772352,-1.200755,-0.314623
18.566189,-5.579406,-2.063925,-6.605520,-5.144344,0.321732,0.678268,3.515481,-1.026115,0.435061
18.576192,-5.481025,-4.174905,-6.928252,-5.997316,0.338111,0.661889,1.306120,-1.447227,-0.516291
18.586195,-5.386592,-3.963372,-6.449757,-5.654415,0.319879,0.680121,1.423220,-1.063165,-0.267823
18.596199,-5.288017,-5.091982,-8.708053,-7.534089,0.324652,0.675348,0.196035,-3.420036,-2.246071
18.606202,-5.185735,-5.398023,-4.532236,-4.811132,0.322130,0.677870,-0.212289,0.653499,0.374602
18.616205,-5.085672,-5.799365,-2.620639,-3.738005,0.351514,0.648486,-0.713693,2.465033,1.347667
18.626209,-4.973646,-6.212814,-4.796262,-5.292933,0.350620,0.649380,-1.239168,0.177385,-0.319287
18.636212,-4.849943,-5.880464,-6.549466,-6.312504,0.354201,0.645799,-1.030521,-1.699523,-1.462561
18.646215,-4.752715,-6.778549,-5.524047,-5.967182,0.353236,0.646764,-2.025834,-0.771332,-1.214467
18.656219,-4.636116,-4.749923,-5.186768,-5.032705,0.352672,0.647328,-0.113807,-0.550652,-0.396589
18.666222,-4.544688,-7.071689,-5.765790,-6.225743,0.352212,0.647788,-2.527001,-1.221102,-1.681055
18.676225,-4.437955,-4.151580,-3.405735,-3.673688,0.359260,0.640740,0.286375,1.032219,0.764267
18.686229,-4.314534,-4.369030,-3.342222,-3.709443,0.357634,0.642366,-0.054496,0.972312,0.605091
18.696232,-4.207725,-3.987322,-5.594267,-5.018190,0.358492,0.641508,0.220403,-1.386542,-0.810465
18.706235,-4.107291,-4.890489,-3.237194,-3.828671,0.357757,0.642243,-0.783197,0.870097,0.278620
18.716239,-4.023644,0.591646,-2.191469,-1.195532,0.357850,0.642150,4.615291,1.832175,2.828112
18.726242,-3.943388,-1.903215,-1.660319,-1.747536,0.359074,0.640926,2.040174,2.283070,2.195852
18.736245,-3.867914,-5.734727,-0.429659,-2.384050,0.368401,0.631599,-1.866814,3.438254,1.483864
18.746249,-3.780895,-3.431593,-4.863286,-4.322075,0.378021,0.621979,0.349302,-1.082391,-0.541180
18.756252,-3.674395,-4.586405,-0.285331,-1.905907,0.376784,0.623216,-0.912009,3.389065,1.768489
18.766255,-3.547174,-5.068893,-3.972221,-4.379895,0.371737,0.628263,-1.521720,-0.425048,-0.832721
18.776259,-3.428639,-5.438747,-4.139597,-4.612898,0.364316,0.635684,-2.010108,-0.710959,-1.184259
18.786262,-3.313480,-2.665155,-2.920993,-2.828920,0.359886,0.640114,0.648325,0.392487,0.484560
18.796265,-3.223802,-4.245873,-3.922276,-4.037523,0.356145,0.643855,-1.022070,-0.698474,-0.813721
18.806269,-3.146392,-1.694653,-2.667539,-2.318962,0.358292,0.641708,1.451739,0.478853,0.827430
18.816272,-3.054664,-1.563991,-4.638757,-3.507292,0.367984,0.632016,1.490673,-1.584093,-0.452628
18.826275,-2.938886,-0.878014,-3.225389,-2.317889,0.386602,0.613398,2.060872,-0.286503,0.620997
18.836279,-2.841855,-4.120435,-1.299156,-2.357485,0.375124,0.624876,-1.278580,1.542699,0.484370
18.846282,-2.753904,-2.040856,-2.822378,-2.529896,0.374247,0.625753,0.713048,-0.068474,0.224008
18.856285,-2.666526,-1.717844,-2.496611,-2.188072,0.396189,0.603811,0.948681,0.169915,0.478453
18.866289,-2.575120,-3.286387,-2.004809,-2.497384,0.384350,0.615650,-0.711267,0.570310,0.077735
18.876292,-2.496040,-3.653698,-1.091246,-2.061341,0.378581,0.621419,-1.157658,1.404794,0.434699
18.886295,-2.410758,0.003523,-4.397028,-2.679333,0.390336,0.609664,2.414281,-1.986270,-0.268575
18.896299,-2.332755,-1.991511,-1.631326,-1.774944,0.398735,0.601265,0.341244,0.701429,0.557810
18.906302,-2.255123,-1.301172,-2.576890,-2.066522,0.400063,0.599937,0.953952,-0.321767,0.188601
18.916305,-2.169453,-3.402567,-1.969488,-2.542986,0.400186,0.599814,-1.233114,0.199965,-0.373533
18.926309,-2.083858,-3.912785,-0.811918,-2.008580,0.385912,0.614088,-1.828927,1.271940,0.075279
18.936312,-2.004980,-2.859155,-3.438004,-3.212022,0.390400,0.609600,-0.854175,-1.433024,-1.207041
18.946315,-1.927904,-2.113936,-3.143077,-2.735063,0.396462,0.603538,-0.186032,-1.215173,-0.807158
18.956319,-1.852308,-3.448638,-4.174824,-3.881801,0.403509,0.596491,-1.596330,-2.322516,-2.029494
18.966322,-1.782412,-1.797180,-2.441403,-2.181192,0.403915,0.596085,-0.014767,-0.658991,-0.398779
18.976325,-1.716539,-4.249297,-0.120020,-1.792219,0.404962,0.595038,-2.532758,1.596519,-0.075680
18.986329,-1.626817,-3.306889,-1.771522,-2.388154,0.401619,0.598381,-1.680071,-0.144705,-0.761336
18.996332,-1.528862,-0.522495,-3.137012,-2.057164,0.413020,0.586980,1.006367,-1.608150,-0.528302
19.006335,-1.435534,-0.529848,-2.018349,-1.408234,0.409885,0.590115,0.905686,-0.582814,0.027300
19.016339,-1.331939,-1.919754,-3.117373,-2.649051,0.391044,0.608956,-0.587815,-1.785434,-1.317112
19.026342,-1.233558,-2.760204,-2.583781,-2.658154,0.421559,0.578441,-1.526646,-1.350223,-1.424596
19.036345,-1.117777,-2.658882,-0.651194,-1.521481,0.433477,0.566523,-1.541105,0.466583,-0.403704
19.046349,-0.996683,-1.556585,-2.405331,-2.041745,0.428381,0.571619,-0.559902,-1.408648,-1.045062
19.056352,-0.877441,0.089337,0.457721,0.295148,0.441312,0.558688,0.966778,1.335161,1.172589
19.066355,-0.751721,0.640648,-0.837065,-0.201227,0.430285,0.569715,1.392369,-0.085344,0.550494
19.076359,-0.649816,-1.394614,-0.547102,-0.894343,0.409718,0.590282,-0.744798,0.102714,-0.244527
19.086362,-0.565016,-2.295255,-0.899064,-1.442328,0.389104,0.610896,-1.730239,-0.334048,-0.877311
19.096365,-0.498295,-0.096530,0.429122,0.244179,0.351836,0.648164,0.401765,0.927417,0.742474
19.106369,-0.429563,-1.664866,0.510229,-0.248176,0.348676,0.651324,-1.235302,0.939792,0.181388
19.116372,-0.334981,-1.112360,0.067084,-0.347731,0.351704,0.648296,-0.777379,0.402065,-0.012750
19.126375,-0.207119,1.780796,0.470628,0.942986,0.360532,0.639468,1.987914,0.677747,1.150104
19.136379,-0.069941,1.170732,-0.324449,0.208331,0.356331,0.643669,1.240673,-0.254508,0.278272
19.146382,0.074475,0.311436,0.725118,0.575191,0.362423,0.637577,0.236961,0.650644,0.500716
19.156385,0.191586,-1.716293,-0.213867,-0.741076,0.350905,0.649095,-1.907879,-0.405453,-0.932662
19.166389,0.300323,0.617418,0.303001,0.415798,0.358750,0.641250,0.317095,0.002678,0.115475
19.176392,0.397025,1.991011,0.067453,0.772239,0.366397,0.633603,1.593986,-0.329572,0.375213
19.186395,0.484222,-0.079229,-0.064440,-0.069923,0.370761,0.629239,-0.563450,-0.548662,-0.554145
19.196399,0.568722,2.595393,-0.258212,0.784454,0.365386,0.634614,2.026671,-0.826934,0.215732
19.206402,0.645971,2.585089,1.207199,1.728158,0.378084,0.621916,1.939118,0.561228,1.082186
19.216405,0.693377,3.188976,2.266104,2.625430,0.389357,0.610643,2.495599,1.572727,1.932053
19.226409,0.751906,1.209771,2.157229,1.788174,0.389521,0.610479,0.457865,1.405322,1.036268
19.236412,0.794228,1.675315,-0.713651,0.212683,0.387755,0.612245,0.881088,-1.507878,-0.581545
19.246415,0.840053,2.961334,2.387096,2.612648,0.392785,0.607215,2.121281,1.547044,1.772595
19.256419,0.916898,1.587989,0.535107,0.896457,0.343201,0.656799,0.671091,-0.381790,-0.020441
19.266422,0.979798,0.227947,1.700678,1.193737,0.344218,0.655782,-0.751851,0.720880,0.213939
19.276425,1.004618,0.331804,-0.082840,0.058408,0.340650,0.659350,-0.672814,-1.087458,-0.946210
19.286429,1.025099,1.382931,1.195475,1.259364,0.340822,0.659178,0.357832,0.170376,0.234265
19.296432,1.062053,-0.873789,1.438521,0.642128,0.344414,0.655586,-1.935842,0.376468,-0.419925
19.306435,1.128308,0.913420,-0.653217,-0.103701,0.350762,0.649238,-0.214888,-1.781526,-1.232009
19.316439,1.175988,2.820809,1.905908,2.235518,0.360268,0.639732,1.644821,0.729921,1.059530
19.326442,1.231023,-2.055858,2.846145,1.050885,0.366230,0.633770,-3.286881,1.615122,-0.180137
19.336445,1.278968,3.580691,1.069390,1.963174,0.355905,0.644095,2.301723,-0.209578,0.684206
19.346449,1.325227,3.008789,2.957429,2.976016,0.361904,0.638096,1.683561,1.632202,1.650789
19.356452,1.411060,0.721413,1.183428,1.012969,0.368946,0.631054,-0.689647,-0.227632,-0.398091
19.366455,1.474176,2.289262,2.493678,2.419716,0.361820,0.638180,0.815086,1.019501,0.945540
19.376459,1.540972,1.545694,-1.121312,-0.187803,0.350021,0.649979,0.004722,-2.662284,-1.728775
19.386462,1.614650,3.459636,4.517184,4.105707,0.389086,0.610914,1.844986,2.902533,2.491057
19.396465,1.704468,3.178492,3.499017,3.374240,0.389289,0.610711,1.474025,1.794550,1.669773
19.406469,1.795575,-0.304531,1.454024,0.771753,0.387972,0.612028,-2.100106,-0.341551,-1.023822
19.416472,1.891121,2.772015,-0.475386,0.792221,0.390345,0.609655,0.880894,-2.366507,-1.098900
19.426475,1.980601,1.672160,2.326235,2.081414,0.374301,0.625699,-0.308442,0.345634,0.100812
19.436479,2.073939,2.198188,0.341229,1.036145,0.374223,0.625777,0.124249,-1.732711,-1.037794
19.446482,2.161943,1.069685,2.695767,2.074307,0.382183,0.617817,-1.092258,0.533824,-0.087636
19.456485,2.259094,4.881300,2.752973,3.530789,0.365459,0.634541,2.622206,0.493879,1.271694
19.466489,2.350507,3.910600,1.220823,2.182660,0.357590,0.642410,1.560093,-1.129684,-0.167847
19.476492,2.447393,1.337737,3.792554,2.929183,0.351705,0.648295,-1.109657,1.345160,0.481789
19.486495,2.543647,0.541731,3.510337,2.451085,0.356818,0.643182,-2.001916,0.966690,-0.092562
19.496499,2.656599,2.078090,3.827587,3.174134,0.373509,0.626491,-0.578509,1.170988,0.517536
19.506502,2.768554,3.420308,2.779183,3.020927,0.377062,0.622938,0.651754,0.010629,0.252373
19.516506,2.853690,3.213998,1.155061,1.920845,0.371932,0.628068,0.360309,-1.698629,-0.932845
19.526509,2.957584,4.837283,4.131031,4.389171,0.365507,0.634493,1.879699,1.173447,1.431587
19.536512,3.047684,4.232564,2.723239,3.254764,0.352161,0.647839,1.184880,-0.324446,0.207080
19.546516,3.127798,4.582152,1.460062,2.520908,0.339787,0.660213,1.454354,-1.667736,-0.606890
19.556519,3.198817,3.689100,4.821264,4.428101,0.347267,0.652733,0.490283,1.622447,1.229284
19.566522,3.290310,1.206362,5.809599,4.053930,0.381399,0.618601,-2.083948,2.519289,0.763620
19.576526,3.349585,3.056037,3.300087,3.207470,0.379503,0.620497,-0.293548,-0.049498,-0.142116
19.586529,3.455808,5.045942,6.046753,5.657221,0.389217,0.610783,1.590135,2.590945,2.201413
19.596532,3.577659,3.500375,3.687237,3.614959,0.386798,0.613202,-0.077284,0.109578,0.037300
19.606536,3.702615,4.457251,3.246068,3.698049,0.373174,0.626826,0.754636,-0.456547,-0.004566
19.616539,3.826498,3.348375,3.069948,3.172841,0.369553,0.630447,-0.478122,-0.756550,-0.653656
19.626542,3.954416,2.409698,5.918915,4.523994,0.397502,0.602498,-1.544718,1.964499,0.569578
19.636546,4.089895,3.904879,3.153723,3.456617,0.403238,0.596762,-0.185016,-0.936173,-0.633278
19.646549,4.234782,4.698353,5.117105,4.948386,0.402908,0.597092,0.463571,0.882323,0.713604
19.656552,4.387713,3.404181,3.716716,3.590682,0.403265,0.596735,-0.983532,-0.670997,-0.797031
19.666556,4.541681,4.188115,3.989313,4.069648,0.404096,0.595904,-0.353567,-0.552368,-0.472033
19.676559,4.692382,3.283187,5.928682,4.782456,0.433275,0.566725,-1.409195,1.236300,0.090074
19.686562,4.840512,6.519380,4.384468,5.271262,0.415377,0.584623,1.678867,-0.456044,0.430750
19.696566,4.985423,4.543739,4.499668,4.518779,0.433636,0.566364,-0.441684,-0.485754,-0.466644
19.706569,5.147050,7.326183,6.506415,6.860062,0.431399,0.568601,2.179133,1.359366,1.713013
19.716572,5.317257,7.610378,7.234133,7.395546,0.429008,0.570992,2.293122,1.916877,2.078289
19.726576,5.443018,5.321449,6.216645,5.835621,0.425632,0.574368,-0.121569,0.773628,0.392603
19.736579,5.578365,4.065692,4.792642,4.496593,0.407248,0.592752,-1.512673,-0.785724,-1.081772
19.746582,5.716364,2.587517,5.103633,4.135148,0.384913,0.615087,-3.128847,-0.612730,-1.581216
19.756586,5.853805,3.645750,5.949703,5.101875,0.367989,0.632011,-2.208056,0.095898,-0.751930
19.766589,5.985144,3.924392,6.370260,5.487349,0.360980,0.639020,-2.060752,0.385116,-0.497795
19.776592,6.133082,8.200786,4.947643,6.142605,0.367325,0.632675,2.067704,-1.185439,0.009523
19.786596,6.294937,6.468674,7.162583,6.909619,0.364549,0.635451,0.173737,0.867646,0.614682
19.796599,6.444875,7.029282,6.547491,6.729766,0.378327,0.621673,0.584407,0.102616,0.284891
19.806602,6.600619,3.269988,4.541769,4.082806,0.360882,0.639118,-3.330632,-2.058850,-2.517813
19.816606,6.741477,4.944527,5.626765,5.384254,0.355464,0.644536,-1.796950,-1.114712,-1.357223
19.826609,6.861358,8.191978,6.256404,7.008409,0.388518,0.611482,1.330620,-0.604954,0.147051
19.836612,6.971599,7.401761,6.884170,7.081472,0.381192,0.618808,0.430161,-0.087429,0.109872
19.846616,7.094556,6.873748,9.361691,8.423905,0.376932,0.623068,-0.220808,2.267135,1.329349
19.856619,7.231564,8.078827,7.517369,7.730820,0.380172,0.619828,0.847264,0.285806,0.499256
19.866622,7.375993,9.829690,6.367067,7.711635,0.388309,0.611691,2.453697,-1.008926,0.335642
19.876626,7.531011,7.199447,7.795768,7.579324,0.362965,0.637035,-0.331564,0.264757,0.048313
19.886629,7.693461,7.797515,7.270955,7.460332,0.359649,0.640351,0.104055,-0.422505,-0.233128
19.896632,7.845964,8.134859,8.235674,8.199681,0.357016,0.642984,0.288895,0.389710,0.353718
19.906636,8.004640,11.592805,8.701322,9.770029,0.369605,0.630395,3.588164,0.696681,1.765388
19.916639,8.175006,5.025971,9.626083,8.130445,0.325131,0.674869,-3.149034,1.451077,-0.044561
19.926642,8.356345,9.381179,8.327201,8.675093,0.330075,0.669925,1.024835,-0.029144,0.318748
19.936646,8.555155,8.382952,10.521908,9.842419,0.317673,0.682327,-0.172203,1.966753,1.287264
19.946649,8.764192,9.614350,9.853819,9.776213,0.324075,0.675925,0.850158,1.089627,1.012021
19.956652,8.978083,7.992024,8.129156,8.085027,0.321799,0.678201,-0.986059,-0.848927,-0.893056
19.966656,9.207598,9.134151,11.859425,10.998938,0.315743,0.684257,-0.073448,2.651827,1.791339
19.976659,9.436257,10.503372,9.828650,10.046422,0.322758,0.677242,1.067116,0.392393,0.610165
19.986662,9.651230,14.320595,8.649080,10.566155,0.338018,0.661982,4.669365,-1.002149,0.914926
19.996666,9.863326,11.075381,11.846822,11.581181,0.344344,0.655656,1.212054,1.983496,1.717855
20.006669,10.063826,8.791727,12.557159,11.291847,0.336034,0.663966,-1.272098,2.493333,1.228021
20.016672,10.253796,9.618157,10.214166,10.021050,0.324016,0.675984,-0.635640,-0.039630,-0.232747
20.026676,10.441219,9.761098,9.836839,9.812397,0.322698,0.677302,-0.680121,-0.604380,-0.628822
20.036679,10.616381,7.922916,10.409531,9.645268,0.307351,0.692649,-2.693465,-0.206850,-0.971113
20.046682,10.786573,10.291438,11.644251,11.246817,0.293784,0.706216,-0.495135,0.857678,0.460244
20.056686,10.928020,12.027264,12.461448,12.333558,0.294553,0.705447,1.099244,1.533428,1.405538
20.066689,11.072384,9.161036,11.756969,11.005670,0.289414,0.710586,-1.911348,0.684585,-0.066714
20.076692,11.216477,12.789201,11.338545,11.763259,0.292773,0.707227,1.572724,0.122068,0.546781
20.086696,11.348026,12.079688,13.145640,12.842379,0.284498,0.715502,0.731662,1.797614,1.494353
20.096699,11.489200,10.387850,11.113797,10.908178,0.283242,0.716758,-1.101350,-0.375404,-0.581022
20.106702,11.644156,11.431861,12.881259,12.480084,0.276787,0.723213,-0.212294,1.237103,0.835929
20.116706,11.774688,14.172171,11.429013,12.203619,0.282378,0.717622,2.397483,-0.345675,0.428931
20.126709,11.893518,12.993840,12.410746,12.578460,0.287628,0.712372,1.100322,0.517228,0.684942
20.136712,12.000574,12.013749,11.864299,11.907074,0.286219,0.713781,0.013175,-0.136275,-0.093500
20.146716,12.093317,11.736792,12.026294,11.943514,0.285938,0.714062,-0.356525,-0.067023,-0.149802
20.156719,12.198316,12.313230,11.745452,11.910655,0.290965,0.709035,0.114914,-0.452864,-0.287661
20.166722,12.300198,11.532553,13.914023,13.241456,0.282417,0.717583,-0.767645,1.613825,0.941258
20.176726,12.397909,9.240784,11.518397,10.883151,0.278909,0.721091,-3.157124,-0.879511,-1.514758
20.186729,12.465366,15.528633,11.577087,12.710316,0.286781,0.713219,3.063267,-0.888279,0.244950
20.196732,12.542219,12.775207,15.087412,14.432679,0.283164,0.716836,0.232987,2.545192,1.890460
20.206736,12.600330,13.197551,13.773747,13.612517,0.279819,0.720181,0.597221,1.173417,1.012186
20.216739,12.659224,12.572363,9.797088,10.655830,0.309426,0.690574,-0.086862,-2.862136,-2.003394
20.226742,12.722161,11.619486,12.043850,11.911582,0.311684,0.688316,-1.102675,-0.678310,-0.810578
20.236746,12.805381,12.526495,10.630994,11.263152,0.333504,0.666496,-0.278887,-2.174387,-1.542230
20.246749,12.868803,10.469711,11.727974,11.298314,0.341471,0.658529,-2.399092,-1.140829,-1.570490
20.256752,12.886806,16.302435,9.120588,12.036490,0.406010,0.593990,3.415630,-3.766218,-0.850316
20.266756,12.907530,11.055762,12.743142,12.055500,0.407521,0.592479,-1.851768,-0.164387,-0.852030
20.276759,12.955220,11.407271,11.584890,11.515396,0.391253,0.608747,-1.547949,-1.370330,-1.439824
20.286762,13.021399,12.361010,13.093285,12.807833,0.389815,0.610185,-0.660389,0.071886,-0.213566
20.296766,13.090591,15.022704,11.140445,12.729606,0.409339,0.590661,1.932114,-1.950146,-0.360985
20.306769,13.152269,13.174033,13.251764,13.220315,0.404582,0.595418,0.021763,0.099494,0.068046
20.316772,13.225932,11.371728,12.728032,12.182858,0.401956,0.598044,-1.854204,-0.497900,-1.043074
20.326776,13.284843,15.166351,15.087187,15.118489,0.395414,0.604586,1.881508,1.802344,1.833646
20.336779,13.350783,14.447284,15.044411,14.811499,0.390054,0.609946,1.096501,1.693628,1.460716
20.346782,13.424172,14.231824,14.366587,14.312438,0.401806,0.598194,0.807652,0.942415,0.888266
20.356786,13.513318,14.586919,13.121381,13.703046,0.396895,0.603105,1.073601,-0.391937,0.189729
20.366789,13.643680,17.235223,16.026137,16.494230,0.387146,0.612854,3.591543,2.382456,2.850550
20.376792,13.779668,17.057310,11.916026,13.842864,0.374778,0.625222,3.277642,-1.863642,0.063196
20.386796,13.907750,12.877677,12.223479,12.464657,0.368662,0.631338,-1.030073,-1.684270,-1.443093
20.396799,14.035191,16.471019,13.934652,14.832814,0.354114,0.645886,2.435827,-0.100540,0.797623
20.406802,14.135842,14.710594,16.840688,16.007616,0.391097,0.608903,0.574752,2.704846,1.871774
20.416806,14.225871,14.974514,13.983064,14.359605,0.379788,0.620212,0.748644,-0.242807,0.133734
20.426809,14.309580,11.771174,14.089686,13.208280,0.380160,0.619840,-2.538406,-0.219894,-1.101300
20.436812,14.385261,14.129682,12.654968,13.198408,0.368505,0.631495,-0.255579,-1.730292,-1.186853
20.446816,14.463075,13.243840,15.598191,14.711669,0.376546,0.623454,-1.219235,1.135116,0.248594
20.456819,14.528398,15.770486,15.672209,15.708909,0.373430,0.626570,1.242088,1.143812,1.180511
20.466822,14.610405,16.217026,15.557296,15.794062,0.358883,0.641117,1.606621,0.946890,1.183656
20.476826,14.692252,11.580522,13.937187,13.087684,0.360468,0.639532,-3.111730,-0.755065,-1.604568
20.486829,14.773795,14.740743,13.925747,14.242525,0.388687,0.611313,-0.033052,-0.848048,-0.531270
20.496832,14.850257,16.533049,13.298510,14.501510,0.371923,0.628077,1.682792,-1.551747,-0.348748
20.506836,14.928894,14.648876,15.029541,14.894080,0.355852,0.644148,-0.280018,0.100647,-0.034814
20.516839,15.019750,16.113345,13.723261,14.549430,0.345665,0.654335,1.093595,-1.296489,-0.470320
20.526842,15.097417,15.624166,13.684518,14.340230,0.338057,0.661943,0.526748,-1.412900,-0.757188
20.536846,15.165058,15.677548,14.656629,14.994629,0.331075,0.668925,0.512490,-0.508429,-0.170428
20.546849,15.228007,14.821034,14.641019,14.699702,0.325989,0.674011,-0.406972,-0.586987,-0.528304
20.556852,15.270642,13.445771,14.625068,14.242689,0.324243,0.675757,-1.824871,-0.645574,-1.027953
20.566856,15.300903,13.618608,15.860636,15.130472,0.325671,0.674329,-1.682295,0.559734,-0.170431
20.576859,15.323960,16.387989,15.418817,15.736355,0.327638,0.672362,1.064029,0.094857,0.412395
20.586862,15.360087,15.389274,15.014300,15.134015,0.319262,0.680738,0.029187,-0.345787,-0.226072
20.596866,15.400080,15.192311,15.619695,15.483118,0.319566,0.680434,-0.207768,0.219616,0.083038
20.606869,15.442897,14.807062,14.253064,14.426082,0.312308,0.687692,-0.635835,-1.189832,-1.016814
20.616872,15.498392,15.040608,15.624726,15.434649,0.325408,0.674592,-0.457783,0.126334,-0.063742
20.626876,15.551715,17.122082,15.732438,16.179234,0.321518,0.678482,1.570368,0.180723,0.627519
20.636879,15.610788,15.107922,13.807132,14.225198,0.321394,0.678606,-0.502866,-1.803656,-1.385590
20.646882,15.668195,13.656598,16.863028,15.805161,0.329920,0.670080,-2.011597,1.194833,0.136966
20.656886,15.729468,16.844946,14.671747,15.379003,0.325445,0.674555,1.115478,-1.057720,-0.350464
20.666889,15.781877,15.474562,15.890248,15.759686,0.314089,0.685911,-0.307315,0.108372,-0.022191
20.676892,15.797598,15.844692,17.194892,16.761699,0.320836,0.679164,0.047094,1.397294,0.964101
20.686896,15.811274,18.222642,16.922086,17.354146,0.332212,0.667788,2.411367,1.110812,1.542872
20.696899,15.846264,15.815423,15.887464,15.865083,0.310675,0.689325,-0.030841,0.041200,0.018819
20.706902,15.895077,16.328853,15.460078,15.722446,0.301997,0.698003,0.433776,-0.434999,-0.172631
20.716906,15.958274,14.189889,17.095288,16.190121,0.311546,0.688454,-1.768385,1.137014,0.231848
20.726909,16.039886,15.710382,16.849520,16.490287,0.315355,0.684645,-0.329504,0.809634,0.450402
20.736912,16.122664,17.036954,15.380626,15.901324,0.314369,0.685631,0.914289,-0.742038,-0.221341
20.746916,16.208237,13.875177,15.254365,14.814627,0.318838,0.681162,-2.333061,-0.953872,-1.393610
20.756919,16.284374,16.585642,13.797548,14.717483,0.329951,0.670049,0.301268,-2.486826,-1.566892
20.766922,16.355618,16.506804,16.540456,16.529406,0.328367,0.671633,0.151187,0.184838,0.173788
20.776926,16.435955,16.497887,16.336718,16.389478,0.327355,0.672645,0.061931,-0.099237,-0.046478
20.786929,16.534191,18.089929,17.897620,17.960478,0.326857,0.673143,1.555738,1.363430,1.426287
20.796932,16.630138,17.131796,17.061004,17.084707,0.334829,0.665171,0.501658,0.430866,0.454569
20.806936,16.719140,18.936248,18.320215,18.525234,0.332805,0.667195,2.217108,1.601075,1.806094
20.816939,16.807972,15.317588,15.971135,15.752602,0.334380,0.665620,-1.490384,-0.836837,-1.055370
20.826942,16.905645,17.109532,18.271425,17.875992,0.340336,0.659664,0.203887,1.365780,0.970347
20.836946,16.981465,17.108165,16.346765,16.599118,0.331433,0.668567,0.126700,-0.634700,-0.382347
20.846949,17.022690,15.418808,17.955805,17.092114,0.340438,0.659562,-1.603882,0.933115,0.069424
20.856952,17.055574,18.490017,15.305064,16.373842,0.335571,0.664429,1.434443,-1.750510,-0.681732
20.866956,17.070083,20.557093,17.352245,18.365527,0.316172,0.683828,3.487010,0.282162,1.295444
20.876959,17.076940,17.051431,14.695314,15.495538,0.339637,0.660363,-0.025509,-2.381626,-1.581402
20.886962,17.081566,17.839098,16.761001,17.120572,0.333523,0.666477,0.757532,-0.320565,0.039005
20.896966,17.079385,17.206163,17.607810,17.466098,0.352827,0.647173,0.126778,0.528425,0.386713
20.906969,17.098995,16.028618,16.473833,16.326701,0.330475,0.669525,-1.070377,-0.625162,-0.772295
20.916972,17.123467,14.392327,15.862942,15.368420,0.336269,0.663731,-2.731140,-1.260525,-1.755047
20.926976,17.152397,16.093737,18.167740,17.461145,0.340691,0.659309,-1.058660,1.015342,0.308747
20.936979,17.190603,15.102665,17.066448,16.383105,0.347973,0.652027,-2.087938,-0.124155,-0.807498
20.946982,17.211649,19.767803,16.624165,17.622845,0.317683,0.682317,2.556153,-0.587485,0.411195
20.956986,17.248241,17.075576,17.298516,17.227906,0.316723,0.683277,-0.172665,0.050275,-0.020335
20.966989,17.283622,16.764743,20.447625,19.161761,0.349146,0.650854,-0.518879,3.164003,1.878139
20.976992,17.328990,18.662721,18.713193,18.695645,0.347683,0.652317,1.333731,1.384203,1.366655
20.986996,17.358189,15.675563,18.753278,17.631442,0.364503,0.635497,-1.682627,1.395088,0.273253
20.996999,17.364024,16.213728,17.886679,17.253568,0.378440,0.621560,-1.150296,0.522656,-0.110456
21.007002,17.382115,17.484223,17.581897,17.544772,0.380094,0.619906,0.102108,0.199782,0.162657
21.017006,17.405816,18.948970,14.530517,16.283181,0.396669,0.603331,1.543153,-2.875299,-1.122635
21.027009,17.415939,18.168467,16.601163,17.226930,0.399263,0.600737,0.752528,-0.814776,-0.189009
21.037012,17.412997,17.785485,16.836308,17.217404,0.401502,0.598498,0.372488,-0.576689,-0.195593
21.047016,17.426942,17.544119,15.177072,16.121409,0.398951,0.601049,0.117177,-2.249870,-1.305534
21.057019,17.423018,18.023372,16.034119,16.805739,0.387894,0.612106,0.600354,-1.388899,-0.617279
21.067022,17.443742,17.746222,15.066739,16.071998,0.375169,0.624831,0.302479,-2.377004,-1.371745
21.077026,17.450916,15.905957,17.404927,16.829279,0.384029,0.615971,-1.544958,-0.045989,-0.621637
21.087029,17.467651,17.536769,18.450170,18.092649,0.391418,0.608582,0.069119,0.982519,0.624998
21.097032,17.479423,15.868890,18.807552,17.622273,0.403340,0.596660,-1.610533,1.328129,0.142850
21.107036,17.500219,17.621843,17.997961,17.845168,0.406235,0.593765,0.121624,0.497741,0.344949
21.117039,17.512812,16.791840,16.356737,16.532094,0.403024,0.596976,-0.720972,-1.156076,-0.980718
21.127042,17.522938,21.332011,15.204460,17.515760,0.377198,0.622802,3.809072,-2.318478,-0.007178
21.137046,17.533658,17.473816,15.425415,16.185379,0.371003,0.628997,-0.059842,-2.108242,-1.348279
21.147049,17.529323,15.422964,16.006544,15.795806,0.361112,0.638888,-2.106359,-1.522779,-1.733517
21.157052,17.536109,17.334839,16.469478,16.783515,0.362897,0.637103,-0.201270,-1.066632,-0.752595
21.167056,17.535184,18.314222,17.343486,17.689979,0.356939,0.643061,0.779038,-0.191698,0.154795
21.177059,17.530831,20.040877,16.313834,17.558608,0.333984,0.666016,2.510046,-1.216997,0.027777
21.187062,17.511572,16.627394,17.918343,17.471598,0.346059,0.653941,-0.884179,0.406771,-0.039974
21.197066,17.453917,15.080275,17.175188,16.447257,0.347476,0.652524,-2.373642,-0.278728,-1.006660
21.207069,17.393511,18.618766,17.406166,17.823333,0.344027,0.655973,1.225256,0.012655,0.429822
21.217072,17.369415,15.298517,18.737716,17.537631,0.348943,0.651057,-2.070898,1.368301,0.168216
21.227076,17.357137,16.702904,15.940859,16.203084,0.344107,0.655893,-0.654233,-1.416278,-1.154053
21.237079,17.344594,16.958163,17.847039,17.533901,0.352286,0.647714,-0.386431,0.502445,0.189307
21.247082,17.328133,17.223683,17.311365,17.280522,0.351763,0.648237,-0.104450,-0.016768,-0.047611
21.257086,17.312042,18.345788,16.911858,17.402812,0.342383,0.657617,1.033747,-0.400184,0.090771
21.267089,17.304190,16.278738,18.366497,17.630346,0.352603,0.647397,-1.025451,1.062308,0.326157
21.277092,17.278641,16.868047,18.333458,17.803634,0.361553,0.638447,-0.410594,1.054817,0.524994
21.287096,17.269858,17.248453,16.134069,16.533510,0.358441,0.641559,-0.021406,-1.135789,-0.736348
21.297099,17.271824,17.496221,17.053231,17.211288,0.356795,0.643205,0.224397,-0.218593,-0.060536
21.307102,17.284558,17.431299,17.622012,17.553303,0.360275,0.639725,0.146741,0.337454,0.268745
21.317106,17.303844,17.957853,16.976236,17.324192,0.354473,0.645527,0.654009,-0.327608,0.020348
21.327109,17.323386,18.589145,18.025411,18.219245,0.343839,0.656161,1.265759,0.702026,0.895859
21.337112,17.352981,17.941933,17.690412,17.777348,0.345640,0.654360,0.588951,0.337430,0.424366
21.347116,17.391395,18.071773,19.590469,19.060885,0.348710,0.651290,0.680378,2.199073,1.669490
21.357119,17.424421,15.051086,15.588086,15.392949,0.363384,0.636616,-2.373335,-1.836335,-2.031472
21.367122,17.448777,17.524119,17.301854,17.388150,0.388256,0.611744,0.075342,-0.146923,-0.060628
21.377126,17.474613,18.193874,16.384410,17.078703,0.383701,0.616299,0.719261,-1.090203,-0.395910
21.387129,17.523631,18.617043,18.248560,18.391744,0.388577,0.611423,1.093412,0.724929,0.868113
21.397132,17.553966,16.515439,15.613359,15.960274,0.384572,0.615428,-1.038526,-1.940606,-1.593691
21.407136,17.562226,16.573667,17.977801,17.430561,0.389735,0.610265,-0.988559,0.415575,-0.131665
21.417139,17.572942,16.711791,16.816884,16.776134,0.387745,0.612255,-0.861151,-0.756058,-0.796807
21.427142,17.584399,18.389020,16.703405,17.324637,0.368549,0.631451,0.804621,-0.880994,-0.259762
21.437146,17.598434,19.149255,15.862636,17.012422,0.349839,0.650161,1.550822,-1.735798,-0.586011
21.447149,17.616100,17.004910,17.058009,17.038466,0.368032,0.631968,-0.611190,-0.558091,-0.577633
21.457152,17.630382,18.992326,18.931783,18.954190,0.370108,0.629892,1.361943,1.301401,1.323808
21.467156,17.666984,17.852204,17.636758,17.708982,0.335229,0.664771,0.185220,-0.030226,0.041997
21.477159,17.679499,17.493071,18.432716,18.116811,0.336196,0.663804,-0.186429,0.753217,0.437311
21.487162,17.679562,17.362486,19.677132,18.903203,0.334362,0.665638,-0.317076,1.997570,1.223641
21.497166,17.678076,18.797993,17.994582,18.252479,0.321002,0.678998,1.119917,0.316507,0.574403
21.507169,17.651944,18.140311,16.981385,17.346426,0.314983,0.685017,0.488367,-0.670559,-0.305518
21.517172,17.623228,21.036966,18.183930,19.066468,0.309333,0.690667,3.413738,0.560703,1.443241
21.527176,17.619490,16.341153,16.966335,16.767692,0.317737,0.682263,-1.278337,-0.653155,-0.851799
21.537179,17.616074,18.393227,17.010767,17.449297,0.317210,0.682790,0.777153,-0.605307,-0.166777
21.547182,17.616125,16.822323,15.792254,16.125497,0.323516,0.676484,-0.793802,-1.823871,-1.490628
21.557186,17.597273,16.293343,18.708782,17.884374,0.341308,0.658692,-1.303930,1.111509,0.287101
21.567189,17.569214,17.552913,17.106011,17.260541,0.345780,0.654220,-0.016301,-0.463203,-0.308673
21.577192,17.535583,17.741611,17.754100,17.749851,0.340287,0.659713,0.206029,0.218518,0.214268
21.587196,17.497253,21.874513,16.254099,17.949539,0.301657,0.698343,4.377260,-1.243154,0.452286
21.597199,17.478224,17.202006,18.001362,17.770200,0.289185,0.710815,-0.276219,0.523137,0.291975
21.607202,17.467600,15.772331,16.553270,16.329056,0.287109,0.712891,-1.695268,-0.914329,-1.138544
21.617206,17.440324,17.849840,17.270273,17.436405,0.286647,0.713353,0.409516,-0.170050,-0.003919
21.627209,17.416800,14.304840,18.470192,17.118595,0.324486,0.675514,-3.111960,1.053391,-0.298206
21.637212,17.400797,17.262862,18.349709,17.986212,0.334451,0.665549,-0.137935,0.948911,0.585414
21.647216,17.401929,17.425966,17.375492,17.392262,0.332238,0.667762,0.024038,-0.026436,-0.009667
21.657219,17.426766,18.618666,15.305008,16.391227,0.327801,0.672199,1.191901,-2.121757,-1.035538
21.667222,17.436326,18.896760,21.027699,20.252358,0.363849,0.636151,1.460433,3.591373,2.816032
21.677226,17.433705,16.678351,19.528736,18.380194,0.402943,0.597057,-0.755354,2.095031,0.946489
21.687229,17.412226,17.186305,18.279436,17.838529,0.403343,0.596657,-0.225921,0.867210,0.426304
21.697232,17.387279,16.238098,16.483435,16.384135,0.404746,0.595254,-1.149181,-0.903845,-1.003144
21.707236,17.369378,15.677284,17.233067,16.608132,0.401685,0.598315,-1.692094,-0.136311,-0.761245
21.717239,17.366322,17.831164,16.714217,17.155944,0.395477,0.604523,0.464842,-0.652105,-0.210377
21.727242,17.362133,15.451755,18.878760,17.497666,0.403003,0.596997,-1.910378,1.516627,0.135534
21.737246,17.353155,16.731214,17.668158,17.290997,0.402544,0.597456,-0.621940,0.315003,-0.062157
21.747249,17.346471,15.853710,16.405474,16.184006,0.401382,0.598618,-1.492761,-0.940997,-1.162465
21.757252,17.327273,18.151798,16.762367,17.319896,0.401264,0.598736,0.824525,-0.564906,-0.007377
21.767256,17.339457,20.041602,18.684883,19.219326,0.393923,0.606077,2.702145,1.345426,1.879869
21.777259,17.327501,15.375119,19.247619,17.701902,0.399152,0.600848,-1.952382,1.920117,0.374401
21.787262,17.318341,14.538813,19.152339,17.471605,0.364306,0.635694,-2.779528,1.833998,0.153264
21.797266,17.339553,17.152223,18.247991,17.856325,0.357435,0.642565,-0.187330,0.908438,0.516772
21.807269,17.360824,17.384371,17.057675,17.175633,0.361063,0.638937,0.023547,-0.303150,-0.185192
21.817272,17.379203,17.707192,13.489386,15.198317,0.405171,0.594829,0.327989,-3.889817,-2.180886
21.827276,17.392183,16.722702,17.748775,17.341468,0.396957,0.603043,-0.669481,0.356592,-0.050715
21.837279,17.402431,17.101472,17.400236,17.282475,0.394162,0.605838,-0.300959,-0.002195,-0.119956
21.847282,17.433251,17.984517,17.601230,17.752438,0.394503,0.605497,0.551266,0.167979,0.319187
21.857286,17.430832,18.991478,17.495509,18.101169,0.404861,0.595139,1.560646,0.064677,0.670337
21.867289,17.451419,14.518846,15.859905,15.329062,0.395839,0.604161,-2.932573,-1.591515,-2.122358
21.877292,17.450606,16.897197,18.119496,17.655412,0.379681,0.620319,-0.553409,0.668890,0.204806
21.887296,17.445794,17.766507,18.204454,18.040182,0.375096,0.624904,0.320713,0.758660,0.594387
21.897299,17.434554,16.057589,18.253360,17.467207,0.358031,0.641969,-1.376964,0.818807,0.032654
21.907302,17.432164,20.028918,18.568056,19.099893,0.364057,0.635943,2.596754,1.135892,1.667729
21.917306,17.405807,16.452692,18.130669,17.529602,0.358209,0.641791,-0.953115,0.724862,0.123795
21.927309,17.386435,17.324496,16.894400,17.046011,0.352506,0.647494,-0.061939,-0.492035,-0.340424
21.937312,17.397467,18.231500,17.312463,17.622778,0.337653,0.662347,0.834033,-0.085004,0.225311
21.947316,17.388029,16.501102,17.497379,17.164990,0.333632,0.666368,-0.886927,0.109350,-0.223040
21.957319,17.381456,14.611596,17.510695,16.587864,0.318316,0.681684,-2.769860,0.129239,-0.793591
21.967322,17.364966,16.721984,18.562827,17.987071,0.312767,0.687233,-0.642982,1.197861,0.622105
21.977326,17.354897,18.899058,18.127300,18.370364,0.314949,0.685051,1.544161,0.772403,1.015467
21.987329,17.345136,16.839793,19.837948,18.902999,0.311841,0.688159,-0.505343,2.492812,1.557863
21.997332,17.325772,16.056120,19.973534,18.790832,0.301909,0.698091,-1.269651,2.647763,1.465061
22.007336,17.313764,30.702272,17.409344,20.647990,0.243637,0.756363,13.388508,0.095579,3.334226
22.017339,17.328846,28.832684,12.724859,16.820922,0.254290,0.745710,11.503838,-4.603987,-0.507924
22.027342,17.341034,28.575793,18.825233,20.898194,0.212599,0.787401,11.234759,1.484199,3.557160
22.037346,17.363994,29.588179,16.715543,19.064928,0.182510,0.817490,12.224184,-0.648452,1.700934
22.047349,17.367510,30.523635,16.405729,18.610136,0.156143,0.843857,13.156125,-0.961781,1.242626
22.057352,17.356671,32.929241,16.878537,18.984570,0.131211,0.868789,15.572570,-0.478134,1.627899
22.067356,17.352941,30.593795,16.816969,18.480880,0.120776,0.879224,13.240854,-0.535972,1.127939
22.077359,17.371479,31.111239,18.106203,19.574538,0.112905,0.887095,13.739760,0.734724,2.203059
22.087362,17.395315,28.636365,15.523992,17.025023,0.114474,0.885526,11.241051,-1.871323,-0.370292
22.097366,17.414407,27.875605,16.121142,17.428696,0.111239,0.888761,10.461198,-1.293265,0.014289
22.107369,17.433450,29.526947,17.845240,19.082293,0.105897,0.894103,12.093497,0.411790,1.648843
22.117372,17.433699,29.594454,18.181232,19.364841,0.103705,0.896295,12.160755,0.747533,1.931141
22.127376,17.443016,27.825247,18.212866,19.174936,0.100087,0.899913,10.382231,0.769850,1.731921
22.137379,17.465548,29.202607,16.521105,17.754444,0.097255,0.902745,11.737058,-0.944444,0.288896
22.147382,17.481255,30.080231,16.307336,17.612145,0.094737,0.905263,12.598976,-1.173919,0.130890
22.157386,17.489879,30.030469,16.881917,18.068573,0.090250,0.909750,12.540590,-0.607962,0.578694
22.167389,17.502474,30.258906,17.790321,18.843274,0.084448,0.915552,12.756432,0.287847,1.340800
22.177392,17.508493,29.944940,19.291066,20.172147,0.082700,0.917300,12.436447,1.782573,2.663653
22.187396,17.513508,28.752995,15.056584,16.184660,0.082363,0.917637,11.239487,-2.456925,-1.328848
22.197399,17.550009,28.779158,17.285135,18.200613,0.079648,0.920352,11.229149,-0.264875,0.650604
22.207402,17.582732,27.784305,15.983518,16.896343,0.077353,0.922647,10.201573,-1.599214,-0.686389
22.217406,17.610014,32.287177,15.627323,16.885389,0.075515,0.924485,14.677163,-1.982691,-0.724625
22.227409,17.627528,29.647704,18.787876,19.591942,0.074040,0.925960,12.020176,1.160348,1.964413
22.237412,17.656171,29.318891,18.309720,19.110875,0.072772,0.927228,11.662720,0.653549,1.454704
22.247416,17.682037,28.288849,18.221357,18.931478,0.070536,0.929464,10.606812,0.539320,1.249441
22.257419,17.698111,34.101598,18.803342,19.868246,0.069609,0.930391,16.403487,1.105231,2.170134
22.267422,17.733973,28.123981,17.158310,17.905003,0.068094,0.931906,10.390008,-0.575663,0.171030
22.277426,17.791057,29.147785,17.271892,18.038521,0.064553,0.935447,11.356728,-0.519165,0.247464
22.287429,17.839020,30.462776,20.461897,21.108302,0.064635,0.935365,12.623755,2.622877,3.269282
22.297432,17.858890,30.759209,17.563004,18.387234,0.062460,0.937540,12.900319,-0.295885,0.528344
22.307436,17.893832,31.330730,18.775991,19.546795,0.061395,0.938605,13.436898,0.882159,1.652962
22.317439,17.918435,32.629848,17.926093,18.742377,0.055515,0.944485,14.711413,0.007658,0.823942
22.327442,17.954848,30.714085,15.736938,16.557638,0.054797,0.945203,12.759236,-2.217910,-1.397211
22.337446,17.961637,28.377591,15.508082,16.204215,0.054092,0.945908,10.415954,-2.453555,-1.757422
22.347449,17.981801,29.596384,17.287020,17.935675,0.052696,0.947304,11.614582,-0.694781,-0.046126
22.357452,17.983758,30.445506,19.251079,19.840995,0.052697,0.947303,12.461749,1.267322,1.857237
22.367456,17.996671,33.099010,18.942621,19.671328,0.051475,0.948525,15.102339,0.945950,1.674656
22.377459,18.009774,27.913065,19.106666,19.553602,0.050751,0.949249,9.903292,1.096893,1.543828
22.387462,18.008540,31.812405,16.824085,17.568147,0.049643,0.950357,13.803865,-1.184455,-0.440394
22.397466,18.001204,30.271076,19.940251,20.456555,0.049977,0.950023,12.269872,1.939047,2.455351
22.407469,18.004177,31.260923,16.846305,17.549951,0.048815,0.951185,13.256746,-1.157872,-0.454227
22.417472,18.008733,29.855741,18.264122,18.819796,0.047938,0.952062,11.847008,0.255389,0.811063
22.427476,18.022046,28.758397,18.009623,18.518438,0.047337,0.952663,10.736351,-0.012423,0.496393
22.437479,18.064978,31.191288,17.856330,18.480966,0.046842,0.953158,13.126309,-0.208649,0.415987
22.447482,18.084362,31.066008,19.690672,20.230710,0.047474,0.952526,12.981647,1.606311,2.146349
22.457486,18.127964,31.586050,17.281832,17.967309,0.047921,0.952079,13.458085,-0.846133,-0.160655
22.467489,18.173045,30.153088,16.553519,17.207396,0.048081,0.951919,11.980043,-1.619526,-0.965649
22.477492,18.204554,29.304821,18.228549,18.759498,0.047936,0.952064,11.100267,0.023995,0.554944
22.487496,18.216045,27.877865,17.736253,18.207391,0.046456,0.953544,9.661820,-0.479792,-0.008654
22.497499,18.224676,31.453736,22.277536,22.726443,0.048921,0.951079,13.229060,4.052860,4.501767
22.507503,18.247115,30.882950,19.058924,19.636320,0.048832,0.951168,12.635834,0.811809,1.389205
22.517506,18.267596,28.818922,17.776387,18.274969,0.045151,0.954849,10.551326,-0.491209,0.007373
22.527509,18.310703,29.502843,17.043369,17.598097,0.044523,0.955477,11.192139,-1.267334,-0.712606
22.537513,18.331956,29.631818,16.075610,16.700299,0.046081,0.953919,11.299862,-2.256346,-1.631657
22.547516,18.352986,28.128509,17.122723,17.635284,0.046572,0.953428,9.775523,-1.230263,-0.717702
22.557519,18.355187,29.128664,18.493117,18.993571,0.047055,0.952945,10.773476,0.137930,0.638383
22.567523,18.362839,28.662093,20.075633,20.488958,0.048137,0.951863,10.299254,1.712794,2.126119
22.577526,18.383778,29.765060,19.729805,20.215575,0.048406,0.951594,11.381281,1.346027,1.831797
22.587529,18.398365,29.290318,18.673278,19.182359,0.047949,0.952051,10.891954,0.274914,0.783994
22.597533,18.373858,27.933351,17.986057,18.462243,0.047871,0.952129,9.559493,-0.387801,0.088385
22.607536,18.352385,33.386271,18.674960,19.372108,0.047389,0.952611,15.033885,0.322575,1.019723
22.617539,18.337507,32.216318,17.715141,18.398014,0.047091,0.952909,13.878811,-0.622366,0.060507
22.627543,18.328722,29.160193,20.390759,20.808636,0.047652,0.952348,10.831471,2.062037,2.479914
22.637546,18.338491,30.747124,18.111463,18.713995,0.047685,0.952315,12.408632,-0.227028,0.375504
22.647549,18.332176,30.958373,18.228570,18.834120,0.047569,0.952431,12.626198,-0.103605,0.501944
22.657553,18.336076,32.122705,15.677089,16.492980,0.049611,0.950389,13.786629,-2.658987,-1.843096
22.667556,18.357856,29.129948,18.123334,18.670579,0.049720,0.950280,10.772092,-0.234522,0.312723
22.677559,18.352913,31.991073,19.356694,19.972836,0.048767,0.951233,13.638160,1.003781,1.619923
22.687563,18.352775,29.530918,17.071508,17.667177,0.047809,0.952191,11.178142,-1.281267,-0.685599
22.697566,18.345075,28.341282,17.444211,17.967814,0.048050,0.951950,9.996206,-0.900864,-0.377261
22.707569,18.336168,31.422372,19.287421,19.862589,0.047398,0.952602,13.086205,0.951253,1.526421
22.717573,18.332493,32.268631,16.560504,17.294490,0.046727,0.953273,13.936138,-1.771989,-1.038003
22.727576,18.321517,34.203381,19.590878,20.272531,0.046649,0.953351,15.881863,1.269361,1.951013
22.737579,18.300428,28.500840,17.661855,18.168036,0.046700,0.953300,10.200412,-0.638573,-0.132391
22.747583,18.279893,31.328272,17.813611,18.442769,0.046554,0.953446,13.048380,-0.466282,0.162876
22.757586,18.243090,29.628388,16.894436,17.496042,0.047244,0.952756,11.385298,-1.348654,-0.747049
22.767589,18.190074,31.365112,18.643729,19.241700,0.047005,0.952995,13.175038,0.453656,1.051626
22.777593,18.147354,27.941620,21.099200,21.436646,0.049317,0.950683,9.794266,2.951846,3.289292
22.787596,18.087488,28.193333,19.025285,19.461901,0.047624,0.952376,10.105845,0.937797,1.374413
22.797599,18.037736,28.873924,17.000594,17.573858,0.048282,0.951718,10.836188,-1.037142,-0.463878
22.807603,17.995023,30.113469,19.357767,19.878407,0.048406,0.951594,12.118446,1.362745,1.883385
22.817606,17.926508,28.964886,17.546492,18.105542,0.048960,0.951040,11.038378,-0.380015,0.179034
22.827609,17.847966,30.836548,19.497348,20.043245,0.048142,0.951858,12.988582,1.649382,2.195279
22.837613,17.787493,31.327835,18.755505,19.337509,0.046292,0.953708,13.540342,0.968012,1.550016
22.847616,17.712424,30.611790,14.180654,15.007228,0.050305,0.949695,12.899366,-3.531770,-2.705196
22.857619,17.630539,32.058720,16.425643,17.214108,0.050436,0.949564,14.428181,-1.204896,-0.416431
22.867623,17.555748,30.179488,18.689010,19.273098,0.050832,0.949168,12.623740,1.133262,1.717349
22.877626,17.492858,27.667513,17.674847,18.180279,0.050580,0.949420,10.174655,0.181989,0.687421
22.887629,17.426321,31.471385,16.197813,16.972011,0.050689,0.949311,14.045065,-1.228507,-0.454310
22.897633,17.350954,28.443219,16.590646,17.186892,0.050305,0.949695,11.092266,-0.760307,-0.164061
22.907636,17.297073,30.662701,15.009589,15.812832,0.051315,0.948685,13.365628,-2.287484,-1.484241
22.917639,17.269383,31.629985,17.163335,17.901928,0.051055,0.948945,14.360601,-0.106048,0.632545
22.927643,17.256432,29.941464,19.909260,20.437663,0.052671,0.947329,12.685032,2.652828,3.181231
22.937646,17.244787,27.000548,18.210707,18.675321,0.052858,0.947142,9.755762,0.965920,1.430535
22.947649,17.221040,27.843722,19.849541,20.281224,0.054000,0.946000,10.622682,2.628500,3.060184
22.957653,17.184885,31.169002,18.243761,18.939616,0.053837,0.946163,13.984117,1.058877,1.754731
22.967656,17.156639,28.902955,18.389615,18.948182,0.053129,0.946871,11.746316,1.232975,1.791542
22.977659,17.134727,29.254087,19.503621,20.030799,0.054067,0.945933,12.119360,2.368894,2.896072
22.987663,17.133881,30.272118,17.586597,18.268866,0.053783,0.946217,13.138237,0.452716,1.134984
22.997666,17.142795,30.187279,16.918122,17.575284,0.049526,0.950474,13.044484,-0.224673,0.432489
23.007669,17.129144,29.547344,18.368333,18.921192,0.049455,0.950545,12.418200,1.239189,1.792048
23.017673,17.131300,28.818297,18.875908,19.370670,0.049763,0.950237,11.686997,1.744608,2.239370
23.027676,17.118480,28.649478,16.542523,17.146381,0.049877,0.950123,11.530997,-0.575958,0.027901
23.037679,17.099927,30.386775,16.234044,16.925843,0.048881,0.951119,13.286848,-0.865883,-0.174084
23.047683,17.085164,29.915518,17.251791,17.862925,0.048259,0.951741,12.830354,0.166627,0.777761
23.057686,17.100365,28.714415,18.098164,18.611847,0.048387,0.951613,11.614050,0.997799,1.511482
23.067689,17.162185,30.785353,18.119894,18.722025,0.047541,0.952459,13.623168,0.957709,1.559840
23.077693,17.232982,29.039430,15.523980,16.171629,0.047919,0.952081,11.806449,-1.709001,-1.061352
23.087696,17.300889,28.023396,19.594816,20.009818,0.049237,0.950763,10.722507,2.293927,2.708929
23.097699,17.376678,28.238222,16.607280,17.182713,0.049474,0.950526,10.861544,-0.769398,-0.193965
23.107703,17.465630,27.997519,17.147552,17.688036,0.049814,0.950186,10.531889,-0.318078,0.222406
23.117706,17.549595,29.140980,16.466410,17.101844,0.050135,0.949865,11.591385,-1.083185,-0.447750
23.127709,17.660320,31.510906,20.898314,21.447280,0.051728,0.948272,13.850586,3.237995,3.786961
23.137713,17.774274,28.566631,18.064759,18.609982,0.051917,0.948083,10.792357,0.290485,0.835708
23.147716,17.895466,30.178180,16.874296,17.566479,0.052029,0.947971,12.282714,-1.021170,-0.328987
23.157719,18.026405,29.041371,19.063114,19.577104,0.051511,0.948489,11.014966,1.036708,1.550699
23.167723,18.163406,29.772943,19.086369,19.642885,0.052076,0.947924,11.609536,0.922963,1.479479
23.177726,18.312717,28.047655,18.087445,18.603344,0.051796,0.948204,9.734938,-0.225272,0.290626
23.187729,18.452471,30.121664,19.461199,20.019917,0.052410,0.947590,11.669193,1.008728,1.567446
23.197733,18.583570,30.293012,17.593220,18.257054,0.052271,0.947729,11.709442,-0.990350,-0.326517
23.207736,18.697906,31.508337,18.106404,18.797749,0.051586,0.948414,12.810432,-0.591502,0.099844
23.217739,18.818604,31.153526,16.406344,17.169203,0.051729,0.948271,12.334921,-2.412260,-1.649401
23.227743,18.950746,29.153158,17.362005,17.969854,0.051551,0.948449,10.202412,-1.588741,-0.980892
23.237746,19.089490,32.715787,21.258647,21.883012,0.054496,0.945504,13.626297,2.169157,2.793523
23.247749,19.253074,31.568528,21.222788,21.816117,0.057350,0.942650,12.315455,1.969714,2.563043
23.257753,19.416246,31.713837,19.495193,20.197977,0.057517,0.942483,12.297590,0.078946,0.781731
23.267756,19.589124,31.575350,21.584642,22.185316,0.060123,0.939877,11.986226,1.995518,2.596192
23.277759,19.745280,30.968644,19.553191,20.192757,0.056026,0.943974,11.223364,-0.192089,0.447477
23.287763,19.895317,32.222021,19.603225,20.295335,0.054848,0.945152,12.326704,-0.292092,0.400018
23.297766,20.055488,32.768870,20.123300,20.818437,0.054971,0.945029,12.713383,0.067813,0.762949
23.307769,20.228074,29.607731,20.078168,20.590085,0.053719,0.946281,9.379656,-0.149906,0.362011
23.317773,20.395906,31.587765,20.137671,20.752883,0.053730,0.946270,11.191859,-0.258236,0.356977
23.327776,20.562328,32.179908,21.934406,22.479308,0.053185,0.946815,11.617580,1.372078,1.916980
23.337779,20.705650,33.089906,20.885812,21.522234,0.052148,0.947852,12.384256,0.180163,0.816584
23.347783,20.843329,34.633295,21.698307,22.361045,0.051236,0.948764,13.789967,0.854978,1.517716
23.357786,20.994088,31.836477,22.231745,22.740045,0.052922,0.947078,10.842389,1.237657,1.745956
23.367789,21.153175,32.406232,21.618997,22.182369,0.052226,0.947774,11.253057,0.465823,1.029195
23.377793,21.319452,32.550651,20.155127,20.797567,0.051828,0.948172,11.231199,-1.164326,-0.521886
23.387796,21.486144,32.283853,19.862705,20.512491,0.052313,0.947687,10.797709,-1.623439,-0.973654
23.397799,21.652609,33.131829,21.831146,22.425990,0.052638,0.947362,11.479220,0.178537,0.773381
23.407803,21.808836,34.965039,21.603328,22.295511,0.051803,0.948197,13.156203,-0.205508,0.486675
23.417806,21.975233,32.394479,22.080102,22.623205,0.052655,0.947345,10.419247,0.104870,0.647973
23.427809,22.147611,34.789333,22.128346,22.764573,0.050251,0.949749,12.641722,-0.019265,0.616962
23.437813,22.327025,31.774172,25.427314,25.771590,0.054244,0.945756,9.447147,3.100288,3.444564
23.447816,22.498190,33.656183,20.901919,21.555885,0.051274,0.948726,11.157993,-1.596272,-0.942305
23.457819,22.636712,34.142478,20.248777,20.964126,0.051487,0.948513,11.505766,-2.387936,-1.672586
23.467823,22.791415,37.303704,23.190267,23.902891,0.050493,0.949507,14.512290,0.398852,1.111476
23.477826,22.938626,34.526422,22.486918,23.063139,0.047861,0.952139,11.587797,-0.451707,0.124514
23.487829,23.072600,31.770735,23.451881,23.851506,0.048038,0.951962,8.698135,0.379281,0.778906
23.497833,23.216709,32.218375,23.917368,24.321699,0.048709,0.951291,9.001667,0.700660,1.104990
23.507836,23.354649,35.405693,24.895575,25.407445,0.048703,0.951297,12.051044,1.540926,2.052796
23.517839,23.508213,36.428869,21.699542,22.398448,0.047450,0.952550,12.920656,-1.808671,-1.109765
23.527843,23.670724,36.233908,23.002663,23.629815,0.047399,0.952601,12.563184,-0.668061,-0.040909
23.537846,23.843164,36.094519,24.357678,24.917760,0.047720,0.952280,12.251355,0.514514,1.074596
23.547849,23.994770,37.738159,24.919326,25.534553,0.047994,0.952006,13.743389,0.924556,1.539783
23.557853,24.164252,35.354865,26.796391,27.222515,0.049790,0.950210,11.190613,2.632139,3.058263
23.567856,24.337313,37.679679,25.484158,26.090088,0.049685,0.950315,13.342366,1.146845,1.752775
23.577859,24.504489,34.056467,24.436343,24.910780,0.049317,0.950683,9.551978,-0.068146,0.406291
23.587863,24.673482,35.316060,23.604959,24.162866,0.047639,0.952361,10.642578,-1.068523,-0.510616
23.597866,24.815493,34.104931,24.138345,24.614276,0.047753,0.952247,9.289438,-0.677148,-0.201217
23.607869,24.963350,36.551082,24.252107,24.839806,0.047784,0.952216,11.587732,-0.711243,-0.123544
23.617873,25.095471,37.026079,25.881751,26.412930,0.047664,0.952336,11.930608,0.786280,1.317459
23.627876,25.207037,37.378189,25.515434,26.044706,0.044616,0.955384,12.171152,0.308397,0.837669
23.637879,25.295545,37.388370,23.707166,24.326928,0.045300,0.954700,12.092825,-1.588379,-0.968617
23.647883,25.400566,36.009236,24.877484,25.380687,0.045204,0.954796,10.608670,-0.523082,-0.019879
23.657886,25.495938,37.210577,26.548995,27.030169,0.045132,0.954868,11.714639,1.053057,1.534231
23.667889,25.614126,35.367956,26.036121,26.455559,0.044947,0.955053,9.753830,0.421995,0.841433
23.677893,25.724040,39.768883,26.406413,27.003732,0.044701,0.955299,14.044843,0.682374,1.279692
23.687896,25.808123,37.352684,26.267630,26.759329,0.044357,0.955643,11.544561,0.459506,0.951206
23.697899,25.875291,37.141962,27.827008,28.244731,0.044844,0.955156,11.266671,1.951717,2.369439
23.707903,25.960862,40.344272,26.244113,26.873623,0.044646,0.955354,14.383410,0.283252,0.912761
23.717906,26.043923,36.180553,25.580695,26.037719,0.043116,0.956884,10.136630,-0.463227,-0.006203
23.727909,26.118593,36.430213,25.019687,25.505569,0.042582,0.957418,10.311619,-1.098906,-0.613024
23.737913,26.195515,36.551184,26.495046,26.916737,0.041934,0.958066,10.355670,0.299531,0.721222
23.747916,26.279809,38.178002,23.350964,24.009664,0.044426,0.955574,11.898193,-2.928845,-2.270145
23.757919,26.380696,39.028143,26.159549,26.731163,0.044419,0.955581,12.647447,-0.221147,0.350467
23.767923,26.503108,39.612621,26.256100,26.838268,0.043587,0.956413,13.109513,-0.247008,0.335160
23.777926,26.619879,42.477872,24.982514,25.751756,0.043968,0.956032,15.857993,-1.637365,-0.868123
23.787929,26.716526,35.342377,25.602607,26.033494,0.044240,0.955760,8.625851,-1.113919,-0.683032
23.797933,26.806778,39.719881,27.778367,28.308733,0.044414,0.955586,12.913103,0.971589,1.501955
23.807936,26.900753,38.065057,27.177607,27.659081,0.044223,0.955777,11.164304,0.276854,0.758328
23.817939,26.980084,38.100461,27.102230,27.586475,0.044029,0.955971,11.120377,0.122146,0.606391
23.827943,27.044899,38.115241,27.412516,27.881219,0.043793,0.956207,11.070342,0.367617,0.836320
23.837946,27.114741,37.751587,27.225894,27.687506,0.043856,0.956144,10.636845,0.111153,0.572765
23.847949,27.183714,41.710501,28.675149,29.250467,0.044135,0.955865,14.526787,1.491435,2.066753
23.857953,27.253041,40.516487,27.401156,27.974857,0.043743,0.956257,13.263446,0.148115,0.721817
23.867956,27.310851,39.345645,25.560995,26.181436,0.045010,0.954990,12.034794,-1.749856,-1.129415
23.877959,27.365090,41.391614,29.321246,29.863003,0.044883,0.955117,14.026524,1.956156,2.497912
23.887963,27.405357,37.136564,27.849766,28.255507,0.043690,0.956310,9.731207,0.444408,0.850149
23.897966,27.458897,37.462839,26.751792,27.223552,0.044044,0.955956,10.003942,-0.707104,-0.235345
23.907969,27.527858,36.260906,26.023776,26.484021,0.044958,0.955042,8.733048,-1.504082,-1.043837
23.917973,27.568988,38.519867,28.044085,28.514087,0.044866,0.955134,10.950878,0.475097,0.945099
23.927976,27.596094,39.838642,27.455487,28.010738,0.044839,0.955161,12.242548,-0.140606,0.414644
23.937979,27.600697,39.754985,29.489673,29.933409,0.043227,0.956773,12.154288,1.888976,2.332712
23.947983,27.595541,39.819554,27.180452,27.716814,0.042437,0.957563,12.224013,-0.415089,0.121273
23.957986,27.589143,37.472558,26.584287,27.026860,0.040647,0.959353,9.883415,-1.004857,-0.562284
23.967989,27.561014,40.765746,28.635970,29.131533,0.040855,0.959145,13.204732,1.074955,1.570519
23.977993,27.519113,39.878554,28.629451,29.085337,0.040526,0.959474,12.359441,1.110338,1.566224
23.987996,27.462237,40.561818,27.664618,28.186587,0.040472,0.959528,13.099581,0.202382,0.724351
23.997999,27.408583,36.569439,28.220211,28.558132,0.040473,0.959527,9.160857,0.811628,1.149549
24.008003,27.356076,39.823313,27.310852,27.817667,0.040505,0.959495,12.467236,-0.045225,0.461590
24.018006,27.292849,37.511201,27.573487,27.961610,0.039056,0.960944,10.218352,0.280638,0.668761
24.028009,27.232400,38.636416,28.630389,29.016648,0.038603,0.961397,11.404015,1.397989,1.784247
24.038013,27.163873,39.965420,27.914255,28.379839,0.038634,0.961366,12.801547,0.750382,1.215967
24.048016,27.091407,39.228047,26.888278,27.373865,0.039351,0.960649,12.136640,-0.203129,0.282458
24.058019,27.044188,37.766878,28.667023,29.013531,0.038078,0.961922,10.722690,1.622835,1.969343
24.068023,27.017170,39.026580,24.179344,24.819231,0.043098,0.956902,12.009410,-2.837826,-2.197940
24.078026,26.970713,36.673410,29.433201,29.748009,0.043481,0.956519,9.702697,2.462488,2.777296
24.088029,26.936795,40.662196,24.889644,25.614235,0.045940,0.954060,13.725401,-2.047151,-1.322560
24.098033,26.915115,38.607189,26.162604,26.741300,0.046502,0.953498,11.692074,-0.752511,-0.173815
24.108036,26.876255,40.554080,26.827154,27.461670,0.046224,0.953776,13.677825,-0.049101,0.585415
24.118039,26.849754,38.059956,26.673977,27.204654,0.046608,0.953392,11.210202,-0.175777,0.354900
24.128043,26.846375,38.061011,28.054068,28.521293,0.046690,0.953310,11.214636,1.207693,1.674918
24.138046,26.826165,37.679885,25.556761,26.122214,0.046643,0.953357,10.853720,-1.269404,-0.703951
24.148049,26.792232,40.106493,27.105153,27.704206,0.046076,0.953924,13.314261,0.312920,0.911974
24.158053,26.773633,37.709486,26.079778,26.621834,0.046610,0.953390,10.935853,-0.693855,-0.151798
24.168056,26.759143,39.726036,27.113312,27.699633,0.046486,0.953514,12.966893,0.354169,0.940490
24.178059,26.752954,38.179275,26.675227,27.213698,0.046807,0.953193,11.426321,-0.077727,0.460744
24.188063,26.751886,35.787941,26.863409,27.281943,0.046897,0.953103,9.036055,0.111523,0.530057
24.198066,26.756681,37.901210,26.096772,26.649009,0.046782,0.953218,11.144529,-0.659910,-0.107672
24.208069,26.741570,36.972907,26.129493,26.643167,0.047372,0.952628,10.231338,-0.612077,-0.098402
24.218073,26.742198,38.793052,27.086925,27.637274,0.047014,0.952986,12.050854,0.344727,0.895076
24.228076,26.760369,36.974757,27.892827,28.314343,0.046413,0.953587,10.214388,1.132459,1.553974
24.238079,26.775062,40.164025,26.057127,26.712546,0.046461,0.953539,13.388963,-0.717935,-0.062517
24.248083,26.789075,38.652461,25.746553,26.299175,0.042819,0.957181,11.863386,-1.042521,-0.489899
24.258086,26.780092,38.513698,27.516244,27.985201,0.042642,0.957358,11.733606,0.736152,1.205109
24.268089,26.778841,39.762679,26.739837,27.289747,0.042227,0.957773,12.983838,-0.039005,0.510906
24.278093,26.786174,40.232034,27.782772,28.293409,0.041018,0.958982,13.445860,0.996598,1.507235
24.288096,26.792559,38.762411,25.705602,26.226411,0.039888,0.960112,11.969852,-1.086957,-0.566148
24.298099,26.815797,37.658996,24.680470,25.209575,0.040768,0.959232,10.843200,-2.135327,-1.606221
24.308103,26.833977,36.173022,26.194372,26.599854,0.040635,0.959365,9.339046,-0.639605,-0.234123
24.318106,26.860589,37.831515,25.940966,26.421601,0.040422,0.959578,10.970925,-0.919623,-0.438988
24.328109,26.871854,37.946036,26.777308,27.228743,0.040420,0.959580,11.074182,-0.094546,0.356889
24.338113,26.882743,39.043329,26.118528,26.637290,0.040137,0.959863,12.160586,-0.764214,-0.245452
24.348116,26.890994,38.373274,27.780215,28.213608,0.040913,0.959087,11.482280,0.889220,1.322614
24.358119,26.902609,39.934508,26.556829,27.103540,0.040867,0.959133,13.031899,-0.345780,0.200931
24.368123,26.908658,37.989183,27.089227,27.522181,0.039721,0.960279,11.080525,0.180569,0.613523
24.378126,26.912722,38.827160,27.101884,27.563454,0.039365,0.960635,11.914438,0.189161,0.650732
24.388129,26.929169,40.705150,27.163115,27.695119,0.039285,0.960715,13.775981,0.233946,0.765950
24.398133,26.939032,39.451770,26.910077,27.399764,0.039045,0.960955,12.512738,-0.028955,0.460732
24.408136,26.924776,38.834720,27.537497,27.974419,0.038675,0.961325,11.909944,0.612721,1.049643
24.418139,26.936793,38.033876,25.982006,26.446942,0.038578,0.961422,11.097083,-0.954786,-0.489851
24.428143,26.969507,38.019660,28.648808,29.026602,0.040316,0.959684,11.050153,1.679302,2.057095
24.438146,26.982772,37.706852,26.698927,27.129283,0.039095,0.960905,10.724080,-0.283845,0.146511
24.448149,27.006356,38.194846,25.432497,25.935234,0.039392,0.960608,11.188490,-1.573859,-1.071122
24.458153,27.022348,40.155847,27.248036,27.754692,0.039252,0.960748,13.133499,0.225688,0.732344
24.468156,27.042261,38.709428,26.020844,26.513811,0.038851,0.961149,11.667168,-1.021417,-0.528450
24.478159,27.066547,37.041887,27.864948,28.222528,0.038965,0.961035,9.975340,0.798401,1.155981
24.488163,27.087268,41.739522,29.738795,30.237972,0.041596,0.958404,14.652254,2.651527,3.150704
24.498166,27.096192,39.576139,26.152305,26.702157,0.040961,0.959039,12.479948,-0.943887,-0.394035
24.508169,27.094739,36.984324,27.493586,27.884593,0.041199,0.958801,9.889585,0.398847,0.789854
24.518173,27.079547,38.416773,24.972940,25.535448,0.041841,0.958159,11.337227,-2.106607,-1.544099
24.528176,27.051907,39.218237,27.596594,28.071821,0.040892,0.959108,12.166330,0.544686,1.019914
24.538179,27.023316,41.580204,25.960459,26.591428,0.040396,0.959604,14.556888,-1.062857,-0.431888
24.548183,26.984045,37.321876,26.234243,26.683798,0.040546,0.959454,10.337831,-0.749802,-0.300246
24.558186,26.955083,40.419144,25.633539,26.215119,0.039334,0.960666,13.464061,-1.321544,-0.739964
24.568189,26.948488,41.047717,27.827069,28.329316,0.037990,0.962010,14.099230,0.878581,1.380829
24.578193,26.933205,37.990224,28.141970,28.494993,0.035846,0.964154,11.057019,1.208765,1.561788
24.588196,26.921544,38.505274,26.949606,27.358678,0.035400,0.964600,11.583730,0.028062,0.437134
24.598199,26.917402,37.362938,25.880090,26.290030,0.035700,0.964300,10.445536,-1.037312,-0.627371
24.608203,26.920347,38.615156,28.827775,29.189543,0.036963,0.963037,11.694808,1.907428,2.269196
24.618206,26.924427,38.869542,26.023935,26.501437,0.037172,0.962828,11.945115,-0.900492,-0.422990
24.628209,26.939638,39.929113,24.345199,24.939764,0.038152,0.961848,12.989475,-2.594439,-1.999875
24.638213,26.962053,40.597328,27.512120,28.007831,0.037883,0.962117,13.635275,0.550067,1.045778
24.648216,26.965858,37.843714,25.640128,26.107528,0.038300,0.961700,10.877856,-1.325730,-0.858329
24.658219,26.982692,36.031705,28.169023,28.474319,0.038829,0.961171,9.049012,1.186331,1.491627
24.668223,27.012803,38.980936,26.555438,27.037918,0.038830,0.961170,11.968133,-0.457365,0.025115
24.678226,27.031404,39.471710,27.755860,28.212988,0.039018,0.960982,12.440306,0.724456,1.181585
24.688229,27.050536,39.424663,28.732337,29.157830,0.039794,0.960206,12.374127,1.681800,2.107294
24.698233,27.079881,38.589871,25.629250,26.150931,0.040251,0.959749,11.509990,-1.450631,-0.928949
24.708236,27.106027,39.293155,26.426902,26.943655,0.040163,0.959837,12.187128,-0.679125,-0.162371
24.718239,27.148215,41.421382,27.057410,27.630425,0.039893,0.960107,14.273167,-0.090805,0.482210
24.728243,27.225777,39.798378,29.070839,29.504792,0.040452,0.959548,12.572601,1.845062,2.279015
24.738246,27.291394,38.731342,26.501335,26.998587,0.040658,0.959342,11.439947,-0.790059,-0.292807
24.748249,27.336165,38.585868,26.622760,27.108068,0.040567,0.959433,11.249703,-0.713404,-0.228096
24.758253,27.385403,39.130624,27.959171,28.411783,0.040515,0.959485,11.745221,0.573769,1.026381
24.768256,27.445366,41.900475,26.752691,27.364194,0.040369,0.959631,14.455110,-0.692674,-0.081171
24.778259,27.501746,39.226795,27.684777,28.147223,0.040066,0.959934,11.725049,0.183031,0.645478
24.788263,27.579812,39.550120,25.717967,26.277597,0.040459,0.959541,11.970308,-1.861845,-1.302215
24.798266,27.637643,38.914172,30.294839,30.659925,0.042357,0.957643,11.276530,2.657196,3.022282
24.808269,27.705752,41.354227,26.088501,26.735304,0.042370,0.957630,13.648475,-1.617251,-0.970448
24.818273,27.764637,42.704393,27.378534,28.020075,0.041860,0.958140,14.939756,-0.386103,0.255438
24.828276,27.849195,40.525114,27.810217,28.342456,0.041859,0.958141,12.675920,-0.038977,0.493262
24.838279,27.963471,40.087630,30.258697,30.694229,0.044311,0.955689,12.124159,2.295226,2.730758
24.848283,28.066019,40.121193,26.476204,27.077606,0.044075,0.955925,12.055174,-1.589815,-0.988413
24.858286,28.160119,36.583659,30.540564,30.824110,0.046921,0.953079,8.423540,2.380445,2.663991
24.868289,28.266924,41.384650,29.175536,29.752829,0.047284,0.952716,13.117726,0.908612,1.485905
24.878293,28.367709,40.568958,28.868223,29.423326,0.047442,0.952558,12.201250,0.500514,1.055617
24.888296,28.467611,41.110124,27.286050,27.942551,0.047490,0.952510,12.642513,-1.181560,-0.525060
24.898299,28.567693,39.500500,29.253063,29.745055,0.048011,0.951989,10.932807,0.685369,1.177362
24.908303,28.638781,40.062096,27.770597,28.356146,0.047639,0.952361,11.423315,-0.868184,-0.282635
24.918306,28.709519,40.092982,30.229513,30.711191,0.048835,0.951165,11.383463,1.519994,2.001672
24.928309,28.769770,42.302204,27.604495,28.296623,0.047091,0.952909,13.532434,-1.165274,-0.473147
24.938313,28.822503,40.254363,28.686713,29.230720,0.047028,0.952972,11.431860,-0.135790,0.408218
24.948316,28.896785,44.020776,28.230457,28.963821,0.046444,0.953556,15.123990,-0.666328,0.067036
24.958319,28.952071,41.598365,27.767044,28.408413,0.046371,0.953629,12.646294,-1.185028,-0.543658
24.968323,29.019445,39.105921,29.909028,30.341458,0.047019,0.952981,10.086476,0.889584,1.322014
24.978326,29.082499,40.889680,29.725050,30.245177,0.046587,0.953413,11.807181,0.642550,1.162678
24.988329,29.141231,40.163718,30.592043,31.013869,0.044070,0.955930,11.022487,1.450812,1.872638
24.998333,29.211701,37.920127,27.075851,27.566993,0.045290,0.954710,8.708426,-2.135850,-1.644708
25.008336,29.287131,31.686337,30.564136,30.614527,0.044904,0.955096,2.399206,1.277005,1.327397
25.018339,29.370969,30.425683,32.377507,32.285949,0.046909,0.953091,1.054714,3.006539,2.914981
25.028343,29.469162,30.268973,28.927193,28.989034,0.046089,0.953911,0.799811,-0.541969,-0.480128
25.038346,29.562189,29.810295,31.836368,31.739974,0.047577,0.952423,0.248105,2.274178,2.177784
25.048349,29.645847,27.572820,29.330053,29.246891,0.047325,0.952675,-2.073026,-0.315794,-0.398955
25.058353,29.713060,28.987634,28.066168,28.110613,0.048233,0.951767,-0.725426,-1.646892,-1.602446
25.068356,29.767757,31.030428,29.400998,29.479456,0.048150,0.951850,1.262671,-0.366759,-0.288302
25.078359,29.866582,28.289752,31.124427,30.988730,0.047870,0.952130,-1.576830,1.257845,1.122149
25.088363,29.983879,26.186225,28.978067,28.843258,0.048287,0.951713,-3.797654,-1.005812,-1.140621
25.098366,30.080675,29.740016,29.360269,29.378987,0.049293,0.950707,-0.340659,-0.720406,-0.701688
25.108369,30.157441,29.944805,30.869688,30.824829,0.048503,0.951497,-0.212636,0.712247,0.667388
25.118373,30.241281,30.444626,30.244953,30.254854,0.049584,0.950416,0.203345,0.003672,0.013573
25.128376,30.333163,31.425941,31.034710,31.054110,0.049585,0.950415,1.092778,0.701548,0.720947
25.138379,30.433094,31.389503,30.718489,30.752331,0.050433,0.949567,0.956409,0.285395,0.319237
25.148383,30.529001,30.917156,31.104551,31.094879,0.051616,0.948384,0.388155,0.575550,0.565878
25.158386,30.622834,32.416131,30.104073,30.225211,0.052394,0.947606,1.793297,-0.518761,-0.397623
25.168389,30.721398,28.442943,30.999475,30.861286,0.054053,0.945947,-2.278455,0.278077,0.139888
25.178393,30.821053,31.577926,29.708205,29.811852,0.055434,0.944566,0.756873,-1.112848,-1.009201
25.188396,30.887219,31.827027,32.433340,32.399219,0.056276,0.943724,0.939808,1.546120,1.512000
25.198399,30.949806,29.090463,30.188676,30.124968,0.058011,0.941989,-1.859343,-0.761130,-0.824838
25.208403,30.999497,28.745191,32.354114,32.135002,0.060714,0.939286,-2.254306,1.354617,1.135505
25.218406,31.051716,29.932803,30.771388,30.718754,0.062765,0.937235,-1.118913,-0.280328,-0.332962
25.228409,31.148610,30.156298,31.391009,31.313121,0.063082,0.936918,-0.992312,0.242399,0.164511
25.238413,31.250822,32.380952,30.656865,30.768159,0.064552,0.935448,1.130129,-0.593957,-0.482664
25.248416,31.348127,30.426319,30.128933,30.148870,0.067040,0.932960,-0.921808,-1.219195,-1.199258
25.258419,31.459065,30.174542,29.365352,29.422397,0.070496,0.929504,-1.284523,-2.093712,-2.036668
25.268423,31.577021,30.659570,30.310632,30.335999,0.072700,0.927300,-0.917451,-1.266389,-1.241021
25.278426,31.701042,33.378990,31.312351,31.464083,0.073420,0.926580,1.677949,-0.388691,-0.236958
25.288429,31.833918,31.853483,32.088173,32.070958,0.073352,0.926648,0.019565,0.254255,0.237040
25.298433,31.997376,31.728500,33.209831,33.100674,0.073689,0.926311,-0.268877,1.212455,1.103297
25.308436,32.143544,31.978536,31.608636,31.635991,0.073954,0.926046,-0.165008,-0.534909,-0.507553
25.318439,32.296525,34.234615,31.238172,31.461739,0.074611,0.925389,1.938091,-1.058353,-0.834785
25.328443,32.435303,31.311546,30.704046,30.750765,0.076905,0.923095,-1.123758,-1.731258,-1.684538
25.338446,32.582137,34.555400,33.158214,33.264584,0.076132,0.923868,1.973262,0.576076,0.682447
25.348449,32.714897,33.030641,34.374730,34.267786,0.079566,0.920434,0.315744,1.659833,1.552889
25.358453,32.841131,32.600502,34.360727,34.218843,0.080606,0.919394,-0.240629,1.519596,1.377712
25.368456,32.962686,36.714037,33.814605,34.048605,0.080705,0.919295,3.751351,0.851919,1.085919
25.378459,33.098635,31.515176,33.864887,33.665918,0.084678,0.915322,-1.583459,0.766252,0.567283
25.388463,33.248089,32.717560,35.285238,35.049423,0.091840,0.908160,-0.530529,2.037149,1.801334
25.398466,33.378558,31.529911,33.777056,33.562370,0.095537,0.904463,-1.848647,0.398498,0.183811
25.408469,33.509591,34.938284,34.284946,34.349648,0.099032,0.900968,1.428693,0.775356,0.840057
25.418473,33.629717,36.163501,33.244777,33.532456,0.098563,0.901437,2.533783,-0.384941,-0.097261
25.428476,33.730726,36.235611,32.096274,32.533678,0.105670,0.894330,2.504884,-1.634452,-1.197049
25.438479,33.828278,35.664201,33.007659,33.304341,0.111680,0.888320,1.835923,-0.820619,-0.523937
25.448483,33.921007,33.624576,33.910016,33.872243,0.132334,0.867666,-0.296431,-0.010991,-0.048764
25.458486,34.049952,33.502090,34.122894,34.026777,0.154828,0.845172,-0.547861,0.072942,-0.023175
25.468489,34.185133,31.678378,36.496676,35.601134,0.185863,0.814137,-2.506755,2.311543,1.416001
25.478493,34.299379,37.353189,34.396912,35.054362,0.222391,0.777609,3.053810,0.097533,0.754983
25.488496,34.404925,35.108393,35.819538,35.612041,0.291778,0.708222,0.703467,1.414612,1.207115
25.498499,34.525581,33.787646,34.003489,33.926067,0.358695,0.641305,-0.737935,-0.522093,-0.599514
25.508503,34.677323,36.669408,34.303312,35.173638,0.367832,0.632168,1.992085,-0.374011,0.496316
25.518506,34.804971,33.345824,33.210162,33.259536,0.363951,0.636049,-1.459147,-1.594809,-1.545435
25.528510,34.904165,35.514098,34.013371,34.564863,0.367483,0.632517,0.609933,-0.890794,-0.339302
25.538513,35.031225,34.772281,35.663602,35.350524,0.351252,0.648748,-0.258944,0.632378,0.319299
25.548516,35.163875,36.121890,35.172947,35.495372,0.339773,0.660227,0.958016,0.009072,0.331498
25.558520,35.283235,35.187875,36.414761,35.986994,0.348661,0.651339,-0.095360,1.131526,0.703759
25.568523,35.410376,33.233984,35.627881,34.804494,0.343953,0.656047,-2.176392,0.217505,-0.605882
25.578526,35.497727,35.611091,35.074782,35.260140,0.345617,0.654383,0.113365,-0.422944,-0.237587
25.588530,35.584953,37.158250,38.162910,37.805928,0.355326,0.644674,1.573296,2.577956,2.220975
25.598533,35.676923,35.633098,35.564238,35.588805,0.356756,0.643244,-0.043825,-0.112684,-0.088118
25.608536,35.782572,36.945245,37.178173,37.096017,0.352711,0.647289,1.162673,1.395601,1.313445
25.618540,35.872802,34.304508,35.391351,35.003898,0.356494,0.643506,-1.568294,-0.481451,-0.868904
25.628543,35.964137,35.924745,36.815656,36.492695,0.362506,0.637494,-0.039391,0.851519,0.528559
25.638546,36.041407,35.104642,37.155026,36.425758,0.355674,0.644326,-0.936766,1.113619,0.384351
25.648550,36.122354,37.242825,36.372544,36.685305,0.359379,0.640621,1.120471,0.250190,0.562951
25.658553,36.189709,36.236946,33.364329,34.477779,0.387608,0.612392,0.047237,-2.825380,-1.711930
25.668556,36.250807,37.285918,36.272710,36.653996,0.376316,0.623684,1.035111,0.021903,0.403189
25.678560,36.296846,37.928412,37.773398,37.833169,0.385585,0.614415,1.631566,1.476552,1.536323
25.688563,36.352560,37.389988,36.985537,37.137865,0.376628,0.623372,1.037428,0.632977,0.785304
25.698566,36.421040,36.830717,36.956046,36.909231,0.373540,0.626460,0.409678,0.535007,0.488191
25.708570,36.485863,34.988544,34.419154,34.625758,0.362850,0.637150,-1.497318,-2.066708,-1.860105
25.718573,36.551130,36.546951,35.686584,35.996579,0.360306,0.639694,-0.004179,-0.864546,-0.554551
25.728576,36.594537,35.794902,37.088167,36.621831,0.360588,0.639412,-0.799636,0.493629,0.027293
25.738580,36.633363,36.117267,37.125823,36.751027,0.371617,0.628383,-0.516096,0.492460,0.117664
25.748583,36.671358,36.109557,38.128958,37.358407,0.381574,0.618426,-0.561801,1.457600,0.687049
25.758586,36.748589,35.278701,36.574749,36.075651,0.385092,0.614908,-1.469888,-0.173840,-0.672938
25.768590,36.808986,33.872978,37.295975,36.006713,0.376647,0.623353,-2.936008,0.486989,-0.802273
25.778593,36.891224,35.889010,36.910874,36.543721,0.359297,0.640703,-1.002215,0.019649,-0.347503
25.788596,36.988252,37.278321,35.803920,36.354355,0.373327,0.626673,0.290069,-1.184331,-0.633897
25.798600,37.089294,35.067029,34.382345,34.655180,0.398483,0.601517,-2.022266,-2.706950,-2.434114
25.808603,37.216514,37.240037,37.733726,37.539566,0.393283,0.606717,0.023523,0.517212,0.323052
25.818606,37.349061,40.199464,37.557798,38.550079,0.375627,0.624373,2.850403,0.208737,1.201018
25.828610,37.487180,39.021765,36.745370,37.596679,0.373972,0.626028,1.534585,-0.741810,0.109499
25.838613,37.624227,40.089539,35.681219,37.273014,0.361089,0.638911,2.465312,-1.943008,-0.351212
25.848616,37.779352,38.366044,38.535040,38.474700,0.357050,0.642950,0.586692,0.755687,0.695348
25.858620,37.950615,39.701880,37.631511,38.330497,0.337614,0.662386,1.751265,-0.319104,0.379882
25.868623,38.112150,37.026202,38.780399,38.134014,0.368479,0.631521,-1.085947,0.668250,0.021865
25.878626,38.253573,37.287062,40.490431,39.246888,0.388198,0.611802,-0.966510,2.236858,0.993316
25.888630,38.391668,34.282958,35.821951,35.243535,0.375840,0.624160,-4.108710,-2.569717,-3.148133
25.898633,38.517487,40.296705,37.677966,38.608617,0.355381,0.644619,1.779218,-0.839521,0.091130
25.908636,38.642101,40.952587,38.390850,39.264667,0.341103,0.658897,2.310486,-0.251251,0.622566
25.918640,38.785027,37.955262,40.530819,39.566755,0.374313,0.625687,-0.829766,1.745791,0.781728
25.928643,38.920809,38.539881,36.957125,37.569707,0.387035,0.612965,-0.380928,-1.963684,-1.351101
25.938646,39.055676,37.924883,41.378709,40.038252,0.388108,0.611892,-1.130793,2.323033,0.982576
25.948650,39.191144,39.765124,39.354171,39.514901,0.391116,0.608884,0.573980,0.163027,0.323757
25.958653,39.339067,41.026466,39.223866,39.943821,0.399398,0.600602,1.687399,-0.115201,0.604754
25.968656,39.452991,36.838833,39.215319,38.274293,0.395974,0.604026,-2.614158,-0.237672,-1.178698
25.978660,39.557587,40.171745,39.034071,39.497014,0.406921,0.593079,0.614158,-0.523516,-0.060573
25.988663,39.665143,39.250135,40.922883,40.246675,0.404250,0.595750,-0.415008,1.257740,0.581532
25.998666,39.790485,39.960576,38.508260,39.106090,0.411639,0.588361,0.170092,-1.282225,-0.684395
26.008670,39.908198,40.596689,40.322695,40.434196,0.406949,0.593051,0.688491,0.414497,0.525999
26.018673,39.997527,39.715223,39.536509,39.608819,0.404615,0.595385,-0.282304,-0.461018,-0.388708
26.028676,40.095973,39.940592,39.181413,39.484732,0.399536,0.600464,-0.155380,-0.914560,-0.611241
26.038680,40.184691,39.863879,43.287862,41.900127,0.405298,0.594702,-0.320813,3.103170,1.715436
26.048683,40.255388,41.710862,40.758249,41.144018,0.404959,0.595041,1.455474,0.502861,0.888631
26.058686,40.316577,40.944717,41.052496,41.008416,0.408991,0.591009,0.628140,0.735919,0.691838
26.068690,40.374877,40.705752,41.740209,41.304114,0.421569,0.578431,0.330875,1.365332,0.929237
26.078693,40.423988,38.517561,38.718369,38.634293,0.418687,0.581313,-1.906428,-1.705620,-1.789695
26.088696,40.439918,39.872049,42.542669,41.458383,0.406005,0.593995,-0.567870,2.102750,1.018465
26.098700,40.469273,41.817276,37.458524,39.391490,0.443468,0.556532,1.348004,-3.010749,-1.077783
26.108703,40.517691,40.574236,39.595171,40.031067,0.445216,0.554784,0.056545,-0.922520,-0.486625
26.118706,40.575786,41.565083,40.024948,40.691022,0.432478,0.567522,0.989297,-0.550838,0.115237
26.128710,40.616699,43.266466,41.314767,42.117673,0.411388,0.588612,2.649768,0.698068,1.500974
26.138713,40.654507,42.212416,40.916969,41.424055,0.391437,0.608563,1.557909,0.262462,0.769548
26.148716,40.692143,40.831880,40.491965,40.626466,0.395688,0.604312,0.139738,-0.200178,-0.065677
26.158720,40.738685,39.972201,40.724288,40.421184,0.403017,0.596983,-0.766484,-0.014397,-0.317501
26.168723,40.795159,36.964834,39.621531,38.541840,0.406404,0.593596,-3.830324,-1.173628,-2.253319
26.178726,40.840507,40.587930,39.043829,39.670105,0.405593,0.594407,-0.252577,-1.796679,-1.170402
26.188730,40.886995,40.397976,41.758809,41.195069,0.414261,0.585739,-0.489019,0.871814,0.308074
26.198733,40.940249,41.525798,41.772696,41.670300,0.414730,0.585270,0.585549,0.832447,0.730051
26.208736,41.015234,40.784376,42.916627,42.045240,0.408670,0.591330,-0.230858,1.901393,1.030006
26.218740,41.100636,40.620059,40.152616,40.343319,0.407972,0.592028,-0.480578,-0.948021,-0.757317
26.228743,41.197704,38.528605,42.029082,40.669444,0.388415,0.611585,-2.669098,0.831378,-0.528260
26.238746,41.295835,39.885883,40.955386,40.541637,0.386861,0.613139,-1.409952,-0.340448,-0.754197
26.248750,41.414926,42.129902,42.843496,42.564163,0.391445,0.608555,0.714977,1.428570,1.149237
26.258753,41.539925,44.113787,42.766281,43.308288,0.402230,0.597770,2.573861,1.226355,1.768363
26.268756,41.651759,41.505471,41.905210,41.743883,0.403581,0.596419,-0.146288,0.253451,0.092124
26.278760,41.784419,42.276136,41.376983,41.735314,0.398521,0.601479,0.491717,-0.407436,-0.049105
26.288763,41.927282,43.356000,43.080401,43.190801,0.400583,0.599417,1.428717,1.153119,1.263519
26.298766,42.063214,40.846874,42.839500,42.025699,0.408406,0.591594,-1.216341,0.776285,-0.037515
26.308770,42.191682,42.741903,41.370354,41.920333,0.400991,0.599009,0.550221,-0.821328,-0.271349
26.318773,42.324342,41.213607,40.730983,40.933657,0.419941,0.580059,-1.110735,-1.593358,-1.390685
26.328776,42.463684,43.760920,42.117444,42.801010,0.415927,0.584073,1.297237,-0.346239,0.337327
26.338780,42.605706,42.832811,44.424203,43.811093,0.385266,0.614734,0.227105,1.818497,1.205387
26.348783,42.752114,43.199792,44.127899,43.771185,0.384346,0.615654,0.447678,1.375785,1.019071
26.358786,42.923729,41.749831,41.588936,41.649796,0.378260,0.621740,-1.173898,-1.334793,-1.273933
26.368790,43.111074,44.171622,41.709765,42.692510,0.399189,0.600811,1.060549,-1.401309,-0.418564
26.378793,43.300903,46.427973,44.830524,45.488785,0.412070,0.587930,3.127069,1.529621,2.187882
26.388796,43.504473,41.992605,42.141710,42.080202,0.412516,0.587484,-1.511868,-1.362763,-1.424271
26.398800,43.692147,43.182509,44.303302,43.843383,0.410351,0.589649,-0.509639,0.611154,0.151236
26.408803,43.885415,44.232827,43.146130,43.587474,0.406133,0.593867,0.347411,-0.739285,-0.297942
26.418806,44.105437,45.285046,46.045890,45.725798,0.420707,0.579293,1.179609,1.940454,1.620361
26.428810,44.321747,43.482428,43.397237,43.431812,0.405853,0.594147,-0.839319,-0.924510,-0.889935
26.438813,44.524910,40.275365,45.896944,43.736416,0.384328,0.615672,-4.249545,1.372034,-0.788495
26.448816,44.717886,46.756670,44.939716,45.636358,0.383412,0.616588,2.038784,0.221830,0.918472
26.458820,44.894131,46.034890,45.196765,45.515411,0.380189,0.619811,1.140759,0.302634,0.621280
26.468823,45.058252,42.443831,42.693882,42.594698,0.396655,0.603345,-2.614421,-2.364370,-2.463554
26.478826,45.216488,44.305134,42.572992,43.273278,0.404289,0.595711,-0.911353,-2.643496,-1.943210
26.488830,45.353323,47.705597,45.088644,46.119580,0.393945,0.606055,2.352274,-0.264679,0.766257
26.498833,45.490119,47.661814,45.786406,46.509035,0.385318,0.614682,2.171695,0.296287,1.018916
26.508836,45.640176,47.048136,44.289938,45.315149,0.371696,0.628304,1.407960,-1.350237,-0.325027
26.518840,45.776316,45.512147,44.469884,44.853695,0.368248,0.631752,-0.264169,-1.306432,-0.922621
26.528843,45.934973,46.059454,46.608740,46.401194,0.377847,0.622153,0.124481,0.673767,0.466221
26.538846,46.100974,45.904586,46.776400,46.470070,0.351371,0.648629,-0.196389,0.675425,0.369095
26.548850,46.282103,47.974463,46.116814,46.761895,0.347257,0.652743,1.692360,-0.165289,0.479793
26.558853,46.453001,45.139238,47.389244,46.584429,0.357694,0.642306,-1.313764,0.936242,0.131428
26.568856,46.636376,45.427677,45.227333,45.296690,0.346187,0.653813,-1.208699,-1.409043,-1.339687
26.578860,46.803005,48.318417,46.375883,47.026381,0.334871,0.665129,1.515412,-0.427122,0.223376
26.588863,46.982654,46.916112,48.960108,48.289045,0.328309,0.671691,-0.066542,1.977453,1.306391
26.598866,47.164522,49.232223,47.246509,47.903800,0.331010,0.668990,2.067701,0.081987,0.739278
26.608870,47.354325,46.347056,47.505900,47.111432,0.340398,0.659602,-1.007268,0.151575,-0.242893
26.618873,47.526114,47.443946,50.293250,49.212877,0.379171,0.620829,-0.082168,2.767136,1.686763
26.628876,47.684133,46.300514,46.004923,46.119973,0.389221,0.610779,-1.383619,-1.679211,-1.564160
26.638880,47.850795,47.861839,48.806512,48.441946,0.385918,0.614082,0.011044,0.955716,0.591150
26.648883,48.002899,45.785078,49.999682,48.450884,0.367484,0.632516,-2.217820,1.996784,0.447985
26.658886,48.161646,47.430196,47.771817,47.645948,0.368444,0.631556,-0.731450,-0.389830,-0.515698
26.668890,48.299569,46.145188,49.331126,48.144761,0.372375,0.627625,-2.154381,1.031557,-0.154808
26.678893,48.449938,49.490823,47.271515,48.099577,0.373117,0.626883,1.040885,-1.178423,-0.350361
26.688896,48.581519,49.656403,47.757440,48.490885,0.386235,0.613765,1.074884,-0.824079,-0.090634
26.698900,48.721121,46.125727,49.183081,48.061433,0.366869,0.633131,-2.595394,0.461960,-0.659689
26.708903,48.869829,50.870657,49.828109,50.214844,0.370952,0.629048,2.000829,0.958280,1.345016
26.718906,49.007787,52.753910,50.352911,51.238769,0.368954,0.631046,3.746123,1.345124,2.230982
26.728910,49.154200,49.223210,51.037755,50.340878,0.384051,0.615949,0.069010,1.883554,1.186677
26.738913,49.304227,48.342556,49.223291,48.884393,0.384790,0.615210,-0.961671,-0.080936,-0.419834
26.748916,49.445871,53.682367,50.878205,51.862794,0.351117,0.648883,4.236496,1.432334,2.416923
26.758920,49.572104,47.593651,49.161338,48.593094,0.362473,0.637527,-1.978453,-0.410766,-0.979009
26.768923,49.668644,49.698804,50.751154,50.367142,0.364909,0.635091,0.030160,1.082510,0.698498
26.778926,49.770237,50.039670,50.019223,50.026653,0.363381,0.636619,0.269433,0.248987,0.256417
26.788930,49.848154,51.865875,50.382967,50.918397,0.361067,0.638933,2.017721,0.534813,1.070243
26.798933,49.927345,50.466954,50.435555,50.446604,0.351901,0.648099,0.539608,0.508209,0.519259
26.808936,50.002426,49.254476,48.076780,48.505525,0.364054,0.635946,-0.747951,-1.925646,-1.496901
26.818940,50.087545,48.660768,48.738599,48.709963,0.367922,0.632078,-1.426777,-1.348946,-1.377582
26.828943,50.167962,49.655229,50.291012,50.053456,0.373644,0.626356,-0.512733,0.123050,-0.114506
26.838946,50.243277,48.732886,48.218542,48.410203,0.372632,0.627368,-1.510391,-2.024735,-1.833074
26.848950,50.329419,50.401157,51.326873,50.984024,0.370361,0.629639,0.071738,0.997453,0.654604
26.858953,50.420415,49.574121,51.466282,50.759913,0.373313,0.626687,-0.846294,1.045867,0.339498
26.868956,50.515971,48.274915,50.908576,50.005677,0.342830,0.657170,-2.241057,0.392605,-0.510294
26.878960,50.618375,52.501094,49.273014,50.427746,0.357715,0.642285,1.882719,-1.345361,-0.190629
26.888963,50.697541,49.951032,52.353708,51.519252,0.347303,0.652697,-0.746509,1.656167,0.821711
26.898966,50.787900,48.885695,53.232553,51.774966,0.335320,0.664680,-1.902205,2.444653,0.987065
26.908970,50.887266,50.634877,51.063758,50.922481,0.329407,0.670593,-0.252389,0.176492,0.035216
26.918973,50.971182,51.073740,51.583825,51.417248,0.326566,0.673434,0.102557,0.612642,0.446066
26.928976,51.051270,48.431570,51.293356,50.399966,0.312179,0.687821,-2.619700,0.242086,-0.651303
26.938980,51.130607,51.628079,51.767050,51.718743,0.347603,0.652397,0.497472,0.636443,0.588136
26.948983,51.207769,49.637033,51.064298,50.583484,0.336878,0.663122,-1.570736,-0.143471,-0.624285
26.958986,51.289784,53.856327,51.248307,52.137028,0.340765,0.659235,2.566543,-0.041477,0.847244
26.968990,51.393106,52.179047,52.479967,52.377849,0.339352,0.660648,0.785941,1.086861,0.984743
26.978993,51.512447,50.912597,54.327196,53.255456,0.313870,0.686130,-0.599850,2.814749,1.743009
26.988996,51.611867,50.494115,49.931781,50.110152,0.317196,0.682804,-1.117752,-1.680085,-1.501715
26.999000,51.720419,51.562967,51.595844,51.585542,0.313328,0.686672,-0.157452,-0.124575,-0.134876
27.009003,51.848687,52.767873,50.432135,51.160302,0.311751,0.688249,0.919186,-1.416553,-0.688385
27.019006,51.982501,51.944260,53.892931,53.311333,0.298459,0.701541,-0.038241,1.910430,1.328831
27.029010,52.132413,51.806674,51.427127,51.542227,0.303257,0.696743,-0.325738,-0.705286,-0.590185
27.039013,52.312208,52.399764,50.580367,51.158565,0.317796,0.682204,0.087555,-1.731841,-1.153643
27.049016,52.507000,51.601211,53.272824,52.761795,0.305710,0.694290,-0.905788,0.765824,0.254795
27.059020,52.705141,52.190332,54.798315,53.983722,0.312346,0.687654,-0.514809,2.093173,1.278581
27.069023,52.918563,49.789874,53.714880,52.569297,0.291868,0.708132,-3.128689,0.796317,-0.349266
27.079026,53.133731,54.594320,53.379489,53.725516,0.284836,0.715164,1.460589,0.245757,0.591785
27.089030,53.348827,53.797024,53.839797,53.827448,0.288697,0.711303,0.448197,0.490969,0.478621
27.099033,53.558222,52.398039,55.256031,54.452195,0.281259,0.718741,-1.160184,1.697809,0.893972
27.109036,53.790650,56.638752,52.741611,53.866980,0.288768,0.711232,2.848102,-1.049039,0.076331
27.119040,54.010336,54.140861,53.876119,53.953057,0.290614,0.709386,0.130525,-0.134217,-0.057279
27.129043,54.252568,52.698353,53.709340,53.425371,0.280883,0.719117,-1.554215,-0.543228,-0.827197
27.139046,54.501814,55.786920,53.100375,53.876088,0.288740,0.711260,1.285106,-1.401438,-0.625725
27.149050,54.729571,55.326644,54.335521,54.635896,0.303065,0.696935,0.597072,-0.394050,-0.093676
27.159053,54.962388,55.554258,56.291654,56.065766,0.306332,0.693668,0.591870,1.329265,1.103378
27.169056,55.163239,54.524606,55.843162,55.424130,0.317796,0.682204,-0.638633,0.679923,0.260891
27.179060,55.373071,56.048814,56.146243,56.116130,0.309080,0.690920,0.675744,0.773173,0.743059
27.189063,55.595761,55.203124,55.771532,55.600109,0.301584,0.698416,-0.392637,0.175771,0.004348
27.199066,55.809121,56.643033,56.437110,56.502266,0.316408,0.683592,0.833912,0.627989,0.693144
27.209070,56.023907,53.166491,55.063199,54.481156,0.306870,0.693130,-2.857417,-0.960708,-1.542751
27.219073,56.267577,55.616766,55.896165,55.810470,0.306711,0.693289,-0.650810,-0.371412,-0.457106
27.229076,56.503172,59.086405,56.733577,57.455983,0.307037,0.692963,2.583233,0.230405,0.952811
27.239080,56.722413,55.571812,57.055432,56.600355,0.306734,0.693266,-1.150601,0.333019,-0.122058
27.249083,56.963440,56.057683,57.347666,56.950831,0.307628,0.692372,-0.905757,0.384225,-0.012609
27.259086,57.233424,56.561482,57.067422,56.909524,0.312087,0.687913,-0.671942,-0.166002,-0.323900
27.269090,57.502924,55.680714,57.050016,56.629566,0.307054,0.692946,-1.822209,-0.452908,-0.873358
27.279093,57.787056,54.474635,61.576382,59.376058,0.309828,0.690172,-3.312421,3.789326,1.589002
27.289096,58.090742,57.744863,59.178887,58.738553,0.307062,0.692938,-0.345880,1.088145,0.647811
27.299100,58.382684,58.586473,58.878461,58.789418,0.304954,0.695046,0.203789,0.495777,0.406734
27.309103,58.666762,58.588004,58.386912,58.447298,0.300289,0.699711,-0.078758,-0.279850,-0.219464
27.319106,58.968735,58.751417,58.427273,58.524650,0.300412,0.699588,-0.217318,-0.541463,-0.444086
27.329110,59.295380,59.359941,59.138419,59.205262,0.301746,0.698254,0.064561,-0.156961,-0.090117
27.339113,59.629814,61.164076,59.981209,60.334173,0.298397,0.701603,1.534262,0.351395,0.704359
27.349116,59.950382,59.664713,57.693860,58.298541,0.306812,0.693188,-0.285669,-2.256523,-1.651841
27.359120,60.300115,59.438991,58.416848,58.737121,0.313335,0.686665,-0.861124,-1.883268,-1.562994
27.369123,60.641184,60.219496,59.876925,59.987376,0.322417,0.677583,-0.421688,-0.764259,-0.653808
27.379126,60.976544,61.845564,61.225111,61.423687,0.320050,0.679950,0.869020,0.248567,0.447143
27.389130,61.316368,63.434408,61.029240,61.809844,0.324552,0.675448,2.118040,-0.287128,0.493476
27.399133,61.678825,60.736609,63.452570,62.557447,0.329579,0.670421,-0.942216,1.773745,0.878622
27.409136,62.053367,62.201767,60.274490,60.924222,0.337124,0.662876,0.148401,-1.778876,-1.129145
27.419140,62.433382,62.940918,61.531768,62.013318,0.341731,0.658269,0.507536,-0.901615,-0.420064
27.429143,62.819587,61.330720,64.643697,63.468331,0.354776,0.645224,-1.488867,1.824110,0.648744
27.439146,63.205672,63.236298,63.363015,63.317984,0.355371,0.644629,0.030626,0.157343,0.112312
27.449150,63.599357,61.400846,64.661168,63.504653,0.354724,0.645276,-2.198511,1.061811,-0.094704
27.459153,63.954311,61.300736,66.415808,64.621138,0.350859,0.649141,-2.653575,2.461496,0.666826
27.469156,64.304107,64.854226,63.471541,63.957367,0.351364,0.648636,0.550120,-0.832565,-0.346740
27.479160,64.656822,64.081010,64.537645,64.381107,0.342807,0.657193,-0.575812,-0.119177,-0.275715
27.489163,64.991567,65.294988,64.664655,64.879178,0.340334,0.659666,0.303421,-0.326912,-0.112389
27.499166,65.331437,65.304595,62.985926,63.799306,0.350796,0.649204,-0.026842,-2.345512,-1.532131
27.509170,65.667561,64.202960,65.295084,64.923678,0.340077,0.659923,-1.464600,-0.372476,-0.743882
27.519173,66.029344,65.961462,67.086618,66.704236,0.339848,0.660152,-0.067881,1.057275,0.674892
27.529176,66.413999,64.564347,67.062706,66.230812,0.332976,0.667024,-1.849652,0.648707,-0.183186
27.539180,66.790897,68.877356,67.533797,67.971627,0.325873,0.674127,2.086459,0.742900,1.180730
27.549183,67.164780,65.130824,66.714169,66.201376,0.323867,0.676133,-2.033956,-0.450611,-0.963404
27.559186,67.536805,67.243127,66.749488,66.909258,0.323656,0.676344,-0.293678,-0.787317,-0.627547
27.569190,67.901311,66.337904,69.424418,68.389517,0.335298,0.664702,-1.563407,1.523107,0.488206
27.579193,68.268014,69.123646,67.671234,68.156957,0.334426,0.665574,0.855632,-0.596781,-0.111057
27.589196,68.622609,68.125462,68.975508,68.693854,0.331339,0.668661,-0.497147,0.352898,0.071245
27.599200,68.959536,68.181536,69.155537,68.835124,0.328966,0.671034,-0.778000,0.196002,-0.124411
27.609203,69.305129,70.584932,71.059190,70.904350,0.326488,0.673512,1.279802,1.754060,1.599221
27.619206,69.659474,69.703620,70.825169,70.461617,0.324152,0.675848,0.044146,1.165695,0.802143
27.629210,70.001046,70.776013,68.446736,69.231307,0.336830,0.663170,0.774967,-1.554310,-0.769739
27.639213,70.355365,68.883376,68.930301,68.914725,0.331939,0.668061,-1.471989,-1.425064,-1.440640
27.649216,70.699502,68.592277,71.394194,70.493727,0.321375,0.678625,-2.107225,0.694692,-0.205775
27.659220,71.046748,71.207560,70.969543,71.045850,0.320595,0.679405,0.160812,-0.077205,-0.000898
27.669223,71.405604,70.927335,70.859398,70.881336,0.322916,0.677084,-0.478270,-0.546206,-0.524268
27.679226,71.763239,72.702891,72.981992,72.891848,0.322982,0.677018,0.939652,1.218753,1.128609
27.689230,72.126979,72.007117,72.351931,72.240494,0.323180,0.676820,-0.119863,0.224951,0.113514
27.699233,72.482246,72.789859,72.545195,72.624366,0.323593,0.676407,0.307613,0.062949,0.142120
27.709236,72.833855,70.398781,73.769649,72.695616,0.318622,0.681378,-2.435074,0.935794,-0.138239
27.719240,73.181673,76.014328,72.731542,73.796262,0.324334,0.675666,2.832655,-0.450131,0.614589
27.729243,73.517597,73.271234,75.399819,74.714187,0.322107,0.677893,-0.246363,1.882223,1.196590
27.739246,73.850197,74.896577,72.904540,73.571935,0.335032,0.664968,1.046380,-0.945657,-0.278261
27.749250,74.158902,72.904765,74.947217,74.271958,0.330612,0.669388,-1.254138,0.788315,0.113055
27.759253,74.459623,74.921638,76.180223,75.764398,0.330391,0.669609,0.462015,1.720599,1.304775
27.769256,74.755470,72.801203,73.102715,73.000684,0.338399,0.661601,-1.954267,-1.652755,-1.754786
27.779260,75.046882,75.724984,74.634880,75.020470,0.353719,0.646281,0.678102,-0.412002,-0.026412
27.789263,75.334089,74.800127,76.704737,76.041058,0.348459,0.651541,-0.533961,1.370649,0.706970
27.799266,75.619794,75.663580,77.008488,76.547118,0.343050,0.656950,0.043786,1.388693,0.927323
27.809270,75.912120,76.959081,75.706326,76.143547,0.349007,0.650993,1.046961,-0.205795,0.231426
27.819273,76.216980,74.368169,75.335374,75.002104,0.344571,0.655429,-1.848810,-0.881605,-1.214876
27.829276,76.511483,75.484745,77.658606,76.932957,0.333807,0.666193,-1.026738,1.147123,0.421474
27.839280,76.787348,77.473335,78.207607,77.966617,0.328203,0.671797,0.685986,1.420259,1.179269
27.849283,77.047032,80.194364,75.649436,77.167569,0.334028,0.665972,3.147332,-1.397596,0.120537
27.859286,77.298888,77.091765,75.854192,76.269813,0.335836,0.664164,-0.207124,-1.444696,-1.029075
27.869290,77.544962,78.431666,77.815270,78.021877,0.335186,0.664814,0.886704,0.270308,0.476915
27.879293,77.778993,77.618536,78.534226,78.232696,0.329292,0.670708,-0.160457,0.755233,0.453703
27.889296,77.993115,80.906483,77.634232,78.734351,0.336196,0.663804,2.913368,-0.358883,0.741236
27.899300,78.199967,75.579134,79.015119,77.915195,0.320119,0.679881,-2.620833,0.815153,-0.284771
27.909303,78.409126,78.551057,77.556962,77.867981,0.312867,0.687133,0.141932,-0.852164,-0.541144
27.919306,78.626792,76.188476,76.089160,76.120222,0.312759,0.687241,-2.438316,-2.537632,-2.506570
27.929310,78.835662,75.075805,78.326981,77.349238,0.300735,0.699265,-3.759857,-0.508681,-1.486424
27.939313,79.037919,79.484112,79.113798,79.225750,0.302317,0.697683,0.446193,0.075879,0.187831
27.949316,79.225871,79.435118,78.894863,79.067406,0.319373,0.680627,0.209247,-0.331008,-0.158465
27.959320,79.412976,78.985720,78.022652,78.359643,0.349914,0.650086,-0.427255,-1.390324,-1.053333
27.969323,79.586980,79.427689,77.408201,78.137441,0.361102,0.638898,-0.159291,-2.178779,-1.449539
27.979326,79.769233,84.416682,79.152326,81.134172,0.376465,0.623535,4.647449,-0.616907,1.364939
27.989330,79.924333,79.537070,81.001520,80.470724,0.362454,0.637546,-0.387263,1.077187,0.546391
27.999333,80.073729,80.838915,81.581166,81.334268,0.332635,0.667365,0.765187,1.507437,1.260539
28.009336,80.227342,79.253295,81.652598,80.878570,0.322605,0.677395,-0.974047,1.425256,0.651228
28.019340,80.383406,80.826255,79.404315,79.884281,0.337543,0.662457,0.442849,-0.979091,-0.499125
28.029343,80.579553,80.222203,79.195106,79.566760,0.361849,0.638151,-0.357351,-1.384448,-1.012794
28.039346,80.780555,80.164777,81.376517,80.952715,0.349747,0.650253,-0.615778,0.595962,0.172160
28.049350,80.966094,83.694442,81.728214,82.445481,0.364793,0.635207,2.728348,0.762120,1.479387
28.059353,81.149830,82.915608,81.630034,82.095981,0.362443,0.637557,1.765777,0.480204,0.946150
28.069356,81.306555,81.511675,78.889679,79.869796,0.373806,0.626194,0.205120,-2.416876,-1.436759
28.079360,81.461758,78.005440,80.421496,79.533792,0.367419,0.632581,-3.456318,-1.040262,-1.927965
28.089363,81.604154,81.062640,81.568527,81.383503,0.365742,0.634258,-0.541514,-0.035627,-0.220651
28.099366,81.759996,85.814537,82.344658,83.526387,0.340568,0.659432,4.054541,0.584662,1.766391
28.109370,81.907284,81.561291,82.828052,82.395596,0.341388,0.658612,-0.345992,0.920769,0.488312
28.119373,82.052525,83.707351,82.225629,82.718039,0.332323,0.667677,1.654826,0.173104,0.665514
28.129376,82.187942,84.350856,82.584883,83.154442,0.322519,0.677481,2.162914,0.396941,0.966500
28.139380,82.349172,82.677618,82.451010,82.521736,0.312105,0.687895,0.328446,0.101839,0.172564
28.149383,82.505260,81.242528,83.328004,82.681516,0.309995,0.690005,-1.262732,0.822743,0.176255
28.159386,82.688525,79.035556,83.063964,81.829239,0.306504,0.693496,-3.652968,0.375439,-0.859285
28.169390,82.883635,83.909880,82.962520,83.246537,0.299798,0.700202,1.026245,0.078885,0.362902
28.179393,83.085586,81.863452,82.763544,82.493368,0.300165,0.699835,-1.222134,-0.322043,-0.592219
28.189396,83.292664,83.556890,83.390214,83.439851,0.297804,0.702196,0.264226,0.097550,0.147186
28.199400,83.505235,81.630505,84.086745,83.345738,0.301683,0.698317,-1.874731,0.581510,-0.159497
28.209403,83.688466,83.290610,84.009437,83.793063,0.301010,0.698990,-0.397856,0.320970,0.104596
28.219406,83.867147,83.917726,84.324139,84.198020,0.310322,0.689678,0.050579,0.456992,0.330873
28.229410,84.058148,84.461039,85.669414,85.292845,0.311633,0.688367,0.402890,1.611266,1.234697
28.239413,84.248034,82.575801,84.566231,83.982277,0.293381,0.706619,-1.672233,0.318197,-0.265757
28.249416,84.416462,86.211828,83.637664,84.424729,0.305756,0.694244,1.795366,-0.778798,0.008268
28.259420,84.583767,83.688425,85.644095,85.045924,0.305865,0.694135,-0.895342,1.060328,0.462157
28.269423,84.776299,82.264595,83.136861,82.868572,0.307577,0.692423,-2.511704,-1.639438,-1.907727
28.279426,84.987149,84.823614,83.689453,84.040692,0.309690,0.690310,-0.163535,-1.297696,-0.946458
28.289430,85.196648,85.248211,85.599664,85.492461,0.305030,0.694970,0.051563,0.403017,0.295813
28.299433,85.419999,85.660883,86.039675,85.925915,0.300324,0.699676,0.240884,0.619676,0.505916
28.309436,85.637406,87.680605,84.143345,85.176862,0.292180,0.707820,2.043199,-1.494061,-0.460544
28.319440,85.828820,85.474147,85.369439,85.399907,0.290982,0.709018,-0.354673,-0.459381,-0.428913
28.329443,86.005984,85.826555,85.278684,85.433707,0.282955,0.717045,-0.179429,-0.727301,-0.572278
28.339446,86.206238,84.551461,85.622226,85.322239,0.280162,0.719838,-1.654777,-0.584012,-0.883999
28.349450,86.401981,87.632811,87.534298,87.563670,0.298159,0.701841,1.230830,1.132317,1.161690
28.359453,86.593681,86.870145,87.441488,87.268329,0.303074,0.696926,0.276464,0.847807,0.674648
28.369456,86.780501,86.150459,86.757554,86.570651,0.307865,0.692135,-0.630042,-0.022947,-0.209850
28.379460,86.995509,84.138497,86.340355,85.673879,0.302688,0.697312,-2.857012,-0.655154,-1.321630
28.389463,87.234477,89.401095,85.614897,86.787169,0.309617,0.690383,2.166618,-1.619580,-0.447307
28.399466,87.506248,85.664728,89.210470,88.085412,0.317298,0.682702,-1.841520,1.704222,0.579165
28.409470,87.775090,86.888173,88.485626,87.993563,0.308030,0.691970,-0.886917,0.710537,0.218473
28.419473,88.047828,88.585345,87.199826,87.627503,0.308677,0.691323,0.537517,-0.848003,-0.420325
28.429476,88.297272,86.502435,89.160791,88.291341,0.327063,0.672937,-1.794837,0.863519,-0.005931
28.439480,88.568371,86.328106,88.484102,87.804284,0.315315,0.684685,-2.240265,-0.084268,-0.764087
28.449483,88.821411,85.635489,88.476879,87.624995,0.299813,0.700187,-3.185921,-0.344531,-1.196416
28.459486,89.077196,90.158691,89.599450,89.763659,0.293629,0.706371,1.081495,0.522254,0.686463
28.469490,89.316010,88.498231,88.426212,88.446394,0.280227,0.719773,-0.817779,-0.889798,-0.869616
28.479493,89.545514,93.936419,89.133006,90.433634,0.270772,0.729228,4.390905,-0.412508,0.888121
28.489496,89.761999,88.270467,89.907753,89.467716,0.268760,0.731240,-1.491533,0.145753,-0.294284
28.499500,89.968934,88.586757,89.369593,89.162908,0.264021,0.735979,-1.382177,-0.599341,-0.806026
28.509503,89.832632,88.984543,90.635534,90.201211,0.263068,0.736932,-0.848089,0.802902,0.368579
28.519507,89.626371,89.991073,91.869251,91.384586,0.258051,0.741949,0.364702,2.242880,1.758215
28.529510,89.433023,88.727718,88.527865,88.579468,0.258204,0.741796,-0.705305,-0.905158,-0.853555
28.539513,89.223488,90.141986,87.225337,88.055459,0.284615,0.715385,0.918498,-1.998150,-1.168029
28.549517,89.017680,87.549798,86.615592,86.897981,0.302277,0.697723,-1.467883,-2.402088,-2.119700
28.559520,88.830554,86.758166,88.649992,88.098399,0.291566,0.708434,-2.072388,-0.180562,-0.732155
28.569523,88.636103,85.938781,87.840306,87.328409,0.269204,0.730796,-2.697322,-0.795798,-1.307695
28.579527,88.431273,85.095912,88.680706,87.737538,0.263103,0.736897,-3.335361,0.249433,-0.693736
28.589530,88.223395,87.446291,88.382512,88.134783,0.264605,0.735395,-0.777104,0.159117,-0.088612
28.599533,88.033628,87.582158,86.109768,86.529910,0.285347,0.714653,-0.451470,-1.923860,-1.503718
28.609537,87.847153,86.899997,85.669292,86.052607,0.311459,0.688541,-0.947156,-2.177861,-1.794546
28.619540,87.653082,89.518191,88.008202,88.484546,0.315462,0.684538,1.865109,0.355120,0.831464
28.629543,87.466657,89.308703,87.629172,88.169723,0.321846,0.678154,1.842045,0.162515,0.703065
28.639547,87.264071,86.761867,86.753090,86.755939,0.324623,0.675377,-0.502204,-0.510982,-0.508132
28.649550,87.072111,84.381229,85.083539,84.847199,0.336518,0.663482,-2.690882,-1.988572,-2.224912
28.659553,86.886663,86.036606,87.452333,86.953291,0.352498,0.647502,-0.850058,0.565670,0.066628
28.669557,86.696970,85.797238,88.223249,87.408167,0.335976,0.664024,-0.899732,1.526279,0.711197
28.679560,86.495077,85.509374,86.828656,86.388081,0.333951,0.666049,-0.985702,0.333579,-0.106996
28.689563,86.280287,85.233709,85.263318,85.253274,0.339241,0.660759,-1.046578,-1.016969,-1.027013
28.699567,86.073949,85.093755,86.127412,85.766755,0.348914,0.651086,-0.980194,0.053463,-0.307195
28.709570,85.886459,85.306647,84.247122,84.635924,0.366959,0.633041,-0.579812,-1.639337,-1.250535
28.719573,85.689784,84.736473,86.959337,86.163949,0.357821,0.642179,-0.953312,1.269553,0.474165
28.729577,85.500378,85.812862,85.598592,85.677215,0.366936,0.633064,0.312484,0.098213,0.176837
28.739580,85.280046,85.820599,83.158258,84.234666,0.404309,0.595691,0.540553,-2.121788,-1.045380
28.749583,85.051385,83.685417,84.690576,84.304040,0.384552,0.615448,-1.365968,-0.360809,-0.747345
28.759587,84.822715,86.729313,85.378677,85.920490,0.401153,0.598847,1.906598,0.555962,1.097774
28.769590,84.580858,83.110765,84.181201,83.754893,0.398256,0.601744,-1.470093,-0.399657,-0.825965
28.779593,84.325437,81.898736,83.994362,83.214183,0.372289,0.627711,-2.426701,-0.331075,-1.111254
28.789597,84.060509,84.631677,82.591227,83.384177,0.388615,0.611385,0.571167,-1.469283,-0.676333
28.799600,83.800495,82.574383,84.480344,83.757740,0.379129,0.620871,-1.226112,0.679849,-0.042755
28.809603,83.538191,84.020128,82.760028,83.212266,0.358890,0.641110,0.481937,-0.778163,-0.325925
28.819607,83.242837,79.637335,80.655103,80.297932,0.350936,0.649064,-3.605503,-2.587734,-2.944906
28.829610,82.916264,85.004948,82.470756,83.351811,0.347667,0.652333,2.088684,-0.445509,0.435546
28.839613,82.581242,83.589682,83.758621,83.700517,0.343936,0.656064,1.008440,1.177380,1.119275
28.849617,82.253754,80.003039,81.789439,81.198941,0.330552,0.669448,-2.250715,-0.464315,-1.054814
28.859620,81.885709,79.667543,83.971291,82.631830,0.311231,0.688769,-2.218166,2.085582,0.746121
28.869623,81.510904,84.019303,82.025666,82.649363,0.312844,0.687156,2.508399,0.514762,1.138459
28.879627,81.128955,80.022885,81.535465,81.062642,0.312594,0.687406,-1.106070,0.406510,-0.066314
28.889630,80.768595,79.517318,80.614517,80.315566,0.272468,0.727532,-1.251277,-0.154078,-0.453029
28.899633,80.403180,77.004102,80.321237,79.414998,0.273199,0.726801,-3.399078,-0.081943,-0.988183
28.909637,80.044241,79.518074,79.728133,79.669303,0.280063,0.719937,-0.526167,-0.316108,-0.374938
28.919640,79.688139,79.346559,79.325416,79.331049,0.266448,0.733552,-0.341579,-0.362723,-0.357090
28.929643,79.300790,80.374030,79.937831,80.059768,0.279544,0.720456,1.073240,0.637041,0.758977
28.939647,78.925740,76.827122,77.802742,77.519996,0.289812,0.710188,-2.098618,-1.122997,-1.405743
28.949650,78.554670,76.274240,77.263597,76.958548,0.308330,0.691670,-2.280430,-1.291073,-1.596122
28.959653,78.191966,78.868410,76.844132,77.492454,0.320273,0.679727,0.676444,-1.347834,-0.699512
28.969657,77.888882,79.398977,80.343667,80.046215,0.314867,0.685133,1.510095,2.454785,2.157333
28.979660,77.555141,75.198413,78.191553,77.319938,0.291204,0.708796,-2.356729,0.636411,-0.235203
28.989663,77.247939,78.870210,77.613330,77.992267,0.301490,0.698510,1.622271,0.365391,0.744328
28.999667,76.937040,76.993353,75.668022,76.086126,0.315471,0.684529,0.056313,-1.269018,-0.850914
29.009670,76.631072,78.268780,77.379083,77.666747,0.323328,0.676672,1.637708,0.748011,1.035675
29.019673,76.325034,76.219703,76.185148,76.196389,0.325300,0.674700,-0.105331,-0.139886,-0.128645
29.029677,76.013244,72.229827,76.270246,75.061420,0.299183,0.700817,-3.783417,0.257003,-0.951824
29.039680,75.693530,75.465579,74.521585,74.798180,0.293005,0.706995,-0.227951,-1.171944,-0.895350
29.049683,75.379398,76.969614,75.571720,75.968699,0.283983,0.716017,1.590216,0.192323,0.589301
29.059687,75.043137,73.702518,74.534536,74.293969,0.289137,0.710863,-1.340619,-0.508600,-0.749167
29.069690,74.718807,74.136859,73.800073,73.901519,0.301218,0.698782,-0.581947,-0.918733,-0.817287
29.079693,74.388882,74.124682,75.269810,74.904934,0.318633,0.681367,-0.264200,0.880928,0.516052
29.089697,74.042667,69.693396,72.197418,71.420195,0.310390,0.689610,-4.349271,-1.845249,-2.622472
29.099700,73.690394,76.197415,74.368125,74.913604,0.298191,0.701809,2.507021,0.677732,1.223210
29.109703,73.357682,72.005619,74.179066,73.579235,0.275981,0.724019,-1.352064,0.821383,0.221552
29.119707,73.017606,73.776210,71.962034,72.470197,0.280107,0.719893,0.758603,-1.055572,-0.547410
29.129710,72.683587,72.553536,71.699193,71.939106,0.280816,0.719184,-0.130052,-0.984394,-0.744481
29.139713,72.339272,74.225701,72.071641,72.681937,0.283323,0.716677,1.886429,-0.267631,0.342665
29.149717,72.007014,72.616098,72.345458,72.420846,0.278554,0.721446,0.609084,0.338443,0.413831
29.159720,71.685703,71.333317,71.502277,71.454492,0.282822,0.717178,-0.352386,-0.183426,-0.231212
29.169723,71.392764,70.052492,71.913039,71.385962,0.283292,0.716708,-1.340273,0.520275,-0.006803
29.179727,71.097778,72.294554,73.213353,72.946367,0.290582,0.709418,1.196776,2.115576,1.848589
29.189730,70.813411,68.003249,70.204151,69.592447,0.277933,0.722067,-2.810162,-0.609260,-1.220964
29.199733,70.531084,71.499920,68.472868,69.370379,0.296497,0.703503,0.968836,-2.058216,-1.160705
29.209737,70.268760,68.620192,71.259868,70.521414,0.279752,0.720248,-1.648567,0.991108,0.252654
29.219740,69.996177,71.874603,72.016155,71.975246,0.289003,0.710997,1.878425,2.019977,1.979068
29.229743,69.735316,69.977265,70.206638,70.140584,0.287977,0.712023,0.241949,0.471322,0.405268
29.239747,69.472055,70.438241,68.166756,68.805234,0.281084,0.718916,0.966186,-1.305298,-0.666821
29.249750,69.208358,69.331341,69.059687,69.137143,0.285127,0.714873,0.122983,-0.148671,-0.071215
29.259753,68.946565,66.317999,67.604336,67.245763,0.278755,0.721245,-2.628566,-1.342228,-1.700801
29.269757,68.689079,67.397985,69.460505,68.886913,0.278102,0.721898,-1.291094,0.771427,0.197835
29.279760,68.430364,69.438948,66.808816,67.583879,0.294686,0.705314,1.008584,-1.621548,-0.846485
29.289763,68.175388,68.425371,67.815233,67.991190,0.288388,0.711612,0.249984,-0.360155,-0.184198
29.299767,67.944593,69.716078,66.739388,67.632444,0.300017,0.699983,1.771485,-1.205205,-0.312149
29.309770,67.729042,68.333953,67.881231,68.016817,0.299490,0.700510,0.604912,0.152190,0.287775
29.319773,67.526959,66.076906,67.087349,66.788968,0.295297,0.704703,-1.450053,-0.439610,-0.737990
29.329777,67.318447,66.124351,67.530561,67.121282,0.291051,0.708949,-1.194096,0.212115,-0.197165
29.339780,67.097013,67.251389,67.123834,67.161239,0.293245,0.706755,0.154376,0.026821,0.064226
29.349783,66.890352,63.419286,65.706361,65.048543,0.287624,0.712376,-3.471066,-1.183991,-1.841809
29.359787,66.697245,69.207408,67.449498,67.969887,0.296027,0.703973,2.510163,0.752252,1.272642
29.369790,66.526615,67.189235,66.468096,66.683901,0.299256,0.700744,0.662620,-0.058519,0.157286
29.379793,66.347265,68.187817,65.161030,66.098340,0.309671,0.690329,1.840552,-1.186235,-0.248926
29.389797,66.164832,63.793926,68.853943,67.258023,0.315398,0.684602,-2.370906,2.689112,1.093192
29.399800,65.958170,67.825018,66.529887,66.962651,0.334147,0.665853,1.866848,0.571716,1.004481
29.409803,65.746036,69.093284,65.562123,66.740109,0.333598,0.666402,3.347248,-0.183913,0.994074
29.419807,65.549273,63.567956,67.247519,66.029898,0.330915,0.669085,-1.981318,1.698245,0.480624
29.429810,65.345907,66.503010,67.556086,67.203172,0.335127,0.664873,1.157103,2.210179,1.857264
29.439813,65.152555,65.154220,64.978136,65.038029,0.340140,0.659860,0.001665,-0.174419,-0.114526
29.449817,64.956733,62.640082,65.373610,64.460058,0.334203,0.665797,-2.316651,0.416877,-0.496675
29.459820,64.766162,65.505488,63.580559,64.222783,0.333635,0.666365,0.739326,-1.185603,-0.543379
29.469823,64.558758,65.809162,64.382126,64.851674,0.329037,0.670963,1.250405,-0.176631,0.292916
29.479827,64.353046,63.451356,64.114171,63.891535,0.335895,0.664105,-0.901690,-0.238875,-0.461511
29.489830,64.102879,65.851753,64.324671,64.838515,0.336488,0.663512,1.748875,0.221792,0.735637
29.499833,63.850408,61.350263,64.249721,63.325805,0.318651,0.681349,-2.500145,0.399313,-0.524603
29.509837,63.573986,61.331851,64.245780,63.358109,0.304630,0.695370,-2.242134,0.671794,-0.215877
29.519840,63.316206,63.521102,63.601377,63.577009,0.303559,0.696441,0.204896,0.285171,0.260803
29.529843,63.070603,63.108681,61.617712,62.107900,0.328771,0.671229,0.038078,-1.452891,-0.962703
29.539847,62.832491,61.757631,61.706330,61.723093,0.326753,0.673247,-1.074860,-1.126161,-1.109398
29.549850,62.617670,63.832062,61.961981,62.579331,0.330119,0.669881,1.214392,-0.655689,-0.038339
29.559853,62.389046,63.185387,62.050357,62.432992,0.337114,0.662886,0.796341,-0.338689,0.043946
29.569857,62.187089,63.474298,63.448018,63.456897,0.337880,0.662120,1.287209,1.260929,1.269808
29.579860,61.999519,61.814814,60.603992,61.017063,0.341149,0.658851,-0.184705,-1.395527,-0.982456
29.589863,61.808775,62.712646,61.379877,61.823044,0.332516,0.667484,0.903870,-0.428898,0.014268
29.599867,61.635448,60.966972,62.779059,62.130110,0.358122,0.641878,-0.668475,1.143611,0.494662
29.609870,61.445873,64.526601,61.086020,62.189544,0.320738,0.679262,3.080728,-0.359853,0.743671
29.619873,61.244309,60.025490,61.796808,61.199803,0.337040,0.662960,-1.218819,0.552499,-0.044506
29.629877,61.034019,64.191965,60.866569,61.928391,0.319307,0.680693,3.157946,-0.167450,0.894372
29.639880,60.816216,60.868547,61.124355,61.038548,0.335437,0.664563,0.052332,0.308140,0.222332
29.649883,60.582999,58.519733,60.308832,59.699992,0.340306,0.659694,-2.063266,-0.274167,-0.883008
29.659887,60.368595,62.420714,61.169074,61.585790,0.332936,0.667064,2.052119,0.800479,1.217195
29.669890,60.150738,60.339590,58.296670,58.952990,0.321266,0.678734,0.188852,-1.854068,-1.197748
29.679893,59.938603,61.215289,59.502629,60.022200,0.303371,0.696629,1.276686,-0.435974,0.083597
29.689897,59.718338,61.554122,60.074225,60.507828,0.292995,0.707005,1.835784,0.355887,0.789490
29.699900,59.471204,59.978137,60.111638,60.071443,0.301087,0.698913,0.506933,0.640434,0.600239
29.709903,59.228615,58.340254,61.020158,60.208069,0.303029,0.696971,-0.888361,1.791543,0.979454
29.719907,58.957827,60.421397,58.488598,59.049282,0.290089,0.709911,1.463570,-0.469230,0.091455
29.729910,58.686552,58.687685,60.461930,59.934630,0.297197,0.702803,0.001133,1.775378,1.248078
29.739913,58.395294,59.424081,57.604466,58.153445,0.301700,0.698300,1.028787,-0.790829,-0.241850
29.749917,58.134428,54.903833,59.728804,58.230762,0.310477,0.689523,-3.230596,1.594376,0.096333
29.759920,57.887755,58.558227,58.868715,58.772581,0.309622,0.690378,0.670473,0.980961,0.884827
29.769923,57.643161,56.685282,56.547010,56.589091,0.304333,0.695667,-0.957879,-1.096150,-1.054070
29.779927,57.418011,59.897976,57.786458,58.419735,0.299915,0.700085,2.479964,0.368447,1.001723
29.789930,57.180617,58.115248,57.119134,57.416585,0.298611,0.701389,0.934631,-0.061483,0.235968
29.799933,56.951851,57.311637,57.702552,57.581293,0.310193,0.689807,0.359787,0.750702,0.629443
29.809937,56.726539,57.456003,56.458613,56.766894,0.309087,0.690913,0.729465,-0.267926,0.040355
29.819940,56.505637,55.007976,56.136942,55.789912,0.307387,0.692613,-1.497661,-0.368695,-0.715725
29.829943,56.304263,58.739148,57.947177,58.185642,0.301104,0.698896,2.434885,1.642913,1.881379
29.839947,56.114279,59.101335,55.995814,56.887910,0.287261,0.712739,2.987056,-0.118465,0.773630
29.849950,55.929006,56.518376,56.920713,56.805098,0.287358,0.712642,0.589370,0.991707,0.876092
29.859953,55.719280,58.104886,55.448859,56.208334,0.285944,0.714056,2.385605,-0.270422,0.489054
29.869957,55.495573,54.641851,57.495569,56.635284,0.301461,0.698539,-0.853722,1.999996,1.139711
29.879960,55.270473,54.074802,54.456471,54.337484,0.311754,0.688246,-1.195670,-0.814002,-0.932988
29.889963,55.047223,55.108610,54.310251,54.538883,0.286378,0.713622,0.061387,-0.736972,-0.508340
29.899967,54.807467,55.459879,56.636888,56.282560,0.301041,0.698959,0.652412,1.829421,1.475092
29.909970,54.604366,54.013386,54.070430,54.051941,0.324109,0.675891,-0.590980,-0.533936,-0.552424
29.919973,54.424416,55.231069,56.345705,55.993080,0.316359,0.683641,0.806652,1.921289,1.568663
29.929977,54.253859,54.713443,55.324067,55.137184,0.306052,0.693948,0.459584,1.070209,0.883326
29.939980,54.084723,52.587262,53.899143,53.492693,0.309822,0.690178,-1.497460,-0.185580,-0.592029
29.949983,53.912742,54.690931,51.736790,52.630012,0.302363,0.697637,0.778190,-2.175952,-1.282730
29.959987,53.726826,55.022118,53.703644,54.102462,0.302484,0.697516,1.295292,-0.023182,0.375636
29.969990,53.542444,53.799648,53.664401,53.706133,0.308562,0.691438,0.257204,0.121956,0.163688
29.979993,53.362298,55.091270,54.762959,54.863650,0.306693,0.693307,1.728972,1.400661,1.501352
29.989997,53.163885,51.337779,55.070022,53.832866,0.331478,0.668522,-1.826106,1.906137,0.668981
30.000000,52.970882,53.672808,52.148897,52.636442,0.319930,0.680070,0.701926,-0.821985,-0.334439
